node	degree	length	cluster
s82693	3	736	1
s487	4	45	3
s3134	5	785	1
s140249	2	22	3
s135	3	284	1
s4737	4	115	1
s800	3	165	1
s82603	2	610	1
s143324	2	106	1
s114935	4	1081	1
s81453	4	190	1
s105681	2	90	3
s3712	4	12140	3
s465	3	194	1
s5207	4	49	3
s82125	2	80	1
s105757	2	148	3
s5282	3	524	3
s1510	4	94856	1
s1478	4	60705	3
s4275	3	16	1
s4582	3	2	3
s131933	2	276	1
s120783	2	331	1
s105495	2	157	3
s105072	2	62	1
s81748	3	319	3
s134670	2	291	1
s82498	2	965	1
s5117	4	15141	3
s3913	4	45559	3
s445	3	280	3
s134730	2	38	3
s131886	2	108	3
s2444	4	137781	1
s82702	2	1	1
s2734	5	49614	3
s134702	2	622	1
s121008	4	57	1
s4894	4	331	1
s81576	4	413	1
s114895	2	49	3
s120993	2	137	3
s82816	3	16	3
s105028	3	85	1
s83302	4	142	1
s428	4	69549	3
s2200	4	333597	3
s3768	4	227645	1
s1441	4	85383	1
s4394	3	47	1
s1105	4	40086	3
s81798	2	323	1
s596	2	203	1
s1183	4	317056	1
s2724	2	330	3
s114617	3	35	3
s105721	4	101	1
s104985	2	80	1
s105812	2	81	3
s3483	4	228881	1
s105088	2	1	1
s82066	3	101	1
s121153	2	279	1
s871	3	15	3
s83224	2	41	1
s131892	2	37	1
s2450	4	242721	1
s143426	2	280	1
s138303	2	349	1
s1094	3	4415	3
s138244	2	86	1
s81733	2	55	3
s105782	2	5	3
s768	3	4	1
s2086	2	97	1
s4326	2	1481	1
s2135	2	58	1
s3561	2	57	1
s105242	2	10	1
s114734	2	323	3
s115057	2	724	1
s129054	2	106	1
s134766	2	601	3
s83219	3	21	3
s5167	4	8	1
s3127	4	414	1
s131929	2	2	3
s795	4	174	1
s138260	2	400	3
s82250	3	2	1
s3991	2	64	1
s81421	3	164	1
s75	2	55	3
s82863	2	1	1
s2916	2	116	1
s114579	2	327	3
s4486	2	332	1
s129217	2	1540	1
s105399	2	121	1
s1402	2	8	3
s140510	2	61	3
s105262	2	56	1
s138245	2	66	1
s82156	2	66	1
s137984	2	773	1
s82354	2	264	1
s909	2	379	1
s4898	2	86	1
s129150	2	6063	1
s549	4	1472	1
s134764	2	126	3
s4473	4	204998	3
s105208	2	147	1
s397	4	119	3
s150	2	7	1
s2017	4	9225	3
s146	4	2208	1
s4680	5	1402	1
s138296	2	15	3
s104791	2	6947	3
s120933	2	51	1
s3048	4	15272	1
s125532	2	63	1
s767	4	31825	1
s5019	4	22664	1
s45	3	67	1
s4095	4	168978	3
s395	4	124	3
s105210	2	653	1
s1078	4	12658	1
s5119	4	135	3
s105514	4	11	1
s5037	2	111	3
s129241	2	1624	3
s82667	4	254	1
s139653	2	167	1
s954	4	255885	1
s1498	4	16	3
s83111	2	181	1
s114661	2	453	1
s82756	4	364	1
s5238	2	1	3
s5018	2	120	1
s2338	2	76	1
s1861	4	12291	1
s129166	2	81	1
s105609	3	647	1
s132073	2	270	3
s620	2	84	1
s82961	3	67	3
s104878	2	13	3
s105148	2	1279	1
s3490	4	168062	1
s1044	4	40404	3
s364	5	166	3
s125412	3	22	1
s138241	2	144	1
s81920	2	32	1
s105458	4	49	1
s3976	4	19	3
s114908	2	884	3
s83122	2	64	1
s4437	4	9905	1
s112	4	252	3
s81934	4	190	1
s114989	2	160	3
s114743	3	400	1
s137946	2	70	3
s3318	4	119126	1
s105121	2	71	3
s105554	3	106	3
s105133	2	9	3
s1903	4	93566	3
s1421	4	42841	1
s105704	3	75	1
s81742	3	452	1
s3348	3	2153	3
s81366	3	1247	1
s5008	4	96321	1
s120888	2	61	3
s82450	3	1823	1
s114928	2	207	1
s1415	4	16919	1
s82650	3	169	1
s129	3	112	1
s82807	4	49	1
s121156	2	168	3
s140226	2	1	3
s105223	4	195	1
s105	2	79	1
s105387	2	284	3
s4286	2	7922	1
s131913	2	52	3
s693	4	10833	1
s82114	3	70	1
s2646	4	371344	3
s114864	4	3708	1
s82035	2	828	3
s83268	3	131	3
s3410	4	172641	3
s134629	2	4	3
s2622	4	296	3
s4739	2	11	3
s105530	3	122	1
s125407	2	63	1
s935	4	34046	3
s114516	2	11	1
s4174	2	8	3
s4855	2	13	1
s143422	2	566	1
s5079	2	190	3
s2704	4	32575	3
s81778	2	115	3
s82653	4	90	1
s138253	2	724	1
s529	4	508	1
s3057	4	3719	3
s4277	4	669242	1
s82195	2	57	1
s1736	2	319	1
s140251	2	213	3
s114848	3	611	1
s82758	3	28	1
s2222	4	283517	3
s618	2	2	1
s3316	2	620	1
s105132	4	188	3
s114907	4	261	3
s4686	2	53	1
s104919	2	318	1
s140496	2	58	3
s1043	3	17	1
s3050	4	2723209	3
s3767	4	160284	1
s2237	4	58990	3
s4758	2	22	1
s3326	2	116	1
s129196	2	5777	3
s4222	4	127	1
s2493	4	145197	1
s4477	4	127333	1
s134681	2	213	1
s140519	2	52	1
s2837	4	138928	1
s140413	2	122	1
s81937	2	54	3
s4089	3	32338	1
s82313	2	156	3
s4030	4	231374	3
s82262	2	314	3
s104928	2	333	3
s125458	2	1963	3
s140270	2	10	3
s105043	2	112	3
s107	4	24479	1
s1662	4	25344	1
s125423	3	60	1
s2766	4	695054	1
s120825	4	32	1
s139612	2	17	3
s3113	5	520	1
s121181	2	171	1
s131906	2	146	1
s131952	3	368	1
s81878	4	37	3
s138345	2	3729	1
s114930	2	246	1
s114634	2	26	3
s114784	2	51	1
s105532	4	255	1
s2092	2	270	3
s4047	4	204328	1
s948	3	24	3
s82204	3	68	3
s125355	4	23514	1
s3553	2	77	1
s3409	2	32198	3
s81552	2	1150	1
s104818	2	79	1
s2677	4	24	1
s105450	3	1004	1
s907	3	1	1
s1342	4	116	3
s81924	2	72	3
s125615	2	74	1
s4874	2	78	3
s914	4	13281	1
s734	4	1544	1
s114711	2	54	3
s3335	2	77	1
s82743	4	21	3
s1972	4	261245	3
s3786	4	25	1
s105505	2	135	3
s140486	2	64	1
s2174	4	330479	3
s1902	2	63	3
s1796	4	4479	3
s120853	2	2	1
s81930	4	160	1
s115076	2	3	3
s139623	2	14	3
s104907	2	1	3
s129128	2	321	3
s114868	3	80	3
s140255	2	375	1
s138229	2	1	1
s81834	2	62	1
s82224	3	79	1
s104924	2	200	1
s121034	2	5	3
s105292	3	128	1
s105684	4	619	3
s114782	2	623	1
s4139	2	53	3
s81721	2	1907	3
s3245	4	23312	1
s82159	2	86	3
s3919	2	1932	3
s4872	4	20795	3
s83240	4	74	1
s4756	4	135	1
s831	2	50	3
s687	3	64	3
s132080	2	172	1
s105712	2	198	3
s129130	2	541	3
s81619	2	112	1
s82465	2	1	1
s2722	2	1156	3
s1443	4	103148	1
s2448	4	5556	1
s1144	4	39576	3
s131983	2	236	1
s1288	2	13	3
s131940	2	72	1
s114544	2	127	1
s3194	2	168	3
s894	4	27057	1
s4806	4	129379	1
s2457	2	822	1
s82525	3	214	3
s4726	2	314	1
s82745	4	59	3
s134618	2	435	1
s82197	2	910	1
s137944	2	104	1
s82494	2	292	3
s82873	3	29	3
s129008	2	88	1
s134741	2	205	1
s82110	2	54	1
s2401	4	20972	3
s4199	4	18	1
s4307	4	135287	3
s1883	4	890192	1
s3868	2	1	1
s3538	3	9	1
s125349	2	10	1
s2409	2	611	3
s2985	3	27	1
s137963	2	33	1
s1913	4	92	1
s82842	2	691	1
s105202	4	338	3
s104908	2	6	1
s3103	2	49	1
s120940	2	38	1
s129183	4	380	3
s129092	2	73	3
s3000	2	73	1
s134721	2	80	1
s1085	4	14431	1
s114599	2	2	1
s1899	2	336	3
s2443	2	129	1
s3367	2	348	1
s256	2	8	1
s120820	2	52	3
s121032	2	1	1
s140234	4	230	1
s81747	2	9	3
s115041	2	232	1
s1066	4	99910	1
s2895	2	289	3
s83252	3	103	1
s114818	4	194	3
s552	2	702	1
s1764	3	88	1
s81436	2	967	1
s105245	4	2045	3
s5068	2	61	3
s2069	6	727452	1
s105380	4	149	1
s1844	2	705	1
s120746	2	1	1
s120968	2	2	1
s114662	2	210	1
s134676	2	367	3
s989	2	1080	1
s1623	4	316466	3
s3711	2	91	3
s82943	4	135	1
s82021	2	60	3
s125505	2	7	3
s4996	2	13	1
s83201	2	1	1
s1607	2	10555	3
s2753	4	7	3
s3969	2	61	3
s1561	3	81	1
s105378	4	77	1
s103	4	32	1
s139625	2	21	1
s81891	2	160	1
s4514	3	16	3
s422	4	9979	3
s4812	4	43593	1
s105403	4	2465	1
s105499	3	1449	1
s131994	2	75	1
s129026	2	6	3
s585	4	97	3
s2432	2	3687	1
s1946	2	9	1
s82536	4	41	3
s5138	2	98	3
s132075	2	933	1
s4324	4	18056	1
s104861	2	15	3
s81953	3	332	1
s134800	2	292	1
s3885	4	15204	1
s82279	3	26	3
s551	4	275	1
s1788	2	12	1
s850	4	32649	1
s4742	4	96724	1
s114910	2	80	3
s1602	2	2	1
s1399	4	9298	3
s129029	4	308	1
s114749	2	140	3
s121176	3	175	1
s82448	3	328	3
s4712	4	10734	1
s2526	2	3	1
s2575	4	71261	3
s89	3	26	3
s2836	2	88	1
s105255	2	6	1
s82120	2	76	3
s120805	2	6	1
s140467	2	76	3
s131926	2	155	3
s5332	4	519	1
s81736	3	83	3
s114764	2	187	1
s2176	4	134774	3
s4271	4	132239	1
s4220	3	170	1
s4954	4	276	1
s105207	2	62	3
s114829	3	269	3
s114849	2	483	1
s4020	2	12	3
s992	4	166788	3
s104918	2	1	3
s1093	4	10776	3
s5191	4	759	1
s433	3	318	1
s1103	4	5450	3
s82727	4	75	1
s115034	2	58	3
s3992	4	28292	1
s114872	3	2330	1
s3429	4	230	3
s4673	4	11054	3
s121090	2	6	3
s104825	2	66	3
s129062	2	102	1
s2453	2	51	1
s143410	2	75	1
s134641	2	13	1
s1807	2	398	3
s120916	2	235	1
s2749	4	19020	3
s811	4	65684	3
s2746	4	128867	3
s120956	2	1455	3
s4407	4	24249	3
s4940	4	163634	1
s105760	3	251	1
s2750	4	100556	3
s105102	2	319	1
s5322	4	5	1
s3823	2	986	1
s105565	2	67	1
s115021	4	116	3
s83320	2	67	1
s378	4	88	1
s114708	3	2223	3
s105580	4	1355	3
s82927	2	340	3
s3639	4	18153	1
s82718	2	4	3
s104969	2	313	1
s4228	4	175062	1
s3402	4	52120	3
s3033	4	34432	1
s82885	2	60	3
s264	2	7	1
s469	4	3728	1
s4393	4	157	3
s82561	2	297	1
s2170	4	15970	3
s5434	2	39	1
s2227	2	100	3
s4883	4	11592	1
s129202	2	324	3
s2785	4	58144	3
s105384	3	573	1
s81663	2	61	3
s5267	2	63	1
s81835	2	339	1
s82751	3	141	1
s125361	3	48716	3
s2070	2	13	1
s82221	2	98	1
s105188	2	61	1
s3927	2	7	1
s2361	4	53239	3
s3942	4	357887	3
s129001	2	58	3
s82013	2	112	1
s815	3	82	3
s1820	4	238	1
s120829	2	213	1
s2692	4	34020	3
s125599	2	73	1
s686	4	31030	3
s81707	2	50	1
s114804	3	765	1
s68	4	1408	3
s238	4	13227	3
s105290	2	364	1
s105754	2	69	1
s131976	2	9	1
s1751	4	7981	3
s104958	4	131	3
s1907	4	22938	1
s1106	2	130	3
s81675	4	45	1
s81466	2	163	1
s82364	2	72	3
s3832	2	51	3
s125461	2	70	3
s143427	2	149	1
s2376	4	209574	1
s81685	3	240	1
s3551	4	345	1
s81374	4	2991	1
s2826	4	5318	3
s81947	2	82	3
s81396	2	124	1
s2236	2	63	3
s83133	2	88	1
s972	4	49680	3
s134765	2	88	3
s4729	4	24291	1
s906	2	2	1
s966	2	169	1
s105153	2	6	1
s5180	3	154	3
s104892	2	35	1
s121127	2	63	3
s3192	3	64	3
s3676	2	2273	3
s5060	2	8	3
s2840	2	90	3
s81831	2	353	3
s1967	2	15	3
s115084	3	611	1
s82778	3	226	1
s4383	2	160	3
s138265	2	562	1
s105767	3	201	3
s3874	2	312	1
s114875	4	3916	1
s121135	2	51	1
s81525	2	171	1
s3200	4	662	3
s2568	2	115	3
s2651	4	24	3
s82962	2	50	3
s81744	2	320	1
s81886	2	51	1
s4837	2	1	3
s125521	2	2	3
s140456	2	23	1
s1388	4	17787	1
s83260	2	14	1
s105779	2	10	3
s121111	2	5	1
s4068	4	40864	3
s105700	3	32	1
s105496	3	178	3
s114785	2	75	1
s129240	2	31	1
s120992	3	68	1
s120847	2	50	1
s3644	2	124	1
s3811	2	101	1
s1154	4	480	1
s83279	4	511	1
s3518	2	4856	1
s140222	2	69	1
s3170	4	12843	1
s82421	3	12	1
s455	4	183	1
s3088	3	628	3
s3373	4	318	1
s1866	4	91228	1
s5430	4	26355	1
s4344	4	117	1
s2524	4	79042	3
s83020	2	12	3
s96478	2	487	1
s1477	4	59514	3
s1773	4	24223	1
s82332	3	41	3
s105541	2	362	1
s1741	2	1	1
s81512	4	174	1
s104844	2	63	1
s5292	3	41	3
s81948	2	341	1
s577	2	121	1
s82642	2	50	1
s342	2	2	3
s2771	4	70703	1
s4208	4	54314	3
s5323	2	146	1
s81782	2	42	3
s2694	4	10035	3
s4100	4	68481	1
s140259	2	1	1
s115058	2	128	3
s1637	4	843	1
s140451	2	115	1
s82875	3	22	1
s120834	2	97	1
s114603	2	89	1
s1775	4	303371	1
s81867	2	316	1
s1516	2	308	1
s5300	5	46298	3
s1266	4	81074	1
s114965	3	16	1
s134797	5	421	1
s82896	2	72	1
s3311	4	548511	1
s4004	3	25	1
s140489	2	53	1
s81981	2	3	3
s87	4	1530	3
s4374	4	109411	1
s114972	2	6	1
s105497	6	2328	3
s114605	2	328	3
s83199	2	59	1
s2848	2	62	3
s3634	4	245	1
s105429	3	66	1
s424	3	45	3
s573	2	301	1
s359	3	46	1
s4652	4	85492	3
s81716	4	66	1
s120929	2	680	1
s140466	2	319	1
s1362	4	135157	3
s120872	4	46	1
s4566	2	70	1
s5363	4	92990	1
s114694	2	65	3
s129157	3	4	1
s134640	2	60	1
s2630	4	155582	3
s81627	2	5519	1
s125613	2	94	3
s82293	2	96	1
s5416	4	305	1
s125570	2	230	1
s105151	2	581	1
s120911	2	67	1
s105711	2	216	3
s2215	4	92951	1
s3462	4	482	1
s548	2	1	1
s1306	2	272	3
s2263	2	78	1
s82806	4	351	1
s82472	2	50	1
s5141	4	204	3
s1258	2	144	1
s1544	2	111	3
s81812	3	55	1
s114760	2	6	1
s677	4	153	1
s115071	2	348	1
s5347	3	21	1
s4579	2	179	1
s82610	3	55	3
s82748	3	93	1
s1787	4	1098	1
s3505	4	32105	3
s140440	2	321	3
s104913	2	319	3
s2951	4	278	1
s3234	4	22	1
s2678	4	9	1
s81409	2	242	1
s2803	2	70	3
s105114	3	167	1
s129031	2	341	1
s120859	2	53	1
s81650	4	178	1
s4933	2	6	3
s4251	4	151579	3
s134718	2	211	1
s4359	2	2	1
s104854	2	11	1
s82112	2	384	3
s105603	2	2	3
s1023	4	219074	3
s4982	4	141423	1
s2090	2	364	3
s120886	2	1	3
s4180	4	1	3
s121114	3	70	1
s120810	2	2	3
s114952	3	188	1
s105124	5	58	1
s104988	2	7	3
s694	4	38	1
s114901	4	514	1
s82200	3	126	1
s105146	2	169	1
s2799	4	124	3
s132048	2	646	1
s4534	5	76127	3
s1536	4	52	3
s82027	3	34	1
s105440	5	60	1
s125585	2	34	1
s1256	2	76	1
s393	2	72	3
s82467	4	179	1
s139629	2	277	1
s2286	4	38340	1
s114615	2	1	1
s104797	3	1608	3
s125601	2	84	3
s5190	4	26663	1
s82856	2	7	3
s105575	3	3189	3
s4679	2	56	1
s66	3	121	1
s4267	4	21001	1
s121064	2	121	1
s3132	4	414	1
s761	4	11722	1
s81482	4	18	1
s5390	4	35911	1
s5413	4	70	1
s2255	4	56123	3
s4559	4	48860	1
s105272	2	557	3
s3351	3	819923	1
s1814	2	53	1
s131877	2	18862	3
s2446	4	773400	1
s1048	4	16221	1
s1626	4	201629	3
s2181	2	355	1
s81431	2	287	1
s139628	2	61	1
s105014	2	122	1
s4633	2	320	1
s139609	2	69	1
s125399	2	1	3
s105138	2	312	1
s105067	2	87	1
s134653	2	13	1
s3376	2	88	3
s5035	2	70	3
s1548	2	60	3
s934	4	43178	3
s5243	2	105	3
s1947	3	166	1
s114532	2	111	1
s54	2	312	3
s782	2	1	1
s81546	2	925	3
s4831	2	343	3
s120948	2	1543	1
s134712	2	301	3
s3761	2	168	1
s140239	2	53	1
s4356	4	3770	1
s4497	4	61820	1
s104910	3	1347	1
s105007	3	101	3
s120844	2	67	1
s2878	3	5	3
s3019	4	2289	1
s105752	2	53	3
s114642	2	36953	3
s82	4	19933	3
s105602	3	17	1
s125367	3	31	1
s105808	2	78	1
s137970	2	12609	1
s3605	4	21436	3
s3939	4	21025	3
s3649	4	21223	1
s105801	2	52	1
s83175	3	32	3
s115013	2	48	1
s83295	3	10	1
s105659	4	22	1
s105785	2	389	1
s105462	4	84	1
s138313	2	93	1
s143396	2	967	3
s114597	2	60	1
s2578	4	452643	3
s134672	2	71	1
s2965	4	1752	1
s3887	4	20670	1
s82252	3	488	1
s83216	2	396	1
s114679	2	325	1
s114616	2	26	1
s1405	2	10	3
s788	5	17045	1
s2389	2	2	3
s1254	4	55950	3
s114660	2	190	1
s132009	2	115	3
s129233	2	12737	1
s4496	3	111	1
s4641	6	23437	1
s5433	4	53	1
s138273	2	163	3
s129094	2	64	3
s968	3	27	3
s2133	2	306	1
s82215	3	1588	3
s105195	2	683	3
s81565	2	130	1
s105027	2	1	1
s2479	4	53	1
s1640	4	143433	1
s2328	4	48124	1
s4105	4	56335	1
s131966	2	73	1
s2393	2	12	3
s83007	2	315	1
s5057	4	20979	3
s125539	3	890	3
s83103	4	283	1
s1704	4	41822	3
s105019	2	324	3
s81634	2	332	1
s3758	4	122166	1
s82071	2	108	1
s105187	2	312	1
s138225	2	138	1
s5038	4	118645	3
s2744	4	59598	3
s1341	4	34	3
s731	3	79	1
s4608	2	318	3
s81724	2	378	3
s138334	2	50	1
s5244	4	15313	3
s82321	2	166	3
s3534	4	7726	1
s140512	2	69	3
s121080	2	160	3
s114681	2	61	1
s83131	2	1573	3
s134661	2	146	3
s105654	4	275	1
s444	4	80	3
s82803	4	110	1
s1864	4	133	1
s140244	2	442	1
s121122	2	9	3
s5070	2	134	1
s82248	2	4	1
s81602	3	936	1
s4836	4	67554	3
s105377	5	524	3
s81753	4	50	1
s5111	2	97	3
s81677	4	148	3
s120989	2	18	3
s105658	2	1197	3
s121055	4	104	1
s3895	4	231	1
s2333	4	249583	1
s132042	2	3104	1
s878	4	33567	3
s105091	3	72	1
s105260	2	211	1
s137951	2	6688	3
s140405	2	149	3
s120790	2	1742	3
s114677	2	104	1
s3916	4	54768	3
s105104	2	124	3
s4525	3	58	3
s4570	2	318	1
s114589	2	389	1
s104937	2	56	3
s4458	4	182	1
s105247	3	2262	3
s2466	4	22424	1
s82971	5	113	3
s81703	2	2063	3
s82554	4	168	3
s3754	4	588516	1
s120932	2	10	1
s1486	3	34	1
s3012	2	269	3
s81367	2	58	1
s131880	2	60	1
s2261	2	74	1
s5196	4	16243	3
s82786	2	72	1
s5408	2	277	1
s105667	3	3695	1
s104863	2	6	1
s83156	3	549	3
s611	3	28	1
s2177	3	98	3
s82045	3	162	3
s1303	4	29380	3
s114924	2	95	1
s81521	3	328	1
s587	4	14	3
s3171	2	1	3
s203	2	183	1
s4833	4	44106	3
s82477	2	93	3
s270	4	3529	3
s105330	3	324	3
s114821	2	493	1
s2629	4	7004	3
s105776	2	64	3
s4343	2	163	1
s1692	4	22525	3
s82455	2	395	1
s5352	4	17751	1
s105243	3	7725	3
s822	2	7	3
s105461	2	208	1
s4751	2	1103	1
s120978	2	264	3
s1705	4	8616	3
s82567	3	124	1
s81817	2	189	1
s3143	4	31854	1
s81837	2	2522	1
s105086	2	55	1
s4859	3	92	1
s1200	3	27	1
s81949	2	100	1
s129174	2	411	1
s81372	3	1039	1
s1805	4	65814	3
s1900	4	66139	3
s2274	4	5128	1
s4131	2	179	3
s81678	2	84	1
s105540	4	1203	3
s83299	2	11	1
s143390	2	55	1
s2962	4	83	1
s120748	2	1	1
s4421	2	6106	3
s2025	4	29709	3
s138261	2	2573	1
s3003	4	327843	1
s2997	4	313856	1
s5031	4	4170	3
s105510	4	36	1
s3239	4	309	1
s82821	3	162	3
s4778	4	64120	1
s5324	4	5931	1
s125540	2	29	3
s1591	2	129	1
s105454	2	123	1
s4200	2	4	1
s83303	4	157	1
s105261	2	90	1
s471	4	763	1
s738	2	66	1
s3491	2	1532	1
s125376	2	66	1
s5223	2	60	3
s1437	2	2266	1
s121082	2	115	1
s1366	5	129	1
s1255	4	137333	1
s1624	2	51	3
s4553	4	9681	1
s125501	2	56	1
s5145	4	586	1
s143607	2	80	3
s81522	2	87	1
s4510	4	38804	1
s105804	4	1171	1
s3413	4	83008	3
s214	4	28	3
s5230	4	10017	1
s105775	2	295	3
s134759	2	107423	1
s3719	4	51321	3
s137965	2	1	1
s105651	2	1155	1
s1974	4	210364	1
s3223	2	28790	2
s1888	4	229289	3
s3747	4	245450	3
s140514	2	21	1
s120887	2	85	1
s129050	2	1572	1
s105751	3	639	1
s2179	2	14	3
s82334	4	187	1
s129153	3	108	1
s785	3	40	1
s114909	4	577	3
s129235	3	4764	3
s105180	2	53	3
s2283	2	1	1
s82915	4	2270	1
s114721	3	4	1
s3053	4	1477	1
s105266	2	61	3
s83116	3	108	1
s4609	4	19859	3
s4084	4	322358	1
s82308	2	298	3
s2478	2	1	1
s82646	2	204	3
s904	4	59	1
s81363	2	88	1
s81359	4	214	3
s403	3	300	1
s2081	2	176	1
s125400	2	78	3
s4058	4	61747	3
s3998	4	36958	1
s62	2	75	1
s2072	4	37614	1
s2291	2	64	1
s120803	2	7	3
s120782	2	158	1
s82987	3	703	1
s4045	3	253	1
s480	4	1128	3
s975	4	59924	3
s105263	3	94	1
s138286	2	2611	3
s1245	4	41	3
s131889	3	140	1
s4689	2	11	3
s3917	2	322	3
s363	2	1	1
s81472	3	568	1
s2789	4	8759	1
s82663	4	278	3
s3983	4	125679	3
s105230	2	62	3
s1660	4	142770	1
s142	3	7	3
s1566	3	10	1
s125602	2	90	1
s120892	2	631	3
s1613	4	75	3
s105525	2	85	1
s120795	2	63	1
s3473	2	50	1
s82213	4	855	3
s105512	2	115	1
s125474	2	319	1
s81679	3	266	1
s114745	2	132	1
s4595	2	345	1
s2666	4	9335	3
s5023	4	161682	1
s704	2	59	1
s105594	5	74	1
s131934	2	5132	3
s645	4	6760	3
s710	2	117	1
s134645	2	50	1
s114969	3	38	1
s81553	2	350	3
s3558	4	1590	1
s2164	4	35391	3
s83145	2	66694	1
s81529	3	802	1
s82128	2	173	1
s125496	2	200	3
s2634	2	87	1
s82491	2	608	3
s131954	2	72	1
s4928	4	191632	3
s1240	4	56947	3
s83058	2	99	3
s1016	4	105630	3
s4629	5	63843	1
s1545	4	2875	3
s121057	4	457	1
s3780	4	108923	1
s18	4	2319	1
s121110	2	912	3
s4091	4	122078	3
s908	4	30	1
s114609	2	63	3
s81929	2	224	1
s105369	4	409	1
s4905	4	34221	1
s129098	2	337	3
s82903	2	150	3
s81828	2	318	3
s105689	2	62	3
s132000	3	795	1
s132060	2	392	3
s5362	2	60	1
s83108	5	459	3
s2732	4	7762	3
s115087	4	3150	1
s5271	2	134	1
s115004	2	1	3
s104792	4	10754	3
s4479	4	203542	1
s959	3	41	1
s83084	2	105	1
s3432	4	405070	1
s137962	2	10	1
s219	4	3060	3
s1042	4	194	3
s82950	4	796	3
s5356	2	326	1
s138210	2	126	1
s82065	2	360	1
s1528	2	2	1
s114855	4	107	1
s132047	2	611	1
s134752	2	178	1
s105392	2	200	1
s140421	2	26	1
s1859	5	329477	1
s114987	2	69	1
s114626	2	304	1
s4042	4	7819	1
s4821	2	77	3
s2583	4	352301	1
s82408	2	11	1
s1601	3	93	1
s2794	3	841	3
s132052	2	108	3
s81984	2	320	1
s3734	4	269260	1
s3931	4	43306	1
s105753	2	149	1
s105730	2	103	1
s4994	2	50	1
s1949	4	177	1
s120883	2	1	1
s134745	2	144	3
s82601	3	7	1
s751	2	192	3
s134689	2	1	3
s3181	5	33673	1
s114525	3	18	3
s4113	2	1665	1
s665	3	124	1
s105218	3	135	1
s114625	2	2	3
s3006	4	2453	3
s105094	2	340	1
s4720	4	558	1
s105435	2	83	1
s899	4	11	1
s82609	4	73	3
s3828	4	168999	1
s115051	2	63	3
s105083	2	32	3
s83249	2	123	1
s114573	2	8	1
s125422	2	7	1
s125492	2	51	1
s105560	2	145	1
s1371	4	166	1
s134772	4	269	1
s120944	2	91	3
s651	4	83	3
s120760	2	13	1
s82121	2	332	3
s3332	4	21317	1
s3217	2	313	1
s105742	2	129	3
s114943	4	706	1
s2710	2	317	3
s82679	2	63	1
s3960	4	171255	3
s1352	2	1	1
s140517	2	440	1
s1505	4	2528	1
s105605	4	933	1
s2892	2	50	3
s132030	2	82	3
s140540	2	80	3
s129162	2	676	3
s133	5	21	1
s125393	2	324	3
s4061	4	42738	3
s3537	4	50	1
s125451	2	53	1
s2225	2	734	3
s140422	2	121	1
s765	4	2733	1
s2841	4	82853	3
s114955	2	87	1
s140442	2	26454	1
s4470	4	21694	3
s105103	2	5	3
s114797	2	62	1
s1132	2	110	1
s138268	2	80	1
s125467	2	172	1
s105134	4	353	3
s1708	4	50674	3
s82437	3	57	1
s2652	3	9	1
s3974	4	255630	1
s3583	2	320	3
s82515	4	131	1
s82792	2	444	3
s81847	3	179	1
s82091	2	13	1
s3595	3	2	3
s4825	4	240	3
s104947	2	77	3
s326	4	174595	1
s5056	4	236	3
s83080	4	82	1
s131970	2	89	1
s4266	2	3	1
s2482	5	260	1
s140	2	15	3
s5026	3	53	1
s1343	4	7098	3
s1029	4	6604	3
s2386	4	82771	1
s1182	2	50000	1
s134639	2	52	1
s4076	5	49	3
s1655	3	10	1
s190	3	14	1
s81723	2	15	3
s3038	4	1324	1
s4958	4	5816	1
s114844	2	106	3
s83227	4	52	3
s47	5	163	1
s1638	4	15	1
s1687	4	196511	3
s120801	2	83	1
s173	2	1	1
s4033	4	32	3
s4780	4	34802	1
s129207	2	181	3
s82229	2	2	1
s141	5	18340	1
s4064	4	105449	3
s82289	2	48	3
s139633	2	52	1
s3596	2	54	3
s140502	2	10	1
s131895	2	55	1
s485	3	1018	3
s104853	2	1	1
s1647	4	11564	1
s4028	4	104059	3
s105483	2	90	3
s3905	4	125786	1
s3658	4	138307	3
s132062	2	483	3
s1686	2	74	3
s131932	2	1	3
s2833	3	56	1
s660	2	79	3
s82116	3	128	1
s991	3	109	1
s81988	2	420	1
s2718	4	6088	1
s82907	2	99	1
s114768	2	18	1
s4763	4	6724	1
s83004	2	2247	1
s1173	4	4239	1
s4697	4	198393	3
s5093	3	193	1
s2627	4	45854	3
s105792	2	117	1
s896	4	86	1
s357	3	162	1
s105702	3	71	1
s2550	4	50421	1
s12	2	239	1
s105408	3	2959	1
s5010	4	17829	1
s1594	4	57	1
s3083	4	10986	3
s3397	4	101555	1
s5116	4	31840	3
s1027	2	1	3
s2751	4	54498	3
s4163	4	139760	3
s121178	3	246	1
s105635	2	638	1
s1440	3	172221	1
s3219	2	279	2
s4603	3	48	3
s600	4	43399	1
s348	2	66	3
s442	4	295	3
s4657	4	161273	3
s884	2	100	3
s82090	2	51	1
s1867	4	26074	1
s114759	2	6	3
s114857	4	353	1
s262	2	12	1
s138341	2	1196	1
s4074	3	67	3
s115020	3	112	3
s1661	2	1	1
s1242	2	266	3
s105626	2	219	1
s1829	2	56	1
s1404	4	45391	3
s82572	3	183	3
s5097	5	9954	1
s140529	2	117	1
s121193	2	187	1
s86	3	64	3
s545	2	329	1
s3422	2	94	3
s3208	4	674	3
s4574	4	2976	3
s4071	2	56	3
s4749	5	22038	1
s120772	2	58	3
s718	4	15871	1
s134747	2	352	3
s125398	2	108	3
s82002	3	89	1
s5266	5	6517	1
s1876	4	130512	1
s114811	2	367	1
s340	2	616	3
s140243	2	3208	3
s82765	2	141	3
s1665	4	3433	1
s5201	2	52	3
s105630	4	202	1
s105475	3	474	3
s4119	2	3758	1
s760	3	108	1
s2416	4	117121	3
s83293	2	8	1
s2472	4	443229	3
s5261	4	2919	3
s83041	3	33	3
s5355	4	22766	1
s129005	2	162	3
s2952	2	86	1
s1249	4	855	1
s5155	3	3	1
s81926	2	96	1
s3994	2	6	1
s81538	2	220	3
s105669	2	11	1
s4489	4	169836	1
s745	4	47	1
s5397	2	43859	1
s25	4	7419	1
s1841	4	6	3
s81966	4	33	1
s4366	4	72332	3
s138311	2	63	3
s4268	4	22951	1
s131887	3	188	1
s129028	4	22	1
s511	4	28	3
s81579	3	1	1
s82191	3	45	1
s2367	4	27437	3
s105506	4	2309	1
s129018	3	104	1
s82268	2	2	1
s105390	3	45	1
s2699	4	151221	3
s789	4	47984	1
s3222	8	653	0
s3228	2	69	1
s4604	2	196	1
s81513	2	384	3
s143367	2	120	3
s120876	2	102	1
s104857	2	46	1
s4587	3	63	3
s3391	2	100	1
s125482	2	1	1
s114704	2	95	1
s120954	2	897	3
s3303	4	1420	1
s2871	2	56	3
s1717	4	82069	1
s82545	4	68	3
s836	4	80727	3
s4735	4	211024	1
s115088	2	31	1
s82972	4	474	3
s510	4	13	3
s104828	2	58	1
s105045	2	84	3
s2510	4	319	3
s125528	2	174	1
s1346	2	5	1
s187	4	82	1
s2582	2	55	3
s82542	2	267	1
s508	3	123	3
s114894	4	216	3
s83112	4	311	3
s4685	4	3551	1
s1868	4	255398	1
s105527	2	482	1
s115011	2	50	1
s104903	2	316	1
s1365	2	13	1
s2935	4	67497	1
s134728	2	346	1
s83151	4	290	3
s5076	4	46394	1
s1389	2	1814	1
s82825	2	79	1
s132065	2	104	3
s82639	4	287	1
s120952	2	1487	1
s4539	4	5644	3
s1769	4	39144	3
s82600	2	55	1
s114918	2	3047	3
s82490	2	389	3
s619	4	298	1
s3670	4	84	3
s81958	3	657	1
s132008	2	122	3
s4885	4	22729	1
s2778	2	128	3
s5396	4	51073	1
s129085	2	344	3
s114802	4	1763	1
s82016	2	94	1
s3677	4	91083	3
s3862	4	49967	1
s131982	2	75	1
s114628	2	51	3
s5309	4	66	3
s2957	2	1	1
s453	5	661	1
s129132	2	27	1
s81365	2	78	3
s114874	2	80	1
s82347	2	349	1
s140245	2	134	1
s125410	2	2047	3
s3914	2	6056	3
s1778	4	56649	1
s104943	2	203	1
s82291	2	150	3
s418	3	1	1
s823	4	171	3
s83304	3	53	1
s121029	2	154	1
s114845	2	90	1
s1852	2	54	1
s131893	2	94	1
s138349	2	340	1
s134795	5	259	1
s3381	4	1203	3
s2458	4	20387	1
s1084	4	51935	1
s82400	4	202	3
s1450	4	130912	1
s125595	2	52	3
s2104	2	333	3
s114546	2	399	3
s128994	2	60	3
s137940	2	64	1
s104921	2	409	1
s140526	2	270	3
s81820	3	1	3
s2995	4	384	1
s125565	2	1	1
s1293	3	24	3
s82253	2	58	3
s120856	3	112	1
s3259	2	92	3
s5280	3	221	3
s1046	2	52	1
s2607	4	17889	1
s105383	2	8	3
s1218	3	8	1
s4311	4	246923	1
s105439	2	5	1
s114850	4	1530	1
s216	2	206	3
s2818	4	1423	3
s716	2	61	1
s140464	2	269	1
s114888	2	845	1
s4279	2	168	1
s4309	4	101677	1
s83341	3	1	3
s1054	4	35701	1
s2908	4	608474	1
s2647	4	16224	3
s105337	4	1735	1
s105244	4	119	3
s4202	2	105	1
s105018	2	315	3
s2911	2	8	1
s3843	4	83408	1
s951	4	6019	3
s2659	2	319	3
s1530	4	171	3
s81590	4	163	1
s4312	2	2	1
s114536	2	90	1
s121117	2	186	1
s2831	4	280866	3
s138220	2	339	1
s2801	2	52	3
s2528	4	23271	1
s3636	3	20	1
s105098	2	1792	1
s115097	2	99	3
s837	4	11955	3
s2770	4	68454	1
s3254	3	117	3
s140504	2	67	1
s129133	3	133	1
s129195	2	290	3
s81917	2	205	1
s105670	2	93	1
s129039	2	52	1
s140423	2	265	1
s725	4	4641	1
s83039	4	229	3
s2912	3	29	1
s105740	3	26	1
s125593	2	60	1
s3732	4	9016	1
s3401	4	726	1
s125446	2	122	3
s4533	5	388	3
s105694	3	130	3
s129228	2	59	3
s4781	4	2332	1
s105623	5	415	3
s3122	5	109	1
s140213	2	63	1
s1615	4	36898	1
s120770	3	343	1
s132024	4	250	1
s1461	4	4261	1
s2067	3	2	1
s2752	4	18027	3
s83315	4	534	1
s82564	4	136	1
s2929	4	115047	3
s137936	2	53	3
s81638	2	79	1
s105023	2	110	1
s105643	2	190	1
s3333	4	1092	1
s105295	2	134	1
s3327	4	30131	1
s134678	2	324	3
s82236	2	21	1
s138240	2	1	3
s81615	2	2814	3
s1936	4	3	3
s81676	2	7	1
s83072	3	344	3
s81680	2	1	1
s81559	2	2	1
s1076	4	752	1
s105655	4	192	1
s140446	2	97	1
s3970	4	167760	3
s129045	2	15	1
s82670	2	5	3
s82044	3	248	3
s121102	2	83	1
s4963	2	81	3
s3047	2	434	1
s105184	3	39	1
s105172	3	128	1
s104822	2	316	3
s106	4	11	3
s2148	4	30531	1
s4205	4	122907	1
s1397	4	16	3
s105205	3	300	3
s134751	2	1	3
s1272	4	12054	1
s105511	3	1058	1
s82775	2	67	3
s125583	2	441	1
s1524	4	28999	1
s125435	2	4	1
s999	4	2292	1
s82413	3	121	1
s5078	4	90172	3
s114767	2	134	1
s81711	2	70	3
s82285	2	327	3
s134715	3	1369	1
s1797	2	4	1
s140237	2	5	3
s143356	2	35	1
s63	4	1108	1
s3704	4	101046	3
s82575	4	127	3
s2163	2	1	1
s4765	4	30229	3
s114920	4	12704	1
s81416	2	2151	1
s82174	2	100	3
s2388	4	4455	1
s105535	2	645	1
s129056	2	2910	3
s81364	3	785	1
s140284	2	4602	3
s114778	2	279	3
s3343	4	142657	1
s2229	4	183	3
s3312	2	3197	1
s3859	4	18741	1
s105215	4	112	1
s120896	3	360	3
s120921	2	432	3
s2500	4	420	3
s105678	2	104	1
s105428	3	8	1
s132056	2	59	1
s105317	4	46	3
s4545	4	101505	1
s820	4	107	3
s82106	2	96	3
s131943	2	3	3
s134742	2	57	1
s138271	3	81	3
s3980	2	12	3
s105739	3	63	1
s2676	3	6	1
s105345	4	4	1
s581	4	1647	3
s138298	2	67	3
s104944	2	80	3
s81843	2	51	1
s125479	2	125	1
s81999	2	4	1
s4172	5	168	3
s140518	2	61	1
s140407	2	1	1
s1268	4	123564	1
s4453	2	5	3
s83114	5	229	1
s3999	4	36145	1
s105676	2	18	1
s3933	4	274921	1
s3535	3	58	1
s104978	2	88	3
s105743	3	109	1
s2996	2	7	1
s1822	4	5350	1
s2846	4	486093	3
s140257	2	128	1
s4776	2	5	1
s863	2	102	3
s114999	2	188	1
s143328	2	20	3
s83274	2	462	3
s134	2	107	3
s81392	2	437	1
s1438	3	4569	1
s4059	2	260	3
s5033	4	70316	3
s132017	3	283	1
s104866	3	50	3
s3694	4	253266	3
s1711	4	26973	1
s82652	4	3	1
s3263	4	279990	3
s4476	4	26790	1
s129163	2	298	3
s3678	4	165891	3
s1664	4	10	1
s120824	2	16	1
s82656	3	117	1
s3521	2	950	1
s132	2	92	3
s114538	2	66	1
s5219	4	4741	3
s114555	4	127	3
s140269	2	10	3
s517	4	213	1
s3411	2	10483	3
s125459	2	34	1
s1439	2	4809	1
s83073	3	56	3
s114551	2	1	1
s83297	3	144	1
s802	4	45	1
s4858	4	14235	1
s3356	4	135799	1
s3118	4	26	1
s2872	4	70319	3
s4082	2	277	1
s4936	4	245586	1
s5151	4	278	1
s134616	2	51	3
s82592	2	123	1
s3513	4	15770	3
s624	4	4	3
s140261	2	21	3
s132068	2	7	1
s82817	4	27	1
s125588	2	116	1
s249	2	160	3
s125411	2	142	1
s2438	2	717	1
s81976	2	62	3
s83011	3	737	1
s2642	4	363	3
s120849	2	152	1
s129194	2	1027	1
s83014	4	961	1
s105507	3	599	3
s105677	4	197	1
s81383	2	2126	1
s83008	4	1946	1
s1798	4	106953	3
s4414	4	55813	1
s4054	2	12	3
s90	3	184	3
s2420	4	93852	3
s83029	2	59	1
s4998	3	194	1
s114614	2	318	1
s375	3	156	1
s3838	4	41395	1
s105404	2	1364	1
s567	2	602	1
s82223	2	64	1
s81956	3	2876	1
s4902	2	324	1
s121062	2	89	1
s81755	2	13	1
s81441	2	80	0
s134655	3	45384	3
s2816	4	21035	3
s1522	4	43221	1
s4387	2	12	3
s81594	3	20	3
s3400	3	1130	3
s134675	2	87	3
s3242	2	335	1
s2353	4	69453	1
s3796	4	33	1
s1515	4	29847	1
s83104	2	116	1
s2519	2	1272	3
s129229	2	76	1
s4363	4	123	3
s129192	2	617	1
s134716	2	532	1
s4585	3	49	3
s1340	2	66	3
s513	4	181	3
s121044	2	1	1
s129141	2	1	1
s131948	2	76	3
s114747	2	98	1
s132084	2	61	1
s2285	2	12	1
s105326	4	675	3
s82458	2	8	1
s138290	2	269	1
s138321	2	55	3
s137928	2	123	3
s5293	3	365	3
s82343	2	90	1
s129165	2	97	1
s1676	4	89047	1
s83101	2	37	1
s5389	3	69	1
s3087	4	24	3
s82629	2	82	1
s5333	4	177585	1
s4783	4	67	1
s81743	2	319	1
s489	2	5	3
s83107	2	5	1
s114870	4	345	1
s380	4	255	1
s81718	2	94	3
s82518	4	580	1
s4035	3	76	3
s114814	2	144	3
s4732	4	472854	1
s1712	2	431	1
s1719	2	65	1
s742	3	208	1
s82333	4	47	1
s81509	2	82	3
s114758	2	1	1
s2521	2	1	3
s3910	4	148853	3
s1992	4	218	3
s735	2	55	1
s134617	2	50	1
s120796	2	129	1
s129206	2	61	3
s3614	5	348061	1
s131939	2	86	1
s5431	3	280	1
s829	2	88	1
s491	4	436	3
s105583	3	128	1
s105421	2	339	3
s1677	4	76518	1
s167	4	274	1
s105385	4	397	3
s105788	2	56	1
s83140	2	88	1
s81537	2	97	3
s104811	2	140	3
s131910	2	76	1
s4841	4	30399	1
s82521	4	56	1
s5086	4	284	1
s2620	4	58	3
s1572	4	62891	1
s125457	2	72	3
s4654	2	374	3
s3896	2	93	1
s2918	2	312	1
s114988	2	88	3
s1357	4	17001	1
s5367	2	1	3
s82923	2	113	3
s120923	2	98	3
s104816	2	96	3
s911	3	101	1
s82539	4	186	1
s1597	4	132998	1
s5353	4	61193	1
s131894	2	50	1
s105237	2	52	1
s140437	2	70	3
s140507	2	63	3
s125460	2	24	3
s121166	2	222	3
s83125	4	302	1
s105254	2	60	3
s1092	4	513	1
s125454	2	354	1
s129148	2	11	1
s1330	2	60	1
s3206	4	461	3
s1735	4	56739	1
s5175	2	128	3
s777	4	17880	1
s2248	4	231	3
s759	4	665	1
s81959	2	51	3
s114741	2	56	1
s459	2	8	3
s129000	2	68	1
s140445	2	2	1
s2839	4	12	3
s2685	4	40079	3
s2262	4	25425	1
s4511	4	227742	3
s140224	2	836	3
s125485	3	21	1
s5358	2	65	1
s125531	3	137	3
s3289	2	55	3
s2342	2	10	3
s104977	2	87	3
s81414	2	102	3
s81892	2	70	1
s114916	4	352	3
s81861	2	108	3
s3435	2	29	3
s3018	2	5	1
s4772	2	184	1
s4750	5	42896	1
s129040	2	60	3
s81671	3	17	1
s3434	4	136428	3
s143345	2	231	1
s81823	2	79	1
s2039	4	30408	3
s2137	2	357	1
s1	2	126241	1
s1413	4	74434	1
s4843	4	180218	1
s2564	4	135527	1
s3713	4	22	3
s104873	2	171	1
s82931	4	55	3
s81992	3	33	1
s114651	2	108	1
s114927	4	381	1
s3797	5	124	1
s138274	2	45	3
s131927	2	78	1
s134615	2	84	1
s554	2	92	1
s1603	3	5	1
s81889	2	261	1
s131924	2	310	1
s82227	4	321	1
s2360	4	57677	3
s81761	2	190	3
s848	4	188	1
s4269	2	18549	1
s82648	3	170	1
s3476	2	748	1
s134791	2	410	1
s114540	2	820	1
s81417	3	153	1
s1850	4	479129	1
s3664	4	46173	3
s137960	2	113	1
s120862	2	93	1
s2886	2	78	3
s82789	2	120	1
s4847	4	271	1
s122	4	3033	1
s3001	4	49404	1
s3774	4	121954	1
s1668	4	887	1
s125353	3	56124	1
s114723	3	61	1
s120937	2	1	1
s143344	2	96	1
s3899	4	91995	1
s82344	2	320	1
s82165	2	111	3
s81860	2	100	3
s128995	2	56	3
s1233	2	6	1
s121143	2	145	3
s3826	4	20331	1
s121039	4	555	1
s81760	3	36	3
s105493	4	22	3
s83173	4	87	3
s121087	2	237	1
s105204	4	160	3
s825	3	250	3
s82858	2	1899	1
s137949	2	2222	1
s96482	2	17	1
s105522	4	914	1
s143394	2	292	3
s3951	2	83	1
s114668	2	304	3
s3710	4	85	3
s83032	4	246	1
s3108	2	1032	1
s3822	4	907687	1
s1531	4	46	1
s140500	2	158	3
s138338	2	224	3
s120977	4	252	3
s134746	2	72	3
s5004	5	82737	3
s1423	2	63	1
s2829	2	18445	3
s5112	4	5898	3
s876	2	6	3
s324	5	11	1
s426	3	125	3
s5385	4	48	1
s114840	2	9	3
s2690	4	95449	3
s2767	4	44517	1
s83099	4	437	1
s125497	2	105	1
s314	2	51	1
s140505	2	121	3
s1912	2	79	1
s5206	2	1	3
s129097	2	58	3
s121003	2	101	1
s4989	4	134250	1
s1817	4	312600	1
s140418	2	5	1
s2509	2	80	3
s27	4	806	1
s1051	2	1	1
s3172	4	227	3
s4921	4	129011	1
s132049	2	59	3
s82508	4	269	1
s129143	2	147	1
s4460	4	39891	1
s143401	2	189	1
s104938	2	138	1
s121049	2	562	1
s105687	2	118	1
s129099	2	56	3
s104960	2	104	1
s995	4	72172	3
s105115	2	324	3
s2613	2	74	1
s83146	2	6334	1
s3297	4	45	1
s944	4	19	1
s2522	4	25265	3
s3320	4	18424	1
s120784	2	332	1
s1595	4	134220	1
s82245	4	113	1
s138317	2	76	3
s1845	4	7325	1
s138254	2	225	1
s114990	3	859	1
s143335	2	1211	1
s81555	2	40	3
s1141	4	437095	3
s114876	2	57	1
s125551	3	226	3
s3377	4	711760	3
s1396	2	3	3
s120961	2	243	1
s138247	2	120	1
s83129	4	303	1
s2902	4	66	3
s105353	4	251	1
s140219	2	8112	3
s104912	2	343	1
s104979	2	83	3
s82614	4	11	3
s129200	2	1	3
s138212	2	358	1
s3851	2	1530	1
s4671	4	104275	3
s4333	4	81794	1
s1331	4	154630	1
s82733	3	41	3
s114819	2	71	1
s125463	2	50	3
s132020	4	90	1
s82673	2	12	3
s143350	2	59	3
s105562	4	22	1
s134698	2	53	3
s114851	2	121	1
s125574	2	164	1
s3257	3	41	3
s83261	3	45	1
s82657	2	6	1
s121047	3	1911	1
s4719	2	13	1
s2560	2	319	1
s382	2	120	3
s2780	4	187	3
s105695	3	32	3
s129086	2	358	1
s5094	4	359	1
s105504	4	860	3
s816	4	28792	3
s2787	3	139	1
s120837	3	243	1
s20	4	2587	1
s4099	2	296	1
s82037	2	65	1
s5386	3	76	1
s81810	3	322	1
s4537	4	1884	3
s2480	4	10800	1
s4567	4	86	1
s140499	2	5	3
s870	3	60	3
s134684	2	65	1
s114519	2	328	3
s3425	5	88	3
s105249	2	77	1
s83195	2	11	1
s2091	4	227035	3
s140462	2	146	1
s125576	4	2576	1
s3577	2	56	3
s125625	2	97	1
s3286	2	31	1
s2604	2	71	1
s644	2	314	1
s736	4	2397	1
s4728	2	184	1
s82447	3	42	3
s82368	2	323	1
s427	4	63173	1
s139	3	44	1
s81941	4	189	1
s4340	2	836	1
s104890	2	79	1
s3075	4	5491	1
s1481	2	3	3
s81491	3	255	3
s81931	2	128	1
s3111	4	161	1
s81470	2	112	1
s105786	2	238	1
s1727	2	8	1
s1470	4	4676	3
s708	4	76811	1
s597	4	4956	1
s774	4	37	3
s1355	2	146	1
s5395	2	18056	1
s1467	2	196	1
s115000	4	920	3
s105160	4	457	3
s81404	2	192	3
s114979	2	286	1
s3697	4	6180	3
s1088	3	29155	3
s3530	4	240445	3
s115030	2	232	3
s125600	2	63	1
s105302	3	25	3
s1433	3	70	1
s3052	4	30021	3
s81390	2	322	1
s129169	3	2	1
s1512	4	109807	1
s5335	2	6053	1
s82716	3	58	3
s131890	2	50	1
s1473	4	152750	3
s132014	2	709	1
s3745	2	115	3
s114933	4	1244	1
s81405	2	1	3
s2730	2	1	3
s1722	4	43041	1
s105375	4	1039	1
s114835	2	11	3
s104959	2	65	1
s82251	3	90	1
s82208	3	85	3
s3911	4	240203	3
s2305	2	85	1
s3317	4	116681	1
s82704	2	4607	1
s4761	4	211400	1
s4786	4	47931	1
s129069	2	88	1
s3284	2	43	1
s82846	2	219	3
s4419	4	84011	1
s3568	2	93	3
s105674	2	82	1
s4550	3	110	1
s81696	3	116	3
s2845	2	98	3
s3873	4	15010	1
s105078	3	274	3
s120998	2	1	1
s754	4	11803	3
s373	4	28	3
s2066	3	191	1
s293	2	1	1
s120870	3	513	1
s82358	2	216	1
s3833	4	266132	3
s129175	4	401	3
s121131	2	2154	1
s121021	2	964	3
s82317	2	4	1
s140501	2	192	3
s82239	2	1	3
s807	4	29805	3
s349	4	25238	3
s595	4	1441	1
s82913	4	365	1
s3893	4	166271	1
s3648	4	27720	1
s3870	4	365064	1
s82309	2	248	3
s105491	3	981	3
s82882	2	296	3
s82620	4	88	1
s134771	4	153	1
s1178	4	1689	1
s3262	2	107441	3
s129079	2	144	1
s4972	4	62191	1
s4409	5	201016	1
s105044	2	612	3
s83052	4	31	3
s4335	2	169	1
s138219	2	292	1
s82473	2	113	1
s5239	5	14	3
s3030	4	24124	1
s3216	8	431	0
s114733	2	71	1
s129036	2	217	3
s1215	4	8960	1
s114521	2	50	3
s131916	2	51	3
s3056	2	488	3
s105099	2	105	1
s937	3	72	3
s1377	2	89	3
s3689	4	6125	3
s3807	2	58	3
s105645	2	715	1
s81501	2	253	1
s125404	2	320	1
s140215	2	1	1
s628	3	97	3
s844	4	47	1
s132045	2	171	1
s105427	2	81	1
s3265	4	2987	3
s5174	4	35	3
s83022	2	125	3
s105810	2	82	1
s2496	2	283	1
s120813	2	137	1
s5350	2	328	1
s2739	2	58	3
s83309	3	155	1
s692	4	6929	1
s83055	4	100	3
s1091	3	3170	1
s5096	2	5	1
s5084	4	239	3
s1622	4	173	3
s82622	4	39	1
s5366	4	186	3
s4799	4	69699	1
s1918	4	50983	1
s104962	2	8	1
s5182	3	25	3
s82924	3	32	1
s114534	2	71	1
s2639	2	70	1
s2825	2	4236	3
s105526	4	189	1
s4379	2	8	3
s115001	2	725	1
s104839	2	52	1
s4190	4	67479	3
s413	4	35005	3
s114564	2	58	1
s105516	4	2839	1
s137987	2	623	1
s2358	4	698	1
s125523	2	12	3
s114753	2	212	1
s134647	2	519	3
s139626	2	72	3
s83016	2	7	3
s121119	3	16	3
s1363	2	102	3
s2947	4	107	1
s81381	2	134	3
s82933	3	327	3
s407	4	35519	3
s114508	2	88	1
s104826	2	110	1
s81444	4	65	1
s114583	3	123	1
s105608	3	3	1
s134729	2	367	1
s649	4	13659	3
s82944	3	260	1
s82394	2	61	3
s114937	4	425	1
s4384	3	12	3
s3310	2	89	1
s642	4	3454	1
s1720	4	40362	1
s120901	2	181	1
s5357	4	293	1
s1219	2	31	1
s114670	2	334	3
s1320	2	50	1
s5279	4	188	3
s801	4	185	1
s1534	4	62	3
s4111	4	55249	1
s82138	2	32	3
s131972	2	5	1
s81905	3	307	1
s304	4	18780	3
s83314	3	68	1
s82937	4	8	3
s114561	2	65	1
s3863	2	699	1
s82699	4	22	1
s138217	2	222	1
s2205	4	48782	3
s4971	4	73718	1
s132011	2	2045	1
s1580	2	76	3
s1784	4	90	1
s120751	3	174	3
s93	4	118	3
s81575	3	16	3
s269	2	9	1
s82149	3	128	3
s120800	2	7	3
s120780	2	82	3
s82590	2	2	1
s3714	2	85	3
s140533	2	70	3
s1652	4	43626	3
s250	4	176	1
s125418	2	136	1
s2777	4	35703	3
s2949	4	187	1
s83228	3	11	3
s4260	5	93970	1
s1682	4	517968	1
s610	2	104	1
s105283	3	96	3
s134624	2	262	1
s125614	2	4714	1
s82297	2	316	1
s3624	4	25117	1
s82804	3	367	1
s105686	2	10	1
s115008	2	76	1
s366	3	131	3
s81763	2	1	3
s140443	2	2352	1
s134701	2	114	1
s1382	4	69570	1
s1957	2	317	1
s140508	2	69	1
s4242	4	1006	1
s1203	4	6172	3
s3517	4	63173	3
s129021	2	105	1
s1082	4	61382	1
s4787	4	255703	1
s114852	3	509	1
s81821	2	2	1
s138331	2	224	1
s140461	2	57	3
s4662	4	101112	3
s115016	2	76	3
s125408	2	5	1
s2562	4	681259	1
s3928	4	50302	1
s463	2	122	1
s838	2	144	3
s3512	2	56	3
s82640	2	91	1
s83256	2	50	1
s3667	4	114100	3
s114881	3	5482	1
s4575	4	833	1
s105477	4	110	3
s125580	4	6086	1
s4803	3	99	1
s82989	3	1482	3
s125444	2	95	3
s5133	4	19821	3
s1963	4	78231	3
s81845	4	21	3
s125519	2	93	3
s82134	2	177	3
s134739	2	870	1
s1657	2	285	1
s492	2	81	3
s82811	2	79	1
s3503	4	37	3
s82038	4	68	1
s120890	2	480	3
s3306	4	7755	1
s82814	3	141	3
s3	2	1	1
s81788	2	108	1
s81877	2	128	3
s83153	2	204	3
s4494	2	11	1
s81869	2	1	1
s560	2	49510	1
s81769	3	35	1
s131965	2	87	1
s81543	2	101	1
s140480	2	74	3
s120906	2	237	3
s2516	4	102	3
s114587	2	77	1
s5328	4	24424	3
s3972	4	45208	1
s3255	4	49	3
s3089	4	1186	3
s81452	3	242	1
s105452	4	1184	1
s2460	4	160641	1
s3180	2	7	1
s80	4	10326	3
s4093	2	2763	3
s2696	3	29385	3
s5432	2	93	1
s82557	2	123	1
s82296	2	401	3
s105248	2	2491	1
s81657	4	383	3
s83038	2	1	1
s134727	2	2	1
s3750	4	2025	3
s4375	2	8573	1
s2016	4	324051	3
s1659	2	1543	1
s129134	2	65	3
s533	2	301	1
s2354	2	310	1
s104933	2	131	1
s5054	4	3666	3
s4221	3	113	1
s125432	2	536	3
s125439	3	323	1
s902	3	52	1
s121154	2	315	3
s3578	4	3366	3
s1339	4	49032	3
s857	4	20895	3
s114559	2	384	3
s125480	2	55	1
s1150	4	73448	3
s138330	2	347	1
s134687	2	288	1
s115082	3	726	1
s344	4	63	1
s105476	3	1041	3
s3541	4	50532	3
s81919	3	152	1
s82499	2	6	1
s3081	4	15724	1
s3810	4	9	3
s105152	3	1592	1
s105551	2	13	3
s114808	2	133	3
s82030	2	78	1
s104800	2	50	1
s82509	2	15	3
s120778	2	62	1
s138243	2	217	3
s81969	2	87	3
s134787	2	107	3
s83017	4	297	3
s5272	4	76735	1
s83188	3	141	3
s134656	2	12	1
s82553	2	90	3
s104995	2	316	3
s140492	2	1	1
s5148	2	18	1
s2380	4	4181	1
s131975	2	54	1
s695	2	97	1
s189	3	118	1
s81473	2	16	1
s83127	4	1788	1
s4718	4	36049	1
s125490	2	316	1
s82647	2	51	1
s3877	4	4220	1
s115029	3	161	1
s104806	2	8	1
s104838	2	338	3
s105543	3	1163	1
s131984	2	77	1
s105280	4	170	3
s105798	2	192	1
s3709	2	89	3
s82711	3	579	3
s4946	4	21	1
s134683	2	108	1
s4294	2	72	1
s4351	2	336	1
s82905	3	45	1
s1759	4	201492	1
s2009	4	59377	3
s104852	2	327	3
s138281	3	2898	1
s3500	4	479862	1
s3936	4	60703	1
s134814	2	1121	1
s131957	2	107	1
s82145	2	50	1
s143376	2	7	1
s83193	3	86	3
s114742	3	1	1
s4808	3	42	1
s82991	3	1336	3
s2538	4	5187	1
s3010	2	2	3
s140460	2	307	3
s2913	4	37250	1
s227	4	7793	3
s81737	2	139	1
s129105	2	57	3
s105219	4	257	1
s4094	4	10786	3
s1314	4	143401	1
s1209	3	93	1
s574	4	1144	1
s104813	2	93	1
s1393	4	100	3
s2238	4	188661	3
s3675	4	52459	3
s1725	2	94	1
s132027	2	377	1
s1511	2	125	1
s361	2	95	1
s202	3	13	1
s82853	2	434	3
s446	5	613	3
s1190	2	110	1
s958	3	14	1
s2043	5	60928	3
s1721	4	12337	1
s3427	3	106	3
s81734	2	66	3
s2625	4	4715	3
s129142	2	9	1
s120867	3	61	1
s105051	2	297	1
s105318	2	104	3
s140463	2	72	3
s134644	2	180	3
s3064	2	171	3
s3460	4	357	3
s81641	2	90	1
s105806	3	44	1
s384	3	147	3
s83048	2	1	1
s2312	4	31742	1
s105407	3	2852	1
s1983	4	394462	3
s105706	2	74	3
s5270	4	3431	1
s4512	2	11	3
s82451	2	65	1
s82688	3	85	1
s2182	4	35568	1
s131981	2	75	1
s81542	2	1002	3
s120931	2	237	1
s3043	2	171	1
s82638	3	52	1
s421	3	53	1
s4602	4	208	3
s3035	4	676	1
s3751	4	15980	1
s1846	2	67	1
s105802	4	207	1
s105417	4	6839	3
s132005	3	103	3
s105231	2	180	3
s3612	4	41656	1
s83248	4	90	1
s4430	4	13541	3
s105274	2	114	1
s125525	3	549	1
s105306	4	17	3
s104840	3	61	1
s1057	2	64	1
s2819	2	331	3
s83308	3	98	3
s1630	4	53640	3
s114590	2	298	3
s3683	2	1	3
s119	2	78	1
s4838	4	42271	1
s81462	3	88	3
s121020	2	81	3
s81708	3	527	3
s4548	3	47	1
s81904	4	186	1
s82860	2	1248	1
s121098	2	105	1
s83343	2	47	3
s1055	4	57858	1
s683	4	242	3
s83093	2	5	1
s129012	2	427	1
s105581	2	123	3
s138328	2	154	1
s3240	2	1	1
s82113	2	249	3
s3062	2	685	3
s2075	4	139915	1
s2597	4	26331	1
s1748	4	176268	3
s2028	2	131	3
s2494	2	1087	1
s1156	4	4212	3
s4467	2	639	3
s4478	4	30535	1
s121179	2	471	1
s138293	2	1728	3
s5049	2	54	3
s247	4	53	3
s717	4	1966	1
s105342	3	588	1
s81975	3	493	3
s105368	4	2779	3
s1614	2	136	3
s121112	2	63	3
s4527	5	6	3
s114770	2	3	1
s1754	2	54	3
s134695	2	150	1
s81585	2	200	1
s4367	2	64	3
s4542	2	313	1
s81400	2	4	3
s82432	4	125	1
s105201	2	1	3
s114911	3	2166	3
s137976	2	10	1
s120741	3	2362	1
s91	4	3053	3
s134781	2	68	1
s105214	3	51	1
s2865	2	1190	1
s4023	4	216462	3
s129243	2	4793	1
s83164	3	43	3
s82703	3	30	1
s129113	2	88	3
s3608	4	29422	3
s396	2	87	3
s1542	2	94	3
s82596	2	62	1
s140450	2	55	0
s153	3	184	3
s114736	2	64	1
s114612	2	321	3
s1292	2	1	3
s1270	4	18345	1
s3179	4	170	3
s131961	2	112	1
s105181	3	147	1
s242	4	163	1
s2139	4	29404	1
s2943	4	78304	3
s4434	2	72	3
s3571	2	437	3
s3036	2	683	1
s131925	2	2	1
s83271	2	230	3
s114629	2	56	3
s129222	2	207	1
s82831	2	108	1
s104868	2	1587	1
s129220	2	10	1
s105325	2	68	3
s3949	2	1	1
s105068	2	12	3
s3891	4	58094	1
s104895	2	51	1
s83147	2	1562	1
s1944	4	453	1
s129020	2	125	1
s125552	2	6	3
s2431	4	494292	1
s1848	4	171	1
s138215	2	134	1
s140494	2	67	1
s834	4	7712	3
s604	4	459	1
s129242	2	1550	3
s3804	3	7	3
s82731	2	3	3
s4500	2	173	1
s443	2	255	3
s83161	2	98	3
s3066	2	167	1
s134811	2	64	3
s3569	3	11984	3
s4741	2	332	3
s120974	2	79	3
s105239	2	1	1
s125530	2	57	3
s49	3	41	3
s81826	2	82	1
s81534	3	103	3
s599	4	523	1
s3464	2	57	1
s83270	2	147	3
s121164	2	29	1
s1069	5	139170	1
s82813	3	3577	1
s120864	2	330	3
s125495	2	1	1
s114523	2	2	3
s3095	4	50	1
s229	2	76	3
s114812	2	53	1
s140404	2	6	1
s1206	4	245570	3
s82005	3	5780	1
s114515	2	84	3
s257	4	65	1
s82619	2	372	1
s125386	2	117	3
s105693	4	196	3
s105764	3	136	3
s853	4	136222	1
s4016	2	60	3
s129138	2	219	1
s2504	4	232072	3
s877	4	34244	3
s2159	2	245	1
s82099	2	2828	1
s4276	4	1994	1
s647	4	330	3
s83110	4	412	3
s303	4	3157	1
s105558	2	630	1
s131900	2	79	3
s3975	4	23	3
s120753	2	16	3
s2623	4	225	1
s1490	2	51	3
s131921	2	1	1
s3878	2	3	1
s918	4	52559	1
s4044	3	63	1
s105415	4	777	3
s125478	2	871	3
s114951	3	114	1
s82376	4	669	3
s82247	4	288	1
s4212	2	58	3
s82392	2	22	1
s81518	3	2	1
s81789	2	1991	1
s4243	4	7572	1
s1906	3	5	1
s2628	4	46344	3
s3128	4	4	1
s4247	4	71553	3
s905	4	116	1
s132034	2	94	3
s4493	4	76	1
s81857	2	1	1
s81587	2	462	1
s3247	2	196	1
s3468	3	433	1
s114858	2	15	1
s140217	2	16	1
s82911	4	192	1
s1763	2	615	1
s3307	4	10687	1
s105200	2	134	1
s1080	4	8423	1
s81717	3	84	3
s120979	4	553	3
s81484	3	25	1
s2107	4	29095	3
s105542	4	1352	1
s3824	4	177658	1
s971	2	117	3
s83207	3	87	1
s105663	3	124	1
s114593	2	71	1
s120804	2	1	1
s3037	4	7055	1
s2122	4	76806	3
s4436	4	12659	3
s543	2	202	1
s2853	3	97	3
s28	2	1	3
s82774	2	181	3
s3355	4	3808	1
s83	2	54	3
s3157	2	203	3
s98	2	98	3
s83064	2	57	3
s4829	2	343	3
s81683	3	50	1
s4445	3	58	1
s4141	4	243	3
s131937	2	139	1
s105494	3	227	3
s4540	2	476	3
s4969	4	7882	1
s82088	2	1	1
s1107	5	20880	3
s4258	4	194397	1
s134724	2	117	1
s81648	4	123	1
s260	4	17	1
s2326	4	107284	1
s114915	2	282	3
s82029	2	274	1
s114798	2	1	1
s114512	3	47	3
s2804	4	142886	3
s81955	3	642	1
s139632	2	1072	3
s129219	2	1453	1
s2683	4	583	1
s82754	2	93	1
s4774	2	155	1
s104864	2	70	3
s120987	2	7	3
s115036	2	65	3
s2366	2	5	1
s82990	4	457	3
s81528	4	26	1
s2212	2	351	1
s2858	5	12558	3
s5409	4	55552	1
s143421	2	336	1
s115006	3	8	1
s82459	3	646	1
s700	2	173	1
s2381	4	19752	1
s1670	2	5	1
s2715	4	16167	1
s5100	3	15	1
s81850	5	242	1
s83241	2	270	1
s81610	3	315	3
s299	2	1394	1
s129080	2	288	1
s1390	4	124921	3
s2001	4	144542	3
s4411	2	27	1
s477	4	35	1
s5381	3	8	1
s5365	4	129	3
s105710	2	91	1
s5045	2	240	3
s83298	4	46	1
s2681	4	13860	1
s4187	2	76	3
s2093	4	114282	3
s81787	2	323	1
s3130	6	293	1
s236	4	899	3
s120816	2	6071	1
s2747	4	9249	3
s2755	4	1921	1
s2882	2	75	3
s82028	2	170	1
s4278	4	176210	1
s843	2	51	3
s684	4	225	3
s4454	4	249	1
s120924	2	152	3
s143348	2	56	1
s747	5	1010	1
s104915	2	69	3
s125522	2	12	1
s3907	4	113450	1
s138259	2	627	3
s1449	2	329	1
s555	3	73	1
s105515	2	171	1
s82337	4	79	1
s241	2	1	1
s3965	4	216915	3
s3808	4	95291	3
s3045	2	743	1
s134789	2	434	3
s140524	2	1	1
s121088	2	52	1
s1950	2	173	1
s104930	2	322	3
s81566	2	677	1
s1500	4	1	3
s134650	2	55	3
s3699	4	2521	3
s82089	3	88	1
s104836	2	313	3
s138272	2	65	3
s114524	2	7	1
s105141	2	14	1
s105381	2	133	3
s3313	4	267645	1
s82171	2	165	3
s3457	4	121	3
s4703	4	34122	1
s61	4	1	1
s172	3	115	1
s104843	2	178	3
s82122	2	317	1
s1026	3	32	3
s4103	3	119	1
s1013	4	124248	3
s3244	4	11780	1
s81811	2	19	1
s1228	4	49432	3
s120854	2	118	3
s2408	4	29871	3
s104817	2	56	1
s832	4	38808	3
s105164	4	260	3
s82732	4	270	3
s82759	2	90	1
s143378	2	181	3
s615	5	2	1
s351	3	18	3
s1830	4	34599	3
s2697	2	19159	3
s134738	2	90	1
s143343	2	339	1
s1537	2	1	3
s3293	3	1768	1
s120871	2	365	1
s2209	4	86386	1
s200	4	96	3
s83067	3	160	3
s114631	2	283	1
s114659	2	104	1
s105128	3	158	1
s2584	2	5	3
s1675	4	16449	1
s2716	4	28532	1
s82269	2	106	1
s3669	4	114802	3
s4903	4	23855	1
s81625	2	56	3
s125545	3	107	3
s1838	4	137971	3
s2167	2	2964	3
s138204	2	162	3
s81652	4	332	1
s134628	2	1297	1
s81428	2	148	1
s83192	3	76	3
s1060	3	11	1
s3155	2	1	3
s5339	2	64	1
s3190	3	78	3
s2875	3	1324	3
s138255	2	2806	1
s143393	2	1089	3
s5226	2	110	1
s2011	4	701	1
s82470	3	21	1
s105149	2	1625	3
s143371	2	117	1
s1220	4	47030	1
s125379	2	75	1
s82994	3	941	3
s4018	4	70001	3
s2709	4	49681	3
s82838	2	334	1
s4766	2	103	3
s55	4	126	3
s5176	4	443	3
s81567	2	324	1
s1877	3	22	1
s105664	3	141	3
s1216	2	3	1
s4295	4	60258	1
s4713	2	1661	1
s82166	4	818	3
s134706	2	66	1
s755	2	1	3
s82275	3	101	3
s105313	3	896	3
s105432	4	15	1
s1507	2	52	1
s81496	4	548	1
s675	4	457	1
s1073	4	196834	1
s4000	2	182	1
s4580	4	145291	3
s138325	2	60	3
s81806	2	328	3
s114779	2	70	3
s129025	3	203	3
s3642	4	129867	1
s125487	2	93	1
s114923	4	1506	1
s83316	4	343	1
s4596	4	157166	1
s3566	3	26807	3
s386	2	85	3
s129037	2	72	1
s2807	4	13621	1
s105460	5	596	1
s3020	4	5184	1
s83137	3	1184	1
s81974	3	1675	3
s137972	2	88	1
s82435	4	141	1
s1234	4	106739	1
s1588	2	177	1
s140221	2	167	3
s4835	4	119352	3
s115070	2	132	3
s4848	2	69	1
s1776	4	87356	1
s2662	4	77998	3
s81461	3	663	3
s105656	2	56	1
s83013	4	143	3
s38	3	14	3
s82529	3	19	3
s1513	4	74373	1
s114548	2	76	1
s607	2	104	1
s530	2	209	1
s121160	2	331	2
s82380	4	373	1
s114777	2	6249	3
s4038	2	9	3
s2498	2	3	1
s81777	3	56	3
s13	4	9886	1
s120909	2	118	1
s81351	3	135	3
s129180	2	97	3
s125547	2	12	3
s114856	4	2329	1
s83292	4	48	3
s140410	2	47	1
s114709	3	17	3
s81779	4	174	3
s83070	4	92	3
s82787	2	505	1
s105073	3	165	3
s5046	3	29	3
s3107	4	86	1
s210	3	186	3
s120881	2	96	1
s1261	4	237766	1
s105359	2	2667	3
s5242	4	2265	3
s143339	2	650	1
s461	2	109	3
s104832	2	55	1
s1244	4	134398	3
s4530	4	93525	3
s83313	3	68	1
s2411	2	6704	3
s81357	4	18	3
s138333	2	214	3
s2765	2	67	1
s137943	2	101	3
s105745	3	125	3
s83082	5	161	1
s81897	2	25	1
s2987	3	56	1
s3151	4	24362	1
s3631	2	85	1
s120910	2	259	1
s142611	2	275	1
s81813	2	1	1
s5246	4	1119	3
s82478	2	95	3
s118	4	1297	1
s114641	2	113	1
s82920	2	183	1
s3858	2	294	1
s2407	4	86438	3
s134808	2	146	3
s2797	4	39303	3
s140250	2	87	3
s2574	4	121248	3
s1674	4	106	1
s82665	5	81	3
s1698	4	120017	3
s81503	2	1045	1
s4568	2	1	1
s82486	2	72	1
s140230	2	65	3
s4067	2	205	3
s131944	2	3	1
s82750	3	15	1
s724	4	13457	1
s2426	4	166852	1
s105467	2	115	1
s131909	2	104	3
s1291	5	206952	3
s356	4	7	1
s139618	2	228	3
s3341	4	173500	1
s5414	4	4194	1
s3302	4	1761	1
s81665	3	41	3
s82919	5	217	3
s3706	4	63717	3
s105715	2	70	3
s120835	4	426	1
s129041	2	317	3
s2233	4	242	3
s82410	2	273	1
s3379	4	105690	3
s4032	4	66350	3
s114932	2	243	1
s2904	4	248	1
s82431	4	57	1
s81356	2	57	3
s104898	2	4	1
s2745	2	119	3
s105598	4	2126	1
s301	2	319	1
s4281	2	64	1
s2790	3	65552	3
s1562	3	9	1
s360	4	3301	1
s114572	2	81	3
s82049	2	50	3
s2344	2	95	3
s82623	2	81	1
s140469	2	1996	3
s3628	4	61311	1
s81622	2	68	1
s4644	4	589	3
s570	4	374	1
s4911	4	81426	1
s3725	2	60	3
s1984	4	5903	3
s82845	2	90	3
s668	4	154	1
s104992	2	35	1
s4869	4	36150	3
s82634	3	525	1
s3813	4	112373	1
s2726	2	1	3
s120939	2	4	3
s793	4	11108	1
s140430	2	442	3
s1121	5	138011	1
s1666	4	58075	1
s1746	4	3528	1
s2029	4	138012	3
s4482	2	69	1
s114636	3	152	3
s5213	2	108	1
s4572	4	87381	3
s83258	2	228	3
s1985	2	913	3
s5014	4	74303	1
s1128	4	152894	1
s82762	2	2	1
s2041	4	25726	3
s1914	4	471874	1
s2608	4	80256	1
s1958	4	108320	1
s138310	2	1	1
s105310	3	82	3
s3835	2	59	1
s1410	4	69795	1
s872	4	159386	3
s81819	2	20	1
s105001	3	17	1
s104891	2	106	1
s104993	2	7	1
s82081	2	230	1
s4974	4	112692	1
s1695	4	270230	3
s104970	2	64	1
s1840	4	1473	3
s864	4	30022	3
s468	2	3	1
s82705	2	4	3
s81562	2	780	3
s134654	3	35971	3
s3404	4	36158	3
s121069	3	351	3
s105155	2	116	1
s5295	3	60	3
s441	2	15	3
s125433	2	2428	3
s192	4	491	1
s4876	2	156	3
s5032	4	68575	3
s4620	2	87	1
s82303	4	3717	3
s4639	3	1550	1
s82288	3	162	3
s4233	4	280781	3
s104951	2	50	1
s2600	2	111	1
s82222	3	182	1
s115053	2	316	1
s137939	2	317	1
s1122	4	215455	1
s105474	3	7	3
s82389	2	1	1
s105026	2	87	3
s3198	4	63336	3
s2346	2	16	1
s115037	4	116	3
s3946	4	80401	1
s2992	2	38	1
s988	4	48244	1
s869	4	9239	3
s2830	4	22761	3
s1806	4	6254	3
s387	4	5277	3
s2523	4	6164	3
s129095	2	140	3
s2156	4	30591	1
s669	2	168	1
s3027	4	18388	1
s3145	4	10	1
s105548	2	154	3
s5150	2	156	1
s114934	2	212	3
s389	4	50368	3
s1800	4	119	1
s105296	2	98	3
s5127	4	92107	3
s113	2	84	3
s4918	4	36135	1
s2435	4	276124	1
s3393	4	29166	3
s105049	2	71	1
s1114	4	419	3
s5428	4	417	1
s81668	3	3	3
s4066	4	2797	3
s3336	4	111736	1
s82793	2	348	1
s4861	4	47118	1
s81776	2	97	3
s4882	2	434	1
s81901	2	820	1
s1953	4	429508	1
s114900	2	1104	1
s81426	2	163	1
s2071	4	46	1
s1455	2	571	1
s3049	2	507	1
s4801	5	53615	1
s4642	4	4693	1
s82007	3	6	1
s81598	2	132	1
s1832	2	6	3
s3602	2	106	1
s3668	2	56	3
s3801	4	152252	1
s845	2	2	1
s4159	4	233923	3
s82379	4	410	1
s83179	3	37	3
s125572	2	2806	1
s82936	3	269	3
s3904	2	2	1
s129156	2	2	1
s125538	3	1667	3
s1465	4	19591	1
s547	4	594	1
s125348	4	3019	1
s3365	2	334	1
s82388	3	12	1
s3308	4	7731	1
s121188	3	1204	1
s2714	2	1	1
s3760	4	181	1
s120908	2	5	1
s3440	4	157780	3
s5240	3	18	3
s120986	2	8	1
s4327	4	169184	1
s121155	2	348	3
s83096	5	319	1
s916	4	74	1
s2863	2	176	1
s125382	2	62	3
s1133	4	6	1
s5336	4	128311	1
s15	4	171305	1
s114824	3	631	1
s114825	3	249	1
s105357	5	754	3
s3140	4	96706	1
s3872	4	166713	1
s2618	4	40955	3
s919	3	31	1
s125546	2	1	3
s1643	3	51	1
s81770	4	73	3
s4931	4	50538	3
s83094	3	156	1
s131915	2	62	1
s3533	2	78	1
s82625	3	498	1
s121124	2	110	1
s3633	4	46031	1
s82969	2	5	3
s3682	4	42730	3
s81989	3	2	1
s5064	2	124	3
s115044	4	729	3
s1345	4	319	1
s3016	2	31	1
s134780	4	273	1
s3202	4	291	3
s105089	2	2	1
s4792	2	170	1
s82378	2	1	3
s2113	4	531	3
s129231	2	121	3
s5159	2	246	1
s114680	2	11454	1
s81994	2	319	3
s115091	2	4	1
s105570	4	931	1
s115043	2	334	1
s3406	4	48062	3
s129176	2	70	1
s105352	5	1309	1
s82685	2	22	1
s3565	4	37644	3
s143411	2	178	1
s4840	2	75	1
s3226	2	885	1
s3100	4	9	1
s2591	4	397546	3
s3632	4	188624	1
s105024	2	2358	1
s3742	4	114352	3
s4503	4	18067	1
s120953	2	135	3
s2348	4	7720	1
s2970	2	5769	3
s125345	2	2142	1
s114610	3	122	1
s4930	2	64	3
s1808	5	626	3
s680	2	7	3
s132021	2	421	1
s2978	4	248158	3
s140276	2	837	1
s134799	4	80	1
s2606	2	15	1
s104973	2	149	3
s5020	4	47	1
s2442	4	56910	1
s3871	4	69484	1
s994	4	243158	1
s115085	3	1770	1
s4531	4	119679	3
s138307	3	132	3
s4947	3	280	1
s125511	3	221	3
s2748	2	111	3
s114885	4	685	1
s82621	2	81	1
s83065	3	28	3
s105568	4	3690	1
s139624	2	82	1
s81710	2	3129	3
s4488	2	53	1
s82852	2	140	3
s2937	4	22534	3
s5069	4	13072	3
s134784	4	339	3
s849	2	57	1
s131969	2	25	3
s3531	2	316	1
s4017	4	220427	3
s83010	3	864	1
s1028	3	33	3
s81706	2	214	1
s82783	3	91	1
s1827	4	94212	1
s4373	3	65	1
s136	4	25	3
s1307	4	1054	3
s115049	2	2	1
s114604	2	66	1
s129051	2	70	1
s5337	2	405	1
s2471	2	124	3
s3369	4	423	1
s1313	2	5	1
s81457	3	57	1
s104934	2	154	1
s114600	2	130	1
s1175	4	667	1
s114898	4	1043	3
s82259	2	137	1
s23	4	95	1
s81502	4	881	1
s115010	2	74	1
s81768	3	225	3
s120752	2	120	3
s138235	2	120	1
s5101	3	29	1
s4794	4	178	1
s3199	2	21292	3
s4666	4	77641	3
s2994	2	88	1
s129181	4	700	3
s483	5	150	3
s140424	2	151	1
s2307	4	51228	1
s2827	2	99	3
s82548	2	63	3
s143418	2	1	3
s1039	5	28460	3
s1919	4	268	1
s82475	2	888	1
s3325	4	71330	1
s1247	4	21	3
s138208	2	55	0
s4087	2	3	1
s3716	2	3	3
s4920	4	45087	1
s2295	2	77	1
s82771	2	123	3
s105484	4	188	1
s121161	2	21293	2
s139621	2	99	1
s120963	2	254	1
s2033	2	66	3
s2486	5	69828	1
s105714	2	8	1
s2451	4	47097	1
s134642	2	329	1
s125455	2	25	1
s5375	4	33	3
s2422	4	182241	1
s2587	4	12	1
s81713	2	77	1
s137986	2	81	1
s82404	3	106	3
s137966	2	1	3
s82714	3	202	3
s932	4	69438	3
s2736	4	198336	3
s139649	2	17	2
s125427	2	118	1
s5104	3	143	1
s81944	3	91	1
s281	4	25785	1
s4166	2	17	1
s985	2	1	1
s105301	2	55	3
s140527	2	52	1
s2695	3	6181	3
s2300	4	29083	1
s105644	4	302	1
s138347	2	1	1
s165	4	7423	1
s1253	2	166	1
s1785	4	257	1
s82418	3	250	1
s5200	3	8	3
s104957	2	2	3
s1701	2	262	3
s5215	2	90	1
s82691	2	127	1
s121133	2	165	1
s2427	4	128503	1
s105136	2	75	1
s37	4	820	3
s1064	3	11	1
s105707	4	121	3
s81389	2	10	1
s4556	2	7	1
s1658	4	180	1
s5185	4	5930	3
s82706	2	582	3
s105394	4	1547	1
s125380	2	67	3
s82517	4	316	1
s1966	4	151783	3
s3421	3	57	3
s110	4	98	1
s82866	2	22826	1
s125605	3	16	1
s105447	2	64	1
s105356	2	301	3
s4443	4	64386	1
s121053	2	64	1
s1696	5	159616	3
s114533	2	10	1
s82357	3	52	1
s81851	2	73	1
s114866	4	295	3
s82678	4	179	1
s81600	2	27	1
s1198	3	6	1
s139610	2	85	1
s1487	4	3346	1
s3028	4	1661	1
s115081	2	31	1
s4793	4	58441	1
s341	4	1497	1
s129209	2	360	1
s129179	4	660	3
s83247	2	139	1
s82118	2	4	1
s467	4	532	1
s1901	4	58481	3
s3494	4	8779	1
s505	3	515	3
s2556	4	80345	1
s1709	4	151386	1
s120957	2	135	3
s139616	2	55	3
s2157	4	20	1
s294	4	44858	1
s388	4	63988	3
s83215	2	454	1
s125623	2	141	1
s2532	2	52	1
s4547	4	171	1
s2129	2	138	1
s140416	2	50	3
s5411	4	139	1
s132063	2	216	3
s81464	3	39	1
s82424	3	48	1
s140511	2	1	1
s1839	2	50	3
s82978	3	66	3
s4273	3	87	1
s4274	3	3	1
s105193	2	57	3
s4942	4	4011	1
s114755	2	36	1
s104849	3	42	3
s2489	2	130	1
s3789	2	3	1
s4072	4	418000	3
s1086	3	33502	3
s369	2	78	3
s4198	4	29495	1
s4625	4	2904	1
s83290	4	77	3
s83225	3	37	3
s4262	5	121	1
s1096	4	14259	3
s105350	3	120	1
s81597	2	95	1
s115033	4	595	3
s81986	2	312	1
s3548	4	140868	1
s83186	3	130	3
s120927	2	42	3
s1491	4	29200	3
s83159	2	245	3
s4565	5	274	1
s105370	2	1	1
s121060	2	5	1
s129205	3	1712	3
s114865	2	15	3
s81903	2	260	1
s140258	2	128	1
s1059	2	12	1
s2053	2	25	1
s3040	4	288487	1
s1688	4	63508	3
s3396	2	1	3
s286	3	582	1
s114792	3	555	3
s120904	2	141	3
s1008	4	112142	3
s265	4	62	1
s139641	2	321	3
s743	2	255	1
s125477	2	441	3
s140484	2	114	3
s2492	4	124149	1
s729	3	2	1
s3387	2	74	1
s1005	4	181	3
s81532	2	9	1
s2594	4	32907	1
s1570	5	1	1
s120960	2	1455	1
s105070	3	5888	3
s120973	4	171	3
s1169	3	10	1
s162	4	4063	1
s3159	2	2	3
s3044	4	17306	1
s82209	3	81	3
s82580	3	149	3
s105105	5	637	3
s1650	2	80	3
s527	3	2	1
s105388	4	4134	3
s4818	4	134716	3
s121004	3	13	1
s104869	2	90	3
s125441	2	18	1
s105111	2	322	1
s81445	2	50	1
s83185	2	16	3
s81494	4	18	3
s2357	2	327	1
s129112	2	483	1
s4118	4	184307	1
s82680	3	26	1
s104952	2	1	1
s5318	2	2	1
s484	2	25	3
s125371	2	2659	1
s105573	4	4998	1
s1426	4	24598	1
s4599	2	80	3
s134637	2	236	3
s81524	4	108	1
s82583	4	60	3
s115074	2	50	3
s4610	2	14	1
s2491	4	8159	1
s2125	2	1	3
s1302	4	43	3
s81387	3	765	1
s4951	2	330	1
s1819	4	438863	1
s129091	2	83	1
s81871	3	55	3
s82686	2	53	1
s3522	4	297075	3
s1047	4	153093	1
s120785	2	319	1
s96481	3	205	1
s125437	3	355	1
s5042	4	36	3
s2711	4	212047	3
s2110	2	9	1
s81946	2	1079	3
s82523	3	49	3
s105182	3	8	1
s82148	2	126	3
s81539	3	389	3
s346	4	25527	3
s1910	2	55	1
s2903	2	16	1
s134792	4	192	1
s134668	2	56	1
s105203	2	171	3
s81840	3	97	3
s82764	2	58	3
s81402	2	71	3
s3912	2	322	3
s1369	2	1	1
s105372	2	21	1
s1162	2	213	1
s82387	3	27	1
s2922	4	106714	3
s114520	2	56	3
s2636	3	6	1
s81836	2	77	1
s2703	4	29201	3
s5315	4	588	1
s81397	2	96	1
s83283	4	51	1
s1322	4	61112	3
s105100	2	50	3
s121100	3	26	1
s913	3	21	1
s82719	4	10	3
s105315	4	125	3
s1214	2	4	1
s1699	2	121	3
s2184	4	8267	1
s2372	4	226753	1
s4227	2	3	1
s82211	3	19	3
s2612	4	289161	1
s121061	2	10	3
s2931	4	153226	3
s2319	4	333029	1
s2850	4	61348	3
s3207	2	590	3
s283	4	74	1
s4854	4	84020	1
s140449	2	324	3
s1033	4	147586	3
s138316	2	370	3
s1375	4	82433	3
s114954	4	139	1
s1312	4	84124	1
s81479	2	52	3
s81601	3	126	3
s3959	4	10375	1
s131949	2	391	3
s522	3	167	1
s1471	4	14370	3
s131923	2	96	3
s3443	4	41536	3
s5146	4	8796	1
s981	4	9097	1
s82426	3	431	1
s129187	4	79	3
s83253	4	773	1
s3238	4	1578	1
s81616	2	2207	1
s892	4	41936	1
s128999	2	62	1
s4927	2	263	3
s142610	2	467	1
s3485	4	176390	1
s394	3	31	3
s2404	4	472807	3
s2363	4	113166	3
s3795	3	1	1
s114939	4	505	3
s81361	2	74	1
s3937	2	27	1
s4204	2	1923	1
s105691	4	42	3
s4957	4	239649	1
s183	4	236	1
s83139	3	1639	3
s82214	2	75	3
s115072	2	281	1
s81715	2	144	1
s3167	4	947	1
s1891	4	1106	3
s5308	3	7	3
s82692	2	145	1
s82181	2	176	3
s105343	4	1255	1
s82922	3	84	1
s3819	4	107	1
s5302	4	23536	3
s140248	2	63	3
s82341	2	439	1
s3220	9	314	0
s5202	3	96	3
s3015	4	1873	1
s4944	2	52	1
s4302	4	14	3
s129106	3	40	3
s4186	4	166683	3
s171	4	119	1
s104914	2	249	3
s1694	4	77	3
s2933	4	63503	1
s129101	2	10	1
s4736	2	72	1
s125564	2	66	1
s81830	2	59	3
s3572	4	20302	3
s4300	4	102438	3
s82977	3	595	3
s81916	2	152	1
s4133	4	1540	3
s82041	4	171	1
s3623	2	51	1
s100	4	4436	3
s81411	2	256	3
s1499	4	43662	3
s4871	2	295	3
s82377	3	140	1
s2611	4	115953	1
s1823	2	1	1
s120893	4	472	3
s201	3	61	3
s2056	4	185839	1
s3555	4	17355	1
s3908	4	82760	1
s917	4	81717	1
s4613	3	84636	1
s1019	4	23999	3
s2488	4	149476	1
s4492	4	169	1
s2974	2	54	3
s121196	2	319	1
s973	4	74000	3
s120971	4	2926	3
s115083	2	287	3
s137975	2	1	1
s3466	3	106	1
s120874	3	98	1
s105047	2	52	3
s2814	4	73727	1
s81469	2	276	1
s82898	2	434	1
s83181	4	226	3
s4696	2	27	3
s5205	4	116	3
s4884	4	88802	1
s960	4	94	1
s1062	2	2	1
s2459	4	93835	1
s4521	3	412	3
s125578	4	2404	1
s105549	4	245	3
s114596	2	84	3
s134758	2	112	1
s105771	2	1737	3
s82820	4	61	3
s82220	4	60	1
s81498	4	192	1
s3615	2	22	1
s115086	4	3188	3
s105327	2	1	3
s121121	4	153	3
s82445	3	18	1
s2883	4	3178	3
s83062	4	20	3
s1164	2	9	1
s2324	4	76505	1
s104887	3	88	1
s3163	4	294	3
s83275	2	452	3
s1915	4	273514	1
s4507	4	79960	1
s1518	4	50325	1
s82008	2	40	3
s105671	2	203	3
s88	4	4287	3
s804	6	16620	3
s2474	4	106941	3
s104814	2	5	1
s1724	4	4267	1
s132082	2	204	1
s83045	4	45	3
s125425	2	94	1
s3655	4	312	3
s82485	2	325	1
s4950	4	111	1
s2844	4	4538	3
s3834	4	61461	1
s4308	2	119	3
s82442	2	65	1
s114673	2	325	3
s132028	2	280	1
s773	4	34281	3
s139614	3	52	3
s121150	2	10	3
s3281	4	45	1
s313	4	21353	1
s328	4	4918	3
s129047	2	187	1
s2667	3	70	3
s81604	2	15	1
s4299	2	2428	1
s2040	2	2418	3
s1532	3	45	3
s963	3	162	1
s4298	4	15668	1
s2418	4	52734	3
s3883	4	172238	1
s2325	2	317	1
s105329	2	180	3
s4468	4	114580	3
s105300	2	103	1
s83165	4	44	3
s81429	2	322	3
s83282	2	9	3
s4506	2	9	1
s134710	2	131	1
s82395	2	9	3
s143351	2	136	1
s5040	4	109	3
s2402	4	143828	3
s311	2	103	1
s230	4	244	3
s82454	3	140	1
s82479	2	301	3
s81740	4	398	3
s2153	4	33780	1
s3426	3	271	3
s129102	2	57	3
s105320	2	75	3
s82851	2	139	3
s83190	4	176	3
s125449	2	76	1
s3997	2	171	1
s105773	4	15	3
s1036	2	63	3
s105082	4	40	3
s379	2	5	1
s4483	4	130183	1
s355	2	5	3
s2555	4	399372	1
s952	2	227	3
s2196	5	41064	1
s860	4	9	3
s140471	2	355	1
s3229	4	21	1
s105633	3	302	1
s121018	2	562	1
s3805	3	108	3
s362	4	11416	3
s105734	2	8	3
s120846	2	64	3
s2508	4	817	3
s4395	2	28	1
s125429	2	551	1
s129147	3	60	1
s105016	2	7334	3
s105074	2	3	3
s129214	2	1	1
s125419	2	3	1
s5222	4	29582	3
s4051	4	94076	3
s1260	4	2330	1
s886	4	8552	3
s2727	3	8	3
s105170	3	38	1
s131	3	192	1
s3865	4	46238	1
s134686	2	240	1
s115026	2	141	3
s1887	4	66797	1
s5345	2	55	1
s82585	2	91	1
s83183	3	38	3
s121031	2	81	1
s83311	3	65	1
s81591	2	204	1
s3330	4	275620	1
s3354	4	307674	1
s82241	2	23	1
s4057	4	1548	3
s137969	2	476	3
s4910	3	29	3
s81872	2	5	3
s82655	4	364	1
s129090	2	65	1
s3967	2	335	3
s961	4	1763	1
s82234	2	56	1
s120934	2	112	3
s4922	2	315	1
s4934	3	151	1
s3080	2	22	1
s1543	4	1436	3
s1263	4	83887	1
s82526	3	23	3
s140520	2	52	3
s120840	2	323	3
s152	2	183	1
s115032	2	116	3
s803	4	18	3
s73	4	8464	3
s114639	2	210	1
s125475	2	774	1
s83077	2	170	3
s132022	4	399	1
s1962	4	5737	1
s81825	2	1	1
s81712	2	79	3
s4891	4	58	1
s139611	2	2417	1
s2440	4	44921	1
s4353	2	90	1
s1982	2	324	3
s473	4	1008	1
s83166	4	132	3
s129015	3	12588	1
s120972	2	296	3
s121091	3	204	3
s114697	2	51	1
s105523	3	274	1
s140523	2	67	1
s105636	4	393	1
s3101	2	296	1
s138211	2	2269	1
s852	4	199096	1
s3187	4	141	1
s3385	4	127297	1
s3817	2	110	1
s4085	3	32785	3
s5245	4	2935	3
s121014	2	13	1
s819	2	154	3
s121084	2	406	1
s2257	4	12	1
s81870	3	3	1
s81666	4	107	3
s859	4	388	3
s121129	2	77	1
s2223	2	121	3
s121037	3	115	1
s3357	2	58	1
s3715	4	119	3
s3866	4	12348	1
s2551	2	17	1
s584	2	98	3
s58	2	5874	1
s4034	4	23811	3
s635	2	264	3
s912	2	122	1
s1858	2	144	1
s82349	2	33	1
s114853	3	190	1
s132023	2	105	1
s4397	4	60645	1
s82132	2	106	3
s1843	4	90924	3
s82886	2	135	1
s1789	4	58524	3
s2893	3	1025	3
s3013	4	3697	1
s121058	2	49	1
s114982	2	91	1
s105534	3	1462	1
s744	3	47	3
s4272	4	28450	1
s4464	4	23233	3
s4824	4	180	3
s114787	2	606	1
s5418	4	111	1
s83301	2	423	1
s114765	2	1	3
s105726	2	60	3
s4048	4	220	1
s3651	4	59617	1
s3058	2	66	3
s129216	2	1540	1
s883	4	30451	3
s143347	2	80	1
s82607	3	121	3
s2292	4	28327	1
s125486	3	101	3
s1856	2	52	1
s82210	3	23	3
s115052	2	57	1
s3266	4	189	3
s121046	4	222	1
s114783	2	253	1
s114992	4	242	1
s2867	2	2573	3
s83259	2	1184	3
s1538	4	11	3
s5351	4	40588	1
s121104	2	129	1
s2204	4	4997	3
s105092	2	1	1
s83106	3	263	3
s82735	4	84	3
s82928	3	121	3
s4907	4	9	1
s1241	4	24150	3
s129032	2	70	3
s496	2	67	3
s81487	4	115	3
s2115	4	145823	3
s139619	2	3	3
s2132	4	136408	1
s125542	3	45	3
s405	3	299	1
s3831	4	280	3
s82054	5	262	3
s2210	2	315	1
s2242	4	62110	1
s81726	2	50	3
s209	4	70	3
s3956	2	13	1
s125506	2	456	3
s160	4	18495	1
s2959	4	45	1
s2719	4	33710	1
s1831	4	148	1
s3360	4	22092	1
s81635	3	49	1
s846	4	110	1
s1149	2	8	3
s3204	4	189	3
s4815	2	103	1
s5193	4	287	3
s1081	2	5	1
s1553	4	145391	3
s129126	2	51	1
s129210	3	113	1
s4360	4	37668	1
s1941	5	1570	1
s2097	3	293	3
s105705	4	35	1
s105555	2	123	3
s5132	2	181	1
s120976	2	126	3
s835	2	100	3
s2258	2	62	1
s81780	2	81	3
s4834	4	4493	3
s114678	2	95	1
s83115	2	7	1
s5001	4	121707	3
s82500	2	899	1
s3739	2	10	3
s390	2	70	3
s81684	2	31	1
s121157	2	594	1
s129199	2	415	3
s120750	3	76	3
s5083	2	82	1
s82798	3	65	1
s83197	2	324	1
s1282	4	252831	1
s1928	4	134338	1
s5197	2	94	3
s129172	3	61	1
s82710	3	272	1
s3645	4	31791	1
s3940	4	167	3
s4149	3	27	3
s5326	4	29	3
s4487	4	59141	1
s1453	2	50	1
s2733	4	25	1
s143609	2	662	1
s131960	2	83	1
s83213	2	3	3
s81985	2	58	1
s627	4	10215	3
s105252	3	236	3
s381	3	232	1
s2972	2	56	3
s125453	2	138	3
s114635	3	530	1
s82900	2	71	1
s5388	4	592	1
s4664	2	369	3
s114671	2	305	1
s3687	4	14958	3
s105699	2	10	3
s81909	3	1474	1
s1766	4	5112	1
s5284	2	1	3
s4868	4	168388	3
s4078	2	69	1
s69	2	92	3
s2835	4	120471	1
s4459	4	51743	1
s81771	3	137	1
s3923	2	183	1
s2979	4	124519	3
s3487	2	52	1
s114953	2	360	1
s5257	4	99	3
s4746	2	417	1
s120897	2	1	1
s143373	2	9	3
s114893	2	70	3
s114867	2	255	3
s4573	2	66	1
s120845	2	9	3
s2754	2	9	3
s2145	4	2756	3
s654	4	9351	3
s2050	4	65187	3
s105338	2	280	1
s104848	2	71	1
s105311	2	65	3
s352	2	58	3
s129049	2	55	1
s737	4	3975	1
s5278	4	221	3
s138301	2	61	1
s105189	2	60	1
s81557	2	54	1
s140539	2	36	3
s2120	4	166855	3
s137989	2	159	3
s3353	3	69831	1
s4255	3	76	1
s707	4	5702	1
s2036	4	4427	3
s82292	3	5	1
s3525	4	453229	3
s105069	3	24	3
s962	3	117	1
s121180	2	61	1
s114926	2	80	1
s121190	3	37	1
s83128	3	220	1
s83182	3	31	3
s101	3	77	1
s147	2	1	1
s129237	2	1573	1
s81480	2	53	1
s108	3	103	1
s1924	4	12888	1
s2900	2	1034	3
s83002	2	106	1
s4148	4	1056	3
s81651	2	56	3
s3606	4	59725	3
s5425	4	16264	1
s4193	4	528948	3
s1184	2	2	1
s115002	3	5158	1
s3575	4	9637	3
s2896	4	83695	3
s125548	2	156	3
s2728	4	250	3
s105198	2	318	3
s609	3	180	1
s129084	2	105	3
s2989	4	326355	1
s143413	2	114	1
s3743	2	82	3
s82847	2	54	3
s81476	3	156	1
s140426	2	70	3
s794	3	174	1
s4900	2	62	1
s81403	2	254	3
s4890	4	54	1
s1177	2	2142	1
s105615	4	210	1
s1971	4	151372	3
s50	4	230	3
s105544	2	3	1
s104935	2	97	1
s1590	4	244811	1
s82228	2	79	3
s4450	4	37244	1
s4693	2	306	3
s120768	2	82	1
s131935	2	249	1
s82001	2	20	3
s4769	4	6932	3
s2624	2	54	3
s3526	4	183374	3
s138248	2	261	3
s105323	2	605	3
s1667	2	1	1
s1791	4	9566	3
s81822	3	66	3
s129140	2	364	3
s82587	4	87	1
s1385	2	2822	1
s129155	3	71	1
s978	4	18319	1
s82689	2	83	1
s5374	3	843	1
s82543	3	159	3
s81911	2	23	1
s2243	4	100646	1
s121063	2	99	1
s593	5	31	1
s2256	2	15	1
s2915	4	1230	1
s5043	4	532	3
s4176	2	6	3
s139639	2	5081	1
s4291	4	131424	1
s2756	4	255135	1
s2890	4	69057	3
s131990	2	120	1
s83158	3	1742	3
s82682	3	43	1
s82430	3	396	1
s82036	3	518	3
s82493	2	183	3
s3241	4	18362	1
s3955	3	84	1
s121175	2	72	1
s4123	4	135929	3
s3497	2	215	1
s1559	4	66498	3
s82527	3	229	3
s82510	4	188	3
s129002	2	1	1
s81673	4	284	1
s2741	2	7583	3
s125491	2	70	1
s2772	4	279	1
s105271	2	466	1
s105768	5	715	3
s82980	4	385	1
s3209	4	365	3
s82466	4	207	1
s120922	2	96	3
s4651	2	18	3
s175	4	60	1
s105790	2	455	1
s105490	4	538	3
s81459	2	375	3
s3729	2	30	1
s82741	2	1	3
s105095	3	292	3
s5077	2	87	3
s3248	3	41	1
s3892	2	301	1
s81371	3	88	1
s114977	2	30	1
s1257	4	14554	1
s105620	2	405	1
s1109	2	62	3
s1259	4	287444	1
s82869	2	50	3
s1633	2	52	1
s4694	4	34451	3
s2403	2	107	3
s81762	4	48	3
s137955	2	749	3
s4234	2	129	3
s121177	2	4	1
s3698	2	871	3
s82162	3	243	3
s5154	3	7	1
s120779	2	59	3
s2021	2	3	1
s3046	4	6412	1
s82055	3	76	3
s4236	2	64	3
s4744	4	106977	1
s81720	2	56	1
s5420	4	4834	1
s4001	4	41451	1
s81574	2	459	3
s105680	2	128	1
s5030	2	51	3
s4257	4	96488	1
s164	4	15581	1
s1767	4	188260	1
s105596	4	280	1
s2079	2	50	1
s114509	2	180	3
s4819	2	3	3
s104860	2	6	3
s4244	2	140	1
s4171	2	178	3
s169	3	116	1
s791	4	423	1
s1262	2	548	1
s613	2	78	1
s82063	2	60	1
s131951	2	60	1
s82880	2	136	1
s5085	2	1	1
s82512	2	13	1
s83050	2	292	3
s137992	2	1	1
s105431	4	234	1
s1560	4	86230	1
s367	4	49	3
s3556	3	59	1
s114847	2	273	1
s76	4	89	3
s143334	2	562	1
s4919	2	123	1
s105588	2	49	1
s633	4	2075	3
s114981	2	8	1
s83178	3	49	3
s19	2	7	1
s131989	2	66	1
s1968	4	53968	3
s121197	2	141	3
s82117	2	61	1
s4313	4	8888	1
s3495	2	10	1
s1009	4	27674	3
s82307	2	465	3
s33	4	194759	3
s105159	2	334	3
s129146	2	329	3
s114654	2	311	1
s129160	2	223	3
s1117	2	45	3
s4509	4	49681	1
s82082	3	62	1
s125363	3	6345	3
s927	2	1	1
s81936	3	52	1
s120777	2	270	3
s4152	4	434	3
s114899	3	561	3
s659	4	5912	3
s134623	2	130	3
s129052	2	505	1
s1024	2	125	3
s105364	4	2823	3
s1386	4	17222	1
s957	4	6379	1
s4080	4	273270	1
s134625	2	81	1
s1227	4	7659	3
s105423	4	192	1
s125473	2	64	1
s3990	4	425086	1
s263	4	51	1
s83113	2	110	1
s137956	2	185	1
s105013	2	6	1
s5311	3	28	3
s82824	2	204	3
s1148	4	39662	3
s4191	2	225	3
s82520	2	487	1
s105053	2	56	3
s3773	4	104281	1
s120797	2	151	3
s1065	3	44	1
s2701	4	7773	3
s634	4	47	3
s132057	2	975	1
s212	2	654	3
s3717	4	147535	3
s4915	4	101	1
s2143	4	61096	3
s5327	2	84	3
s131945	2	67	1
s82767	3	80	3
s105060	2	1011	1
s140233	2	90	1
s114991	2	121	1
s3653	4	65442	3
s105569	2	562	1
s82026	2	60	1
s105416	2	80	3
s134627	2	231	1
s3506	2	267	3
s134777	4	29	1
s3025	4	5088	3
s217	4	1568	3
s140228	2	68	3
s4877	4	1	1
s987	4	55368	1
s923	3	3	1
s4055	4	69	3
s4081	4	4506	1
s138205	2	270	1
s5087	3	234	1
s114773	2	1	3
s4684	4	1208	1
s4062	4	36440	3
s82064	2	135	1
s3117	2	2	1
s105599	2	81	1
s120947	2	243	1
s114560	2	60	1
s3231	2	154	1
s83265	5	87	3
s2239	4	160	1
s3188	2	8	3
s4796	4	803	1
s104899	2	69	1
s1521	2	55	1
s82884	3	26	3
s842	4	135	1
s5256	3	7	3
s639	2	80	3
s1290	4	160	3
s105455	3	565	1
s3407	2	231	3
s82579	3	52	3
s105321	2	59	1
s140408	2	1	1
s2327	2	1248	1
s82446	3	24	3
s105107	3	5	1
s114838	2	326	1
s114513	2	69	1
s114789	2	503	1
s4816	4	4587	3
s131917	2	72	1
s4239	4	8323	1
s176	2	150	1
s134690	2	5	3
s128996	2	128	1
s4817	2	4	1
s4029	2	227	3
s3268	4	38086	3
s140409	2	125	1
s4592	4	19	1
s4014	4	59363	3
s138269	3	127	3
s132069	2	385	1
s3337	4	267528	1
s131928	2	58	1
s120792	2	98	1
s2499	3	1	1
s2932	2	4	3
s129006	2	95	1
s1718	4	439317	1
s4122	2	61	3
s105652	4	254	1
s81993	2	91	1
s114706	3	1584	1
s114690	2	104	1
s2455	4	49458	1
s134722	2	813	1
s4975	4	47465	1
s4611	4	99803	1
s138234	2	3	1
s2898	4	25952	3
s2124	4	389425	3
s83233	2	60	1
s2141	4	89937	1
s2219	4	108	1
s583	4	1450	3
s120839	2	112	1
s82363	4	120	3
s1620	4	15	3
s2052	4	49635	1
s82140	2	1461	3
s132067	3	1367	1
s1278	3	10	1
s2352	2	103	1
s82443	2	98	1
s2548	4	36594	1
s2781	3	20549	3
s120767	2	58	1
s134632	2	68	1
s125524	2	4	1
s1229	2	96	3
s82256	3	320	3
s4160	2	104	3
s3695	4	303654	3
s140485	2	6	1
s2027	4	79447	3
s105336	3	568	1
s105213	3	6	1
s82624	4	60	3
s82837	2	243	1
s953	4	25202	3
s520	2	120	1
s81913	2	321	1
s4508	2	79	1
s129171	4	324	1
s143366	2	22	1
s104834	2	5732	1
s3779	2	53	1
s82541	4	935	1
s140531	2	174	1
s82724	3	13	1
s2737	2	274	3
s82369	3	246	1
s104991	2	163	1
s4618	2	69	1
s3635	2	290	1
s481	4	17	3
s129107	2	341	3
s2410	4	128980	3
s82265	2	74	1
s114904	2	170	1
s3619	2	118	3
s85	3	84	3
s5231	2	1	1
s82890	3	2592	1
s82616	4	256	1
s2271	4	65288	1
s143383	2	220	3
s120773	2	12	1
s105601	4	778	3
s114809	2	77	3
s440	4	728	3
s5294	4	2	3
s4636	4	32281	1
s82889	2	219	3
s81624	3	16	3
s3481	4	13284	1
s475	5	193	1
s4203	4	131099	1
s96477	2	50	1
s134707	2	50616	1
s457	2	481	1
s82947	2	30	1
s105728	2	283	1
s4352	4	25716	1
s105641	4	196	1
s2644	4	103754	3
s2576	4	122116	3
s82133	2	49	3
s82033	2	120	3
s105666	2	2	1
s5158	5	328	1
s4192	4	49131	3
s2635	4	256	1
s120788	2	250	1
s125571	2	9	3
s81516	3	138	1
s3532	4	11201	1
s105574	4	4606	1
s82462	2	22	1
s83143	2	1	1
s129184	2	149	3
s114973	2	85	1
s3920	4	361365	3
s104900	3	137	1
s3129	2	78	1
s114728	2	113	3
s82810	4	759	1
s140428	2	66	1
s114833	2	102	3
s2101	4	7864	3
s129139	2	127	3
s104920	2	330	1
s4348	4	167239	1
s3613	4	45594	1
s125527	2	1	1
s142613	2	271	3
s1690	4	167411	3
s105811	2	13	3
s82784	2	167	1
s3417	4	72936	3
s240	4	3878	1
s1232	4	4423	3
s3599	4	64258	1
s83212	3	55	3
s3791	2	70	1
s82859	2	270	3
s105020	3	144	1
s2986	2	57	1
s134635	3	132	1
s104971	2	1	1
s139615	2	27	3
s140509	2	60	1
s4663	4	67129	3
s105737	2	63	1
s2240	4	97726	1
s391	4	18510	3
s129135	2	52	1
s4991	4	157817	1
s1444	4	56009	1
s521	4	6	1
s414	3	73	1
s82264	2	77	1
s4981	4	44	1
s105665	3	2121	1
s125476	2	34	1
s3511	4	139340	3
s105553	2	1444	3
s2481	4	183745	1
s3749	2	62	3
s83051	4	214	3
s137926	2	5	3
s114803	2	4	1
s81791	2	1	1
s123	4	25143	1
s143430	2	236	3
s1015	4	86382	3
s1565	2	45	1
s134631	2	100	1
s4536	4	48	3
s120869	2	38	1
s134779	3	88	1
s120826	2	35	1
s105765	2	378	3
s82940	5	300	3
s83034	3	111	1
s880	2	63	3
s4632	5	69	1
s5098	4	4747	1
s114905	4	288	3
s3827	2	353	1
s82015	2	330	3
s132074	2	1	3
s81838	2	506	1
s82700	2	65	1
s120831	2	56	1
s3925	4	80082	1
s1851	4	121053	1
s124	3	10	1
s437	4	685	1
s83079	2	3	3
s4261	2	6	1
s121169	2	279	3
s1070	4	19	1
s3673	4	101775	3
s5123	2	1	3
s1618	2	321	1
s129203	2	188	3
s814	2	15	1
s81730	2	56	1
s82401	3	678	3
s114562	2	449	1
s2264	4	87826	1
s83242	4	163	1
s3280	7	686	3
s4104	3	5506	1
s1011	2	70	3
s83319	2	555	3
s114801	4	307	1
s105298	2	72	1
s121068	2	28	1
s121106	2	59	1
s114912	4	560	3
s115066	2	125	1
s4623	4	70011	1
s129185	4	1028	3
s125504	2	1	3
s3059	4	57955	3
s1631	2	269	3
s114531	2	61	1
s105660	2	1099	3
s752	4	6534	3
s3903	4	201454	1
s2533	4	486114	1
s132054	2	88	1
s105041	2	98	1
s603	2	63	1
s4238	2	508	1
s2155	4	135271	1
s114956	3	283	1
s105438	4	155	1
s2477	4	108005	1
s3690	2	56	3
s4448	4	150719	1
s115028	2	696	1
s129149	3	48	3
s105617	4	718	1
s2127	4	327500	1
s114714	2	62	3
s82183	2	87	3
s4215	2	2776	3
s4658	4	102	3
s115003	2	82	1
s138288	2	112	1
s134761	2	6	3
s114720	2	36	1
s114985	2	577	3
s134671	2	75	3
s114998	4	446	3
s1849	2	79	1
s2201	2	64	3
s114986	3	140	3
s82287	2	6	1
s4025	4	400	3
s105501	2	1	1
s4153	4	60	3
s83009	2	95	1
s3023	4	10276	1
s96484	2	2087	1
s3142	4	244504	1
s4747	4	169903	1
s261	4	128	1
s105528	3	302	1
s105465	2	458	1
s114917	2	4200	3
s105334	2	63	3
s140267	2	16	3
s120742	2	1	3
s104880	2	6	1
s121158	2	88	1
s5233	4	39699	3
s3453	2	7	3
s2169	4	470450	3
s4449	4	3282	1
s82752	3	216	1
s2684	2	62	1
s120802	2	97	3
s2172	4	78917	3
s81990	2	64	1
s120852	2	177	1
s105412	2	1766	1
s5124	5	3	3
s81373	2	87	1
s82131	2	316	3
s2247	4	322	3
s1634	4	238174	1
s1221	4	105017	1
s138256	2	83	1
s252	4	147	3
s105397	2	3385	1
s1333	4	326818	3
s105578	4	283	3
s1853	4	288433	1
s3183	4	83947	1
s105433	2	34	1
s81506	4	128	1
s83266	2	6	1
s2673	4	21594	3
s120828	2	102	1
s4704	4	3518	3
s81570	2	217	3
s170	3	124	1
s1960	4	20618	1
s114757	2	134	1
s104945	2	324	1
s5173	2	62	3
s154	4	560	1
s82593	4	30	1
s120918	2	22	3
s3629	2	8	1
s104842	2	448	3
s104831	2	125	1
s82130	2	50	1
s3731	4	501353	1
s1412	4	123903	1
s82142	2	115	1
s82102	2	1	1
s82283	3	76	3
s137971	2	4764	1
s125612	2	2145	1
s134775	3	37	1
s5262	2	59	3
s140262	2	6	1
s235	2	64	3
s81573	3	287	3
s2960	4	44	1
s1672	2	249	1
s82072	2	179	1
s104953	2	119	1
s81839	2	367	1
s121141	2	179	3
s138277	3	3629	1
s3465	4	302	1
s4653	4	305318	3
s1881	4	8	1
s121184	3	38	1
s105395	2	1252	1
s721	4	8373	1
s82073	2	150	1
s1447	2	72	1
s1621	2	105	3
s5166	2	9	3
s125520	2	1	3
s967	4	37524	3
s81617	2	126	1
s82457	2	54	1
s143397	2	313	1
s1435	2	1	1
s4992	2	87	1
s134713	2	383	3
s105139	2	240	1
s121144	2	3733	3
s1146	4	74453	3
s404	4	136	1
s450	3	228	1
s114793	2	118	3
s2868	4	485062	3
s83063	3	5	3
s2602	2	64	1
s83031	2	107	1
s114646	2	236	3
s4092	4	366579	3
s82949	2	241	3
s132043	2	285	1
s4109	4	7450	1
s3283	4	493	3
s114	4	84	3
s115014	2	71	3
s125594	3	30	1
s140266	2	3	1
s115055	2	318	3
s83012	3	199	1
s1351	3	128	1
s83243	2	308	1
s134620	2	50	1
s82484	2	464	1
s105341	2	5	1
s121115	3	16	1
s104875	2	12	3
s1067	2	296	1
s4162	2	101	3
s4791	4	35516	1
s137948	2	33638	1
s83234	2	112	1
s1654	3	5	3
s83148	3	256	3
s114608	2	50	3
s2944	2	1440	1
s1812	2	312	1
s1495	2	101	3
s3542	4	19968	3
s114959	3	130	1
s1609	3	53	3
s105538	3	161	3
s105031	2	247	1
s81967	2	3861	3
s82918	2	171	1
s114664	3	170	1
s121125	2	2	3
s81756	2	8216	3
s81942	2	100	1
s125541	3	68	1
s81478	2	2541	3
s143388	2	120	3
s4332	4	132541	1
s5313	2	196	3
s2955	4	288415	1
s82801	2	5	1
s82730	4	120	3
s1217	4	28920	1
s82788	2	628	3
s1629	2	50	3
s3560	4	9178	1
s132032	2	73	1
s129082	2	94	1
s137933	2	4	1
s83324	4	252	1
s82305	3	40801	3
s143377	2	121	1
s81699	2	10	1
s83149	3	261	3
s2207	4	18267	3
s105125	2	99	1
s125536	2	84	1
s5310	2	81	3
s105759	2	388	1
s3539	4	362	1
s4314	2	146	1
s4396	5	72003	1
s4809	2	58	1
s81386	2	10	1
s1188	5	32875	1
s104917	2	331	1
s1895	4	22	3
s563	2	91	1
s4828	4	334	3
s125517	2	222	3
s114813	2	244	3
s82697	2	1	1
s2605	4	143890	1
s82618	4	316	1
s943	4	486	1
s105612	5	14	1
s82161	2	81	3
s1417	4	29221	1
s125611	2	245	1
s125342	2	1761	1
s81355	5	22	3
s105042	2	56	1
s82053	3	22	3
s4897	4	133756	1
s3875	4	126643	1
s83005	2	456	1
s134636	2	137	1
s114652	2	74	1
s79	4	6254	3
s121199	2	82	1
s1022	4	158410	3
s81577	2	7	1
s3011	4	1637	1
s82613	4	31	3
s129182	2	93	3
s701	4	12726	1
s114726	3	4	3
s1236	2	2	1
s105611	2	129	1
s81628	3	113	1
s83152	2	6	3
s2809	4	101878	1
s140272	2	118	3
s105650	4	179	3
s129120	2	733	1
s105502	3	1333	1
s3094	2	25	1
s114957	2	1149	3
s121079	3	27	3
s1192	3	38	1
s674	4	20	1
s1547	4	19247	3
s105653	2	547	1
s125503	2	128	1
s105449	3	232	1
s1774	2	150	1
s82524	2	54	3
s105236	2	104	3
s1596	2	40	1
s114775	2	60	3
s3860	4	134600	1
s4219	2	1	1
s5330	4	12530	1
s1187	4	16687	1
s2439	4	521345	1
s504	3	40	3
s259	2	1	1
s129215	3	1351	1
s4144	4	263022	3
s83071	2	7	3
s120878	2	50	1
s151	4	53	1
s1075	2	280	1
s82627	3	6	1
s120842	2	165	1
s553	5	568	1
s125357	3	3721	3
s134704	2	140	3
s2786	3	19	3
s82841	2	155	1
s901	4	474	1
s114713	2	60	3
s199	4	117	3
s114663	3	61	1
s2615	2	5	3
s1068	4	280368	1
s82574	3	199	3
s125464	3	272	1
s856	4	64985	3
s82649	2	145	1
s105425	2	125	1
s1871	2	99	1
s2349	2	1	1
s1466	4	47900	1
s2037	4	19614	3
s4110	4	6474	1
s4465	4	175673	3
s2034	4	9313	3
s1965	2	348	3
s181	4	28	1
s82566	4	29	1
s81695	3	181	3
s2343	4	217	1
s4627	4	106	1
s81495	2	180	3
s3146	3	756	1
s114794	2	159	1
s2465	2	78	1
s115059	2	5	3
s2823	2	21	3
s115090	2	1582	1
s1794	2	3	3
s114686	2	210	3
s3938	4	98	1
s53	4	173	3
s3508	2	328	3
s120822	2	74	3
s4178	2	225	3
s2948	2	50	1
s3338	2	106	1
s105209	2	335	1
s1202	3	44	3
s120765	2	106	3
s3133	2	38	1
s82322	2	317	1
s82760	3	174	3
s82558	3	314	3
s105009	2	77	3
s4288	2	56	1
s194	2	80	3
s105537	3	230	1
s2147	4	24	1
s3193	4	24	3
s134773	2	785	1
s4334	4	59055	1
s114832	2	60	3
s3350	4	450963	1
s964	4	62	1
s139637	2	143	1
s120763	2	82	3
s138357	2	6107	1
s2303	4	335166	1
s4961	2	8	3
s132038	2	9	3
s105733	2	3	1
s105123	2	70	1
s125383	2	70	3
s2003	4	69141	3
s3418	2	257	3
s134733	2	2	3
s81758	2	113	3
s82476	2	154	3
s3954	4	57949	1
s138236	2	133	1
s662	2	206	3
s1744	4	6829	1
s2680	3	9	1
s81998	3	82	1
s81419	3	4	1
s134796	2	68	1
s81939	3	47	1
s134768	2	55	1
s125510	2	3	1
s82092	2	321	1
s82175	3	346	3
s81613	3	94	3
s2065	4	141	1
s1587	4	48383	3
s1208	4	6035	1
s83312	2	3	1
s138284	3	95	1
s81475	2	141	3
s143341	2	35	1
s104982	2	116	3
s82246	2	10	1
s82086	2	756	3
s115007	2	9	1
s4474	4	36504	1
s3454	3	88	3
s5263	4	8343	3
s114727	3	71	3
s82672	4	13	3
s3894	3	488	1
s2134	4	40347	1
s105584	2	85	1
s4560	2	1	1
s120879	2	190	1
s105386	4	1773	3
s3463	4	31	1
s1517	4	32514	1
s1834	3	45	3
s2664	4	449541	3
s121059	2	17	1
s81415	2	117	1
s104950	2	62	1
s139622	2	584	3
s1394	2	2	3
s140231	2	1370	3
s4755	4	41075	1
s138216	2	54	3
s114769	2	8	1
s104867	2	61	3
s114869	3	1935	1
s4405	2	432	1
s4516	2	15	3
s3562	4	7368	3
s1931	5	76340	1
s114648	2	1	1
s1557	4	75017	3
s3484	2	2231	1
s143400	2	91	3
s1726	4	13292	1
s3848	4	430912	3
s104983	2	2	3
s3398	3	45	3
s4665	4	158840	3
s125622	2	7	1
s278	4	13227	1
s3176	4	12569	3
s105183	2	324	1
s105735	2	182	3
s4301	5	64393	3
s131884	2	168	1
s96	4	48	3
s82560	3	239	1
s539	2	420	1
s82661	2	63	3
s1378	4	51436	3
s134621	2	8	1
s2111	4	75448	3
s105322	3	126	3
s82698	3	4	1
s3323	4	283	1
s82263	2	321	3
s105328	4	764	3
s82533	4	5	3
s317	4	15489	1
s120873	2	438	1
s105052	2	209	3
s125384	2	93	1
s134700	2	24	1
s4753	4	40882	1
s4738	4	78014	1
s132004	2	367	3
s104966	2	58	3
s82463	2	4358	1
s2905	2	4	1
s2280	4	130668	1
s105593	2	171	1
s125374	2	70	1
s2419	4	26444	3
s2592	2	8	1
s134719	2	535	1
s81923	2	60	3
s82186	2	71	1
s5062	2	83	3
s5314	4	32009	1
s81918	2	70	1
s134651	2	327	1
s1494	3	12	3
s417	4	3896	1
s134778	2	49	1
s4515	4	196	3
s134691	2	11	1
s125591	2	126	1
s4321	2	64	1
s2311	2	322	1
s82563	2	1013	1
s657	4	8360	3
s3061	4	11298	3
s105110	2	9	1
s82338	4	13	1
s2542	4	83997	1
s134679	2	70	1
s1920	4	64683	1
s4429	3	109	3
s3849	2	319	1
s730	4	107	3
s3090	2	2236	1
s120860	2	172	1
s4851	2	110	3
s2988	3	240	1
s125507	2	1	3
s3235	4	56	3
s2150	4	114583	1
s661	4	35952	3
s105778	2	1	1
s2206	2	14	1
s114788	2	435	1
s4490	4	48438	1
s309	2	72	1
s82273	2	53	3
s125396	2	50	1
s2993	4	935	1
s134634	2	25	3
s2437	4	58641	1
s81589	2	180	1
s579	3	108	1
s3072	2	23	1
s121072	2	128	3
s115060	2	52	3
s105057	2	62	3
s129035	3	72	1
s3160	4	132	3
s114554	2	9	1
s105682	3	79	3
s82137	2	355	1
s83194	3	26	1
s2428	2	330	1
s1635	4	22273	1
s70	4	2245	3
s82948	4	242	1
s82427	2	328	3
s82644	2	52	3
s1837	4	51761	3
s1001	4	13753	1
s4870	4	24968	3
s82887	3	204	1
s82723	4	14	1
s140238	2	65	1
s82868	2	58	3
s3829	2	1	3
s105279	2	17	1
s5364	2	1	3
s140216	2	1	3
s105683	2	1	1
s4616	2	504	1
s5281	3	330	3
s1058	5	57385	1
s81486	2	169	1
s138270	2	158	3
s83205	3	215	1
s4845	4	79340	1
s5436	3	53	1
s272	3	13	1
s81599	2	2	1
s3195	4	4488	3
s131968	2	2	3
s105402	5	3154	1
s134648	2	335	3
s81384	4	305	1
s125556	2	247	1
s132026	3	64	1
s1501	2	3	3
s1038	2	103	3
s1000	2	320	1
s885	4	58621	3
s81424	2	21	1
s81658	2	5	1
s121009	2	3	1
s2689	2	51	3
s3502	4	392519	3
s4964	4	36788	3
s4336	4	44818	1
s105453	3	757	1
s2603	4	172457	1
s129186	2	58	3
s1604	4	438792	1
s3580	4	104287	3
s2768	4	123681	1
s105424	4	78	1
s5394	4	1	1
s3783	2	98	1
s4635	2	83	1
s3921	2	338	3
s2317	4	53798	1
s105579	2	1285	3
s82511	4	223	3
s82503	2	8	3
s114860	3	333	3
s114730	2	63	1
s3852	4	19060	1
s1074	4	53565	1
s5051	4	43851	3
s137952	2	280	1
s83276	3	43	3
s3347	3	4498	1
s125447	2	63	3
s1540	4	76659	3
s81794	2	130	1
s2884	2	50	3
s82083	2	52	1
s81674	2	59	1
s140516	2	175	1
s4723	2	76	1
s105256	2	6	1
s114565	2	1	1
s3576	4	18574	3
s2464	4	260235	1
s82960	4	79	3
s1045	4	32808	1
s82891	4	25044	3
s105055	2	1	3
s82818	3	45	3
s21	2	184	1
s5136	4	97	3
s678	2	1	3
s82020	2	114	3
s1474	4	329404	3
s1527	4	65	1
s82225	3	89	1
s4734	2	1	1
s82604	2	230	3
s104819	2	60	1
s105250	2	4	1
s81398	2	354	1
s82192	3	117	1
s5164	2	1	3
s5283	4	450	1
s580	3	160	3
s105437	2	211	1
s81686	3	49	1
s82085	2	6100	1
s2377	4	241589	1
s104894	2	1	1
s125468	2	50	1
s5183	2	62	3
s2760	5	3913	1
s129076	2	355	1
s81391	2	319	1
s105240	2	10	3
s143326	2	143	3
s82365	3	218	3
s2294	4	2611	1
s104885	3	77	3
s125362	2	3108	3
s81547	2	2	3
s1551	4	77553	3
s4362	4	35196	3
s120740	2	7322	1
s1237	4	101921	1
s137953	2	67	3
s96483	3	373	1
s4899	4	40998	1
s114676	2	13	3
s82311	2	136	3
s2490	4	150714	1
s558	4	128	1
s131901	2	167	1
s5317	4	4387	1
s105389	4	735	1
s2105	4	601962	3
s105781	2	25	1
s1239	4	139528	3
s83237	2	1	1
s81645	3	124	1
s105126	4	90	1
s3922	4	64033	3
s1737	4	54799	1
s5415	2	161	1
s3007	4	1988	1
s115069	2	178	1
s120809	2	708	1
s1110	4	53111	3
s2175	4	104856	3
s105567	2	61	1
s82864	2	3	1
s81842	3	91	3
s138239	2	97	3
s1077	2	54575	1
s1274	5	2246	1
s82995	2	302	3
s82844	3	193	3
s81637	4	88	1
s82976	4	247	3
s81846	2	19	1
s83226	3	114	3
s275	4	196	1
s81370	2	45	1
s120877	2	107	3
s82540	2	409	1
s121086	2	60	3
s2762	2	200	1
s120913	2	241	1
s2811	4	59899	1
s965	4	141	1
s82535	3	21	3
s115019	2	95	3
s105809	3	760	1
s4948	2	72	1
s3777	2	6158	1
s82043	3	16	1
s114566	2	81	1
s2534	4	94754	1
s137961	2	94	3
s621	4	22993	3
s125409	2	68	1
s83124	2	1	1
s105142	2	167	3
s2517	2	684	3
s140483	2	1	1
s4557	4	71899	1
s140256	2	56	1
s1940	2	100	1
s3957	4	61	1
s1679	2	163	1
s143330	2	481	1
s3039	2	195	1
s3298	2	55	1
s4043	3	11	1
s3437	2	79	3
s83069	2	8	3
s741	4	4116	3
s1305	4	35178	3
s138207	2	83	3
s125573	2	157	1
s3115	5	33	1
s105719	3	105	1
s2558	4	40518	1
s1338	4	159398	3
s556	4	157	1
s868	4	17756	3
s3334	4	51418	1
s82997	2	980	3
s83162	3	256	3
s211	3	115	3
s2763	4	7	1
s82196	2	74	1
s121096	2	1	1
s503	4	222	3
s1201	4	12	3
s5199	4	5581	3
s5210	2	65	1
s125513	2	115	1
s125352	2	7322	1
s3441	2	4	3
s1753	4	15714	3
s3597	4	115	3
s140532	2	317	1
s2273	4	7758	1
s3740	4	370	3
s82123	2	54	1
s82861	4	165	1
s571	2	588	1
s4090	4	198596	3
s3816	4	149	1
s879	4	11784	3
s82505	2	52	3
s140236	3	219	1
s134783	2	2	1
s114624	2	52	3
s140495	2	56	3
s105185	4	60	1
s138252	2	3	1
s114863	2	7	3
s81816	2	95	1
s4306	2	353	3
s105468	5	37	1
s140535	2	331	2
s83066	5	102	3
s1350	4	93464	1
s83142	3	141	1
s3295	2	31	1
s129129	2	89	3
s81979	3	19	3
s56	2	171	3
s14	2	58	1
s1582	4	77965	3
s1732	2	84	1
s699	4	3470	1
s601	4	29150	1
s82057	2	58	1
s1948	4	58	1
s1964	4	141665	3
s2288	4	38063	1
s2199	2	58	3
s138302	4	129	1
s83214	3	18	3
s129074	2	68	1
s129009	3	924	3
s105524	3	387	1
s82576	2	58	3
s715	4	195	1
s132031	2	87	1
s2068	2	4	1
s129152	2	72	3
s3935	2	495	1
s129227	2	65	3
s105756	2	79	3
s1041	3	159	3
s2216	2	29	3
s83134	3	365	3
s121027	2	144	3
s3601	4	168848	1
s125559	2	2201	1
s2337	4	12	1
s125494	2	103	1
s82742	4	162	3
s139627	2	110	3
s121185	2	3216	1
s114922	2	537	1
s83053	2	38	3
s132033	2	144	1
s157	4	554	3
s2581	4	11486	3
s2640	4	120	1
s186	4	25	1
s1124	4	5151	1
s105750	2	33	1
s5067	5	18	3
s5126	4	8028	3
s114974	2	14	1
s4826	4	40653	3
s1771	4	895	3
s105513	3	235	1
s82595	3	20	1
s134798	2	258	1
s982	5	16	1
s132010	2	5	1
s1199	2	9	3
s2193	3	6343	1
s121103	2	1	1
s1714	2	119	1
s82497	2	418	3
s3321	2	2621	1
s3386	4	77961	1
s2370	4	141481	1
s83105	4	190	1
s3029	2	1880	1
s3392	4	149926	1
s5089	5	52	1
s114754	3	13	1
s5125	2	57	3
s132029	2	180	1
s3456	2	63	3
s4231	2	7	1
s3688	4	41240	3
s3419	4	81839	3
s2462	4	105590	1
s4168	4	211	3
s4410	4	29	1
s131956	2	336	3
s114506	2	118	3
s114780	2	211	3
s82687	2	61	1
s4681	5	8	1
s4052	4	5135	3
s1506	4	51170	1
s2859	3	170	3
s1061	4	174	1
s115065	2	74	3
s1391	4	32	3
s2917	4	256955	1
s114705	2	37607	1
s5277	2	442	1
s343	4	118	1
s138230	2	50	3
s2035	2	79	3
s114683	2	66	3
s526	4	155	1
s1799	4	167621	1
s115089	2	1624	1
s129011	2	316	1
s5157	3	77	1
s4209	4	36716	3
s82794	3	13	1
s83306	3	11	3
s4381	2	63	3
s105084	2	149	1
s32	2	5	3
s2483	3	183	1
s4184	4	66123	3
s4795	2	144	1
s82399	4	68	3
s131964	2	120	1
s125420	2	55	3
s4480	2	3387	1
s143362	2	1761	1
s83335	2	10	1
s2901	4	70256	3
s83333	2	390	1
s1034	2	1299	3
s82230	3	40	1
s1926	4	46469	1
s3846	4	43037	3
s4709	4	170855	1
s5015	2	5	1
s156	3	147	1
s2544	4	62398	1
s114684	2	2	3
s81968	2	972	3
s121113	2	274	3
s3211	2	240	3
s114703	2	65	3
s4563	2	2	1
s3352	2	6789	1
s82769	4	150	3
s132053	2	55	3
s452	3	659	1
s488	4	2020	3
s1833	4	449564	3
s302	4	12885	1
s258	4	232	1
s5438	4	11	1
s3403	2	54	3
s1818	4	123956	1
s2877	4	190888	3
s1586	4	61590	3
s4361	2	28	1
s1040	3	9	3
s105177	3	232	1
s5114	4	101	3
s3563	2	1	3
s3477	4	60465	1
s4678	4	34664	1
s3442	4	175110	3
s4128	4	1596	3
s82611	2	200	3
s4640	2	50000	1
s1815	4	131427	1
s656	2	64	3
s81709	2	56	3
s82353	4	59	1
s82416	3	3	1
s105688	2	64	3
s1252	4	259614	1
s830	4	37824	3
s478	5	1980	3
s3672	2	1	3
s1706	4	208301	3
s134708	2	106	1
s1171	3	2	1
s410	4	3990	3
s3802	2	156	1
s143359	2	97	3
s81413	2	1365	3
s3112	2	9	1
s82040	4	84	1
s82766	2	340	3
s2795	2	437	3
s1847	4	317	1
s4249	4	249461	3
s4446	4	274281	1
s81692	2	1600	1
s2924	4	432303	3
s129198	2	4828	1
s105414	2	80	3
s114944	2	427	3
s784	4	12	1
s134740	2	25	1
s4012	4	236669	3
s114607	2	307	1
s3324	4	5168	1
s5165	4	76	1
s3900	4	132494	1
s2569	4	3749	3
s3617	2	211	3
s105108	4	145	1
s82077	2	483	1
s5437	4	6332	1
s121077	2	21	3
s114571	2	1	3
s1970	3	58	3
s114902	2	2261	1
s82938	4	125	3
s2315	2	8	1
s412	4	24946	3
s114602	2	68	3
s4365	2	53	3
s5090	2	192	1
s5291	3	20	3
s134669	2	349	1
s81970	2	1	3
s4730	4	130	1
s138343	2	328	1
s1298	4	48	1
s82326	2	1	3
s140223	2	73	3
s518	3	57	1
s3962	4	101242	3
s4970	2	1444	1
s134714	2	5	3
s138314	2	377	1
s121167	3	179	1
s273	2	88	1
s82941	4	365	1
s120758	2	3	3
s866	4	382	1
s83223	3	83	3
s2461	2	115	1
s129089	2	52	3
s606	4	126	1
s105755	2	20	3
s82173	3	3	3
s105563	4	3423	3
s1923	2	6	1
s134770	3	3751	1
s81754	4	115	1
s3981	4	129878	3
s121036	2	85	3
s82828	2	112	3
s1872	4	517477	1
s3799	4	137354	1
s121051	2	2	3
s255	4	97	1
s82327	4	177	3
s83280	2	69	1
s125592	3	60	3
s83176	2	1	3
s134809	2	590	1
s120843	2	60	3
s114766	2	55	1
s105058	2	108	3
s4070	4	27779	3
s188	5	1453	1
s2862	4	26632	1
s2308	2	75	1
s3098	2	6	3
s129058	2	70	1
s266	3	162	1
s3147	2	88	1
s4649	5	144784	3
s3809	2	78	3
s3966	4	162121	3
s125534	2	1	1
s138224	2	53	1
s82315	2	304	1
s82612	3	122	3
s105196	2	85	3
s2436	2	93	1
s1955	4	44080	1
s143331	2	1484	3
s1135	4	10998	1
s1781	4	187	1
s125428	2	1	1
s134711	2	66	1
s83174	3	18	3
s542	4	255	1
s140232	3	49	1
s81568	2	75	1
s81581	3	167	3
s3070	4	137	1
s114707	3	636	1
s2208	2	128	1
s82963	4	196	3
s940	2	62	1
s4439	4	721	1
s557	2	80	1
s82588	2	3	3
s138276	2	104	3
s121132	2	164	1
s3995	4	23496	1
s82218	3	209	1
s105117	2	132	1
s82744	4	157	3
s1226	2	62	3
s81377	2	59	1
s5384	2	1	1
s114946	2	80	3
s4426	4	338013	3
s4967	3	14	1
s114594	2	324	1
s1916	2	62	1
s3123	2	141	3
s105492	3	1	3
s82796	4	456	1
s3519	4	453574	3
s132046	2	50	1
s4810	4	1296	1
s105738	2	234	1
s3138	4	18519746	1
s82967	3	199	3
s4386	4	21	3
s81510	4	516	1
s4740	4	56774	1
s143333	2	5	3
s114842	3	66	1
s131879	2	336	3
s105657	4	194	1
s105698	3	7	1
s2565	4	112531	1
s168	3	62	1
s1645	4	82	1
s120995	2	18	3
s2649	4	46500	3
s81454	2	62	1
s134812	2	2	1
s2048	4	336552	3
s3074	2	67	1
s5422	4	262	1
s2074	3	43	1
s4762	2	88	1
s105761	2	77	1
s2168	4	14585	3
s353	3	41	3
s81563	3	167	1
s105591	4	242	1
s1716	2	51	1
s5147	4	558	1
s4182	4	145	3
s4315	4	65452	1
s3185	4	51578	1
s114729	2	88	1
s2278	4	96027	1
s5237	3	2	3
s125413	2	64	1
s121120	3	49	3
s2567	4	34617	3
s4647	3	32304	3
s2470	4	7983	3
s3458	4	176	3
s105426	5	25	1
s120857	2	326	3
s435	4	16914	1
s8	3	7523	1
s2085	4	232050	1
s5088	4	78	1
s746	2	1	3
s143372	2	420	1
s1115	2	1867	3
s578	4	3561	1
s81873	3	73	1
s82958	2	1	3
s81394	3	631	1
s129211	3	35	1
s5380	2	1	1
s105169	2	331	1
s775	4	5630	3
s131967	2	64	3
s145	4	163	1
s5169	4	14972	1
s3380	2	210	3
s121173	3	53	1
s104925	3	3964	1
s82628	2	1	3
s129057	6	33	0
s121172	2	16	3
s82482	3	2900	3
s82701	4	39	1
s81642	3	22	1
s82643	2	176	3
s121000	2	200	3
s4418	2	313	1
s143431	2	61	1
s120781	2	7	3
s4504	4	239487	1
s524	4	462	1
s1733	4	382621	1
s82124	2	118	1
s4380	4	75946	3
s131912	2	50	1
s4431	2	320	3
s115025	2	50	1
s82301	4	126184	3
s4432	4	107944	3
s120863	3	1	3
s493	4	758	3
s4075	2	1	1
s4107	4	50613	1
s2162	4	13	1
s131876	2	7349	1
s1828	4	21750	1
s5071	4	78682	1
s2049	2	339	3
s143414	2	86	3
s3640	4	53784	1
s114522	2	374	1
s323	4	3134	1
s3472	4	108814	1
s81832	2	326	1
s623	3	130	3
s3091	3	303	1
s120819	2	320	1
s82226	2	199	1
s81507	2	70	1
s2362	2	6191	3
s2378	2	324	1
s2276	2	1	1
s1197	3	21	3
s105190	3	453	1
s5161	6	48707	1
s83262	3	579	1
s81682	2	351	1
s131936	2	58	1
s2475	4	170878	3
s82164	3	24	3
s104845	2	92	1
s82429	2	54	1
s105487	2	172	3
s105382	4	775	1
s140434	2	125	3
s121043	3	6	1
s137947	2	13046	1
s5403	4	545	1
s4056	2	3207	3
s930	2	180	1
s5424	4	22520	1
s5275	4	27637	3
s105010	2	250	3
s105156	2	5742	1
s1299	2	1	3
s3277	3	1420	1
s71	2	50	3
s1922	4	178691	1
s4784	4	175395	1
s114570	2	178	1
s140479	2	139	1
s138266	2	5	1
s3996	4	40659	1
s1469	4	37619	1
s129145	2	66	1
s4179	4	179808	3
s129053	2	51	1
s143407	2	82	1
s82139	2	241	3
s365	2	12	3
s125430	2	31	1
s3428	6	12759	3
s83317	3	86	1
s143402	2	6125	1
s121097	2	1	1
s3504	4	12709	3
s2417	2	1101	3
s4695	4	188986	3
s82059	2	93	3
s105480	5	1141	3
s125415	2	69	1
s82935	2	7	3
s82152	2	127	1
s81465	2	77	1
s105590	2	1255	1
s120868	3	118	1
s115042	2	1566	1
s2511	2	61	3
s2096	4	23220	3
s82310	2	1047	3
s81382	3	165	1
s2723	4	172132	3
s5439	4	77	1
s3978	4	245	3
s81899	2	57	1
s1289	4	11	3
s104996	2	1	3
s1529	4	3498	1
s140481	2	29	3
s82581	2	297	3
s82795	4	258	1
s5179	3	157	3
s177	4	195	1
s3821	4	20201	1
s129212	2	77	1
s1428	2	60	1
s82636	2	263	1
s300	4	49717	1
s81661	4	360	1
s671	2	3	1
s82271	2	118	3
s3726	4	29328	3
s4779	2	1272	1
s5387	3	5	1
s2800	4	117	3
s82409	2	9	1
s1568	4	44	1
s121198	2	92	1
s1723	4	102043	1
s4206	4	79198	3
s82280	2	65	1
s439	4	812	1
s3339	4	23	1
s4441	4	9781	1
s3681	2	37	3
s3971	2	981	1
s83191	2	170	3
s104855	2	271	3
s138213	2	80	1
s82674	4	117	3
s82694	3	52	1
s5061	4	2289	3
s1010	4	70050	3
s2834	4	189582	1
s105331	2	4	1
s2430	2	74	1
s3344	3	22826	1
s928	4	13519	1
s121192	2	27	1
s81983	2	351	1
s1174	2	44341	1
s143329	2	85	1
s114719	3	226	1
s82925	4	113	3
s3684	3	51	3
s2847	4	35663	3
s2054	5	7893	1
s81995	2	314	3
s1424	4	105417	1
s81705	2	249	3
s472	2	84	1
s105716	2	6	1
s2269	4	127735	1
s83054	3	107	3
s1990	4	135028	3
s120762	2	60	3
s83231	4	591	3
s1392	2	9	3
s120898	2	124	3
s114897	2	4511	3
s808	4	6820	3
s143349	2	168	3
s129071	2	554	1
s3399	3	375	1
s105405	3	912	1
s114576	2	7	1
s105463	4	5	1
s114903	4	163	1
s140457	2	7	1
s2672	4	51655	3
s105220	2	144	1
s121191	2	3	3
s140534	2	623	3
s5377	2	17	1
s82763	2	190	1
s2421	4	33088	3
s4158	2	217	3
s114649	2	56	1
s120884	2	1	1
s81447	2	1170	1
s115018	2	180	1
s105143	2	67	1
s121118	2	335	1
s1485	2	1603	1
s5072	2	68	1
s104999	2	13	1
s1756	2	60	1
s105717	2	55	1
s114790	3	1524	3
s82835	3	479	1
s1248	2	50	1
s104858	2	1	1
s138337	2	75	3
s81578	3	33	1
s82908	4	174	1
s3738	4	55	3
s3545	4	125152	1
s105137	2	67	1
s46	2	1	1
s82988	3	546	3
s4660	2	8303	3
s3501	2	325	1
s121149	2	59	3
s1991	2	60	3
s114735	2	51	3
s83325	3	1003	1
s4529	4	86972	3
s115039	4	12	3
s114931	4	1997	1
s82260	3	51	3
s1804	4	98513	3
s4194	2	10	3
s3692	2	311	3
s456	4	14	1
s82819	2	1	3
s4403	2	322	1
s4716	5	32	1
s5255	4	2338	3
s861	2	70	3
s670	4	52	1
s105276	2	553	1
s83135	3	41	1
s2621	4	16	3
s1738	4	55475	1
s143423	2	478	1
s105112	2	310	1
s131979	2	372	1
s105168	2	9	1
s143420	2	11	1
s138352	2	23558	3
s82350	2	83	1
s2966	4	12241	3
s3301	2	1575	1
s512	2	91	3
s81856	2	592	1
s140240	2	1	3
s267	4	204	1
s3370	3	70	1
s4241	4	6058	1
s104923	2	64	3
s2385	3	232	1
s3315	4	4981	1
s134633	3	44	1
s105071	2	53	1
s125499	2	259	1
s82874	2	5	1
s1395	4	42739	3
s82739	2	381	1
s82080	2	74	1
s134677	2	9	1
s82659	2	5	1
s2473	2	120	3
s129226	2	134	3
s83059	5	37	3
s125394	2	331	1
s129110	2	351	1
s796	3	58	1
s5260	2	92	3
s5301	2	1	3
s104795	2	1753	3
s813	3	88	3
s139643	2	56	3
s82143	2	335	1
s81731	2	123	1
s82433	4	219	1
s81437	2	95	1
s140454	2	10	1
s81481	2	36	1
s81765	3	33	3
s2998	2	323	1
s5334	4	37823	1
s2983	4	39097	1
s976	4	23269	3
s143382	2	58	1
s5360	2	65	1
s121013	3	130	1
s105022	3	205	1
s105784	2	171	1
s546	3	530	1
s125392	2	56	3
s120838	2	2410	1
s5107	3	93	1
s2202	4	94	3
s121016	2	440	1
s2668	3	168	3
s2057	2	2790	1
s3840	2	2	1
s4532	2	69	3
s4929	4	9415	3
s1954	2	3855	1
s1743	4	9	1
s132018	3	1920	1
s3288	4	45	3
s81880	3	17	3
s159	2	1	3
s105096	2	13	3
s82294	3	36	1
s138203	2	1	1
s81882	3	486	1
s1549	4	98923	3
s121107	2	58	1
s2812	4	23532	1
s974	4	189982	3
s4551	5	317721	1
s1917	4	51777	1
s115093	2	58	1
s1745	2	323	1
s121033	3	112	3
s5128	2	188	3
s2495	4	62650	1
s3034	2	1133	1
s2382	3	1	1
s138319	2	60	1
s764	4	65186	1
s105622	2	136	1
s946	2	1455	1
s4710	2	328	1
s2100	2	51	3
s1573	4	15	1
s4210	4	184516	3
s104897	2	127	1
s138350	2	856	1
s6	4	165	1
s4706	4	37	3
s81719	2	240	1
s903	2	27	1
s129088	2	77	1
s4624	2	77	1
s134806	2	774	1
s114827	2	216	3
s104812	2	52	1
s125401	2	100	3
s83086	2	58	1
s104893	2	99	1
s82602	3	536	1
s105355	5	1284	3
s120776	2	68	3
s125391	2	197	1
s140537	2	71	1
s105063	3	64	3
s82550	4	117	3
s105080	4	320	3
s1251	2	1	1
s83255	3	253	1
s138289	2	11	1
s984	4	30767	1
s120764	2	206	1
s105145	2	12	1
s910	4	5759	1
s507	4	66	3
s2906	4	80736	1
s4346	4	611666	3
s121078	3	108	3
s105157	2	1112	1
s131903	2	80	3
s104859	2	28	3
s1004	2	133	3
s3702	2	52	3
s81881	4	389	3
s81735	3	15	3
s4538	4	38100	3
s2946	3	188	1
s3652	2	152	1
s4265	4	121862	1
s4350	4	26794	1
s139646	2	1	1
s997	4	8018	1
s3196	2	880	3
s2909	2	16	1
s2331	2	214	1
s3149	3	250	1
s143	2	1	1
s3674	4	206759	3
s142612	2	310	3
s5249	2	88	3
s3004	4	1880	3
s629	3	23	3
s131950	3	53	1
s4978	4	11669	1
s2224	4	229233	3
s82833	2	162	3
s3756	4	12	1
s682	4	4828	3
s105625	4	172	3
s138275	3	24	3
s134756	2	4	3
s1427	4	30127	0
s143404	2	99	1
s105481	3	419	3
s81493	2	243	3
s2757	2	16	1
s82032	3	3421	3
s94	2	93	3
s4955	4	60	1
s83026	3	147	3
s1294	4	15	3
s4136	4	202014	3
s82339	2	40	1
s131973	3	127	1
s105106	2	58	3
s81368	2	202	1
s81533	2	237	1
s3285	6	3407	3
s591	6	827	1
s3139	2	478	1
s1757	4	83340	1
s82018	2	3	1
s131918	2	74	1
s114744	2	57	1
s60	2	72	1
s129060	2	66	3
s371	2	63	3
s4995	4	72661	1
s2188	4	78836	1
s121038	2	282	3
s2173	2	3064	3
s82070	2	1094	1
s114746	2	51	1
s3559	3	3985	1
s105344	2	5	1
s2708	2	248	3
s1006	4	5730	3
s83177	4	28	3
s2921	2	6	1
s4757	4	89057	1
s4338	4	50743	1
s129189	3	321	3
s82042	2	10	1
s137950	2	11172	3
s158	4	251	1
s4850	4	136686	1
s5102	3	291	1
s4455	2	7	3
s3544	4	5465	1
s120895	2	14	3
s5306	2	79	3
s939	4	194977	3
s104870	2	78	1
s140472	2	58	3
s82373	2	3	1
s83218	3	47	3
s1855	4	5368	1
s105613	4	591	1
s1400	4	54586	3
s83246	4	11	1
s81395	3	312	1
s1359	2	88	1
s129123	3	59	1
s4481	4	315054	1
s2776	2	3926	3
s2217	4	31927	1
s3054	2	11	3
s2910	4	93499	1
s198	4	4503	3
s945	4	9674	3
s2022	4	514858	3
s82277	4	30	3
s3993	4	146773	1
s105176	2	68	3
s81801	2	194	1
s130	4	9	1
s82375	2	3	1
s2032	4	198484	3
s82178	3	22	3
s82956	4	123	3
s137954	2	1	3
s104803	2	52	3
s114810	2	100	3
s120966	2	121	1
s82836	2	15	1
s3114	2	319	1
s137958	2	62	3
s105441	2	106	1
s97	4	28144	3
s81997	3	103	1
s1952	2	321	1
s82975	2	120	3
s138326	2	55	3
s121136	2	5	1
s105034	2	8	1
s4904	2	402	1
s82568	2	4	1
s114527	3	387	3
s2735	2	894	1
s1649	4	40086	3
s81596	2	156	1
s4022	2	66	3
s2813	2	1	1
s137924	2	4	1
s208	3	37	3
s2321	2	95	1
s436	2	29	1
s82929	4	51	3
s82812	3	206	1
s83332	2	223	3
s140453	2	2	1
s2191	4	2249	1
s1380	4	95334	3
s2006	2	851	3
s140538	2	6	1
s1287	4	13786	3
s3177	2	20	3
s2063	4	28822	1
s3439	2	52	3
s120958	2	897	3
s137991	2	90	1
s81551	2	68	1
s696	5	11856	1
s81672	2	52	1
s138	4	99	3
s2469	2	873	1
s99	4	39	3
s132001	2	363	1
s83121	4	1201	1
s83089	4	42	1
s105606	2	1966	1
s143323	2	113	1
s515	4	241	1
s120786	2	145	3
s105770	4	1423	3
s502	2	6	3
s1098	4	105796	3
s4116	4	4158	1
s44	4	109	1
s120999	2	1	1
s2641	2	128	1
s129239	2	1581	1
s105090	2	68	3
s4813	2	325	1
s3861	4	1258	1
s137930	2	60	3
s105672	2	93	1
s1140	4	73699	3
s140513	2	54	1
s105346	4	313	1
s139631	2	134	3
s5048	4	39	3
s3423	4	29	3
s1863	4	275	1
s121092	2	123	3
s3271	2	1	1
s29	4	269	3
s83239	2	232	1
s125359	4	7884	3
s142614	2	1352	3
s772	2	53	3
s104882	2	573	1
s125369	2	14	1
s702	2	1	1
s82781	2	1	3
s3215	2	348	1
s947	4	8741	3
s3627	3	33	1
s288	2	1	1
s82249	3	12	3
s105486	5	220	1
s105472	3	91	3
s1347	4	46912	1
s82242	2	1	3
s2456	4	121697	1
s143338	2	13	1
s1332	4	195609	3
s1824	4	174927	1
s4146	3	21	3
s83264	2	76	1
s114710	2	4457	3
s115017	2	70	1
s131997	2	1526	1
s82068	3	16	1
s137982	2	336	1
s105064	2	17	1
s4892	2	1	1
s3178	4	61	3
s81700	4	98	1
s711	4	9696	1
s132013	3	96	1
s1525	4	53834	1
s104976	2	149	3
s82100	2	326	1
s2044	2	58	3
s114718	2	126	3
s121093	2	1	1
s83118	3	209	1
s104820	2	1	1
s3793	4	75	1
s140265	2	194	1
s3890	4	71848	1
s120920	2	1	3
s2588	4	529	1
s204	4	11	3
s82800	3	58	1
s125604	3	328	3
s127	3	159	1
s1999	4	17570	3
s2390	4	17811	1
s5006	4	5903	3
s105297	3	576	1
s105442	3	68	1
s2060	4	21955	1
s1639	2	7	1
s82696	3	91	1
s81644	3	98	1
s104941	2	72	1
s81455	4	432	1
s4935	4	61	3
s3705	2	329	3
s140411	2	88	3
s3374	2	1	3
s1628	5	3233	3
s4715	2	159	1
s81593	2	69	1
s114948	2	117	1
s3168	2	331	1
s83310	3	171	1
s1986	4	273161	3
s1167	2	333	1
s3384	2	62	1
s114645	2	147	3
s105363	2	1282	3
s1113	2	347	3
s320	3	24450	1
s4555	4	5961	1
s114577	2	95	1
s1112	4	128714	3
s120817	2	1	1
s82355	3	2533	1
s82537	3	49	1
s3424	2	5	3
s933	2	3350	3
s4615	3	152694	1
s105780	2	76	3
s129154	3	25	1
s1020	2	10045	3
s105287	4	246	1
s4879	4	85088	1
s82951	5	19	3
s125512	3	9	3
s114846	2	71	1
s134665	2	63	1
s4183	2	90	3
s105600	3	949	1
s114958	2	280	1
s81550	2	1	3
s81621	2	300	1
s3144	3	408	1
s4520	4	90	3
s1336	2	37	3
s82198	2	95	1
s82009	3	7	3
s134731	2	108	3
s105119	2	50	3
s82635	4	103	1
s756	4	12	3
s996	4	69021	1
s81741	2	115	1
s104889	2	613	3
s1189	3	34	1
s120946	2	80	1
s5376	3	18	1
s104823	2	162	3
s81649	2	13	3
s4692	4	45236	3
s82461	3	88	1
s643	4	13962	3
s2843	4	116419	3
s81531	4	449	1
s4318	3	19	1
s105273	2	910	3
s105713	3	52	3
s5307	4	35298	3
s82565	2	2	1
s983	5	13447	1
s4134	4	7659	3
s105772	4	1799	3
s3294	5	194	1
s134666	2	2800	1
s4591	3	36	1
s140279	2	91	1
s82160	3	172	3
s1358	4	4675	1
s1860	5	421347	1
s714	4	24512	1
s4250	2	66	3
s114891	3	917	1
s105692	2	5	3
s2682	2	68	3
s114993	2	126	1
s105085	2	64	1
s237	2	174	3
s2547	2	313	1
s3637	4	679	1
s1316	2	135	1
s4305	4	231048	3
s81571	2	326	3
s81795	2	265	1
s105270	2	7	3
s105419	2	17	3
s121123	3	17	3
s2539	2	814	1
s121186	4	1284	1
s137941	2	54	1
s81775	2	162	3
s3798	5	191789	1
s3679	2	1173	3
s3161	2	81	3
s5224	4	7810	3
s129073	4	35	1
s4010	2	62	1
s3475	4	64586	1
s726	3	34	3
s129096	2	68	1
s3359	2	330	1
s3906	2	7	1
s114750	2	127	1
s81636	2	50	1
s4185	2	288	3
s138340	2	1601	1
s2293	2	4	1
s138353	2	81	3
s143358	2	58	1
s541	2	428	1
s134743	2	3	1
s129078	2	130	1
s81440	7	268	0
s105557	4	332	3
s1071	4	372924	1
s82449	3	1298	1
s2165	2	249	3
s82538	2	1021	1
s3741	2	77	3
s104975	2	1	1
s4630	2	63	1
s120984	2	22	1
s1975	4	398	1
s2631	4	39057	3
s3275	3	1422	1
s5025	2	37	1
s143381	2	9079	3
s4189	3	5	3
s2228	4	11087	3
s1927	2	52	1
s1349	2	31	1
s143419	2	331	2
s3785	2	5	1
s2064	2	146	1
s125560	2	6456	1
s82496	2	168	3
s129064	2	93	1
s4285	4	12593	1
s2220	2	1	3
s1030	2	2651	3
s82039	2	96	1
s81603	3	41	1
s105791	2	13	1
s5052	4	14796	3
s131977	2	284	1
s1715	4	249308	1
s120821	2	85	3
s4253	2	977	1
s105473	3	530	3
s82506	4	63	3
s82631	2	146	1
s2546	4	441032	1
s104809	2	50	3
s82336	4	1036	1
s105520	2	297	1
s81701	2	7	1
s810	4	18092	3
s1581	4	92651	3
s4289	4	61129	1
s105744	2	35	3
s134769	2	70	3
s114826	3	51	1
s82589	4	56	1
s1938	2	54	3
s114695	2	272	1
s121083	3	10	1
s2854	2	6	3
s82551	2	205	3
s82985	4	65	3
s4077	4	209	1
s1348	5	15549	1
s140470	2	125	1
s114618	2	26	1
s1508	4	47836	1
s129121	2	5911	3
s1801	4	20053	3
s2774	2	6	1
s129043	2	100	3
s114518	2	7	1
s83068	3	27	3
s120749	3	1461	1
s4330	4	80744	1
s83000	2	70	1
s114541	2	308	3
s81849	4	66	1
s82573	2	3	3
s925	4	398422	1
s1816	2	329	1
s81407	2	1299	1
s2530	4	251186	1
s5273	2	1	1
s2976	4	5414	3
s3765	4	57975	1
s105235	2	409	3
s2953	4	117991	1
s3102	4	260	1
s2675	4	5116	3
s4875	4	86	3
s105289	3	187	1
s605	2	12	1
s105488	4	174	1
s3718	2	101	3
s82725	3	260	1
s792	2	623	1
s81660	2	93	1
s120959	2	245	3
s3943	2	1901	3
s2855	3	24	3
s140214	2	55	0
s4724	4	35875	1
s105589	5	599	1
s114699	2	175	1
s138322	2	3	1
s105360	4	475	3
s1176	4	3540	1
s83330	2	1	1
s105446	4	169	1
s81471	2	698	1
s104961	2	133	1
s1878	5	93088	1
s81694	3	161	1
s1556	2	127	3
s114623	2	1836	3
s143360	2	249597	3
s1403	4	12614	3
s114830	2	86	1
s1204	2	322	3
s1207	2	196	1
s3461	2	240	3
s138318	2	259	3
s2820	4	16540	3
s4399	4	154169	1
s1172	5	1684	1
s82757	2	79	1
s138228	2	60	1
s81611	2	327	1
s2396	4	5480	3
s2638	5	283	1
s105725	2	120	1
s82826	2	50	3
s4887	4	56097	1
s1296	4	1385	1
s105649	2	451	1
s685	2	11	3
s121171	2	59	3
s1454	4	499	1
s4767	4	52625	3
s81853	2	9	1
s121002	2	821	3
s82439	2	4	1
s82982	4	145	1
s3708	4	65618	3
s862	4	57320	3
s125509	3	119	3
s5354	2	565	1
s297	4	49772	1
s105422	4	2240	1
s82438	3	256	1
s4354	4	56743	1
s120794	2	6053	1
s81595	2	110	1
s114822	3	357	1
s2078	4	30799	1
s82901	3	9	1
s1558	4	27008	3
s598	2	119	1
s1179	4	3042	1
s5024	3	141	1
s82926	3	287	1
s470	3	881	1
s4546	2	3	1
s5163	5	56	1
s134622	2	7	3
s420	3	102	1
s82244	2	31	3
s409	4	6712	3
s4924	4	23552	3
s1956	4	8654	1
s131974	2	72	1
s3901	2	183	1
s83211	3	52	3
s81448	2	1201	1
s82999	3	95	1
s5082	4	89	1
s125535	2	376	1
s82675	4	34	3
s114815	2	137	3
s383	3	633	3
s2919	4	157558	1
s114967	3	172	1
s137967	2	1	1
s2984	3	154	1
s2601	4	1990	1
s83220	4	94	3
s105547	4	831	3
s1730	4	647	1
s143429	2	88	1
s104841	2	13	3
s4140	4	3	3
s105797	2	1552	1
s245	2	76	1
s2828	4	29696	3
s2375	2	74	1
s82370	2	110	1
s1072	4	150062	1
s139642	2	57	3
s4518	2	50000	3
s1037	4	53428	3
s81915	2	319	3
s3574	2	1475	3
s81784	3	330	1
s121048	2	86	1
s134673	2	334	1
s83085	4	93	1
s4112	4	242679	1
s4752	4	23441	1
s121024	4	478	3
s138209	2	91	3
s143391	2	251	1
s781	4	27653	1
s2161	4	122	1
s2095	4	25656	3
s131931	2	58	3
s140425	2	154	3
s81908	3	175	1
s1921	2	3693	1
s104888	2	110	3
s3148	4	75	1
s3944	4	55348	3
s1535	2	2	1
s121045	4	630	1
s3152	3	79	1
s82780	2	630	1
s132041	2	275	3
s2131	2	319	1
s4949	3	64	1
s179	4	284	1
s1157	4	769	3
s2590	2	107	1
s4842	2	156	1
s4943	4	46305	1
s817	4	241	3
s82651	3	393	1
s750	4	16182	3
s2792	4	24646	1
s1381	2	6	1
s2424	4	218651	1
s140541	2	3	1
s4237	4	51348	1
s105376	2	206	1
s125590	2	168	3
s83102	4	487	1
s2514	2	834	3
s83117	4	85	1
s4938	4	59739	1
s114771	2	80	1
s4523	3	226	3
s105531	2	440	1
s1129	3	12	1
s115095	2	52	1
s2214	2	251	3
s3078	4	40669	1
s1875	2	55	1
s2577	2	59	3
s82555	2	204	3
s3547	2	74	1
s83172	2	1	3
s1835	2	6	3
s82645	2	172	3
s5002	3	6	1
s1271	2	689	1
s2010	2	1	1
s105783	2	239	1
s129125	2	311	1
s143363	2	4	1
s2885	4	35	3
s81572	3	40	3
s81500	4	192	1
s114611	2	50	1
s82411	2	3	3
s2000	2	148	3
s81526	4	116	1
s81656	2	68	1
s131896	2	85	1
s143355	2	94	1
s3455	4	187	3
s4156	2	109	3
s1589	4	38130	1
s5143	4	521	3
s104990	2	5	1
s129221	2	1	1
s2822	4	105116	3
s1752	2	2	3
s4965	4	185894	3
s4142	2	52	3
s134619	2	55	0
s129013	2	64	3
s125403	2	192	1
s1269	2	58	1
s83015	3	107	3
s105162	5	555	3
s105411	4	127	1
s1742	4	211606	1
s1546	2	94	3
s105482	4	12	1
s137985	2	6	1
s2413	2	60	3
s105420	4	831	3
s120938	2	81	3
s82324	3	165	1
s105178	2	54	1
s531	4	618	1
s3524	4	100888	3
s4211	4	13157	3
s3579	2	449	3
s105003	3	12	1
s105529	5	1983	1
s474	3	235	1
s120833	2	361	1
s105586	3	64	1
s572	4	1736	1
s2870	4	60012	3
s82519	4	292	1
s4296	4	6973	1
s83187	3	90	3
s83120	3	75	1
s125596	2	55	1
s3225	4	1068	1
s1425	2	56	1
s137959	2	1902	1
s138267	3	3	1
s104956	4	11	3
s1497	4	11	3
s82010	2	18	3
s2463	2	2716	1
s929	4	56035	1
s120996	3	336	3
s4376	4	66973	1
s5081	3	190	1
s3876	2	102	1
s82386	3	638	1
s2656	4	478771	3
s105285	3	44	1
s778	2	93	1
s1101	2	185	3
s105559	4	164	3
s1243	4	100052	3
s81612	2	429	1
s787	4	101	1
s4339	4	187687	1
s134774	4	43	1
s3489	2	56	1
s81460	3	61	3
s4173	3	91	3
s82282	4	198	1
s81560	3	11	1
s3529	2	349	3
s104804	2	62	1
s888	2	11	3
s2373	4	152651	1
s1160	2	21458	1
s104994	2	973	3
s2928	2	59	1
s2967	2	81	3
s3841	4	64851	1
s134737	2	280	1
s83138	2	88	1
s5329	2	203	1
s4264	2	3601	1
s4349	2	56	1
s1126	4	10162	1
s105561	4	271	3
s114588	2	1	1
s4622	2	312	1
s2549	2	2884	1
s114675	2	62	3
s3230	4	285	1
s2313	4	128870	1
s2042	2	186	3
s284	2	54	1
s82012	2	318	1
s26	2	1	1
s82932	3	11	3
s134688	2	386	1
s4135	2	70	3
s3005	2	536	1
s105610	6	508	1
s81893	2	59	1
s4677	4	61815	1
s5338	4	3987	1
s1825	4	233218	1
s1880	4	54318	1
s125372	2	68	3
s81511	2	60	3
s121028	2	562	1
s4325	4	111177	1
s3349	4	10502	1
s1053	4	296444	1
s1653	4	163621	3
s105251	3	69	1
s82342	2	79	1
s3120	2	29	1
s4990	4	19121	1
s120808	2	4230	1
s402	4	110	1
s2821	2	156	3
s4151	2	62	3
s4406	4	14469	1
s3371	2	5	1
s732	3	18	1
s3436	4	254183	3
s114739	2	74	1
s1793	4	92485	3
s81912	2	204	3
s139608	2	97	3
s3958	3	64	1
s82415	4	780	1
s114828	3	73	3
s82402	2	66	3
s1976	4	28	1
s121006	3	3	1
s4517	4	79738	3
s114774	2	61	1
s3009	4	57	1
s143320	2	49	3
s3573	5	2853	3
s575	2	261	1
s104810	2	95	3
s114906	2	248	3
s82779	2	1822	3
s104833	2	168	1
s125617	2	594	1
s1685	4	65586	1
s140420	2	36	1
s82984	3	167	1
s121011	2	10	1
s142609	2	74	1
s5074	2	9	1
s2187	4	28829	1
s81548	3	177	3
s81556	3	122	1
s129066	2	82	1
s2808	4	81897	1
s81965	2	247	3
s82266	3	50	1
s2355	4	49189	1
s131930	2	64	3
s3564	4	7374	3
s137978	2	70	3
s82325	3	62	3
s105679	3	177	1
s900	3	80	1
s3759	4	42	1
s3787	2	8	1
s401	4	59	1
s105498	3	789	3
s690	4	9048	1
s81935	2	156	1
s131985	2	195	3
s676	2	21	1
s132072	2	536	1
s120928	3	10	3
s115061	4	125	3
s129223	2	32	3
s105227	2	89	3
s81442	4	95	0
s114892	4	130	1
s568	4	874	1
s3609	2	81	3
s3897	4	239530	1
s129077	2	50	1
s105076	2	94	3
s5247	2	234	3
s2671	2	4	3
s125378	2	17	3
s4195	4	54622	1
s82707	2	415	3
s2609	2	144	1
s1097	2	2160	3
s228	4	9201	3
s138282	2	562	1
s5113	4	14428	3
s1445	4	20722	1
s2270	2	76	1
s104872	2	62	1
s2002	4	211256	3
s114549	2	85	1
s5017	4	120762	1
s125586	2	458	1
s128	2	15	1
s2940	2	321	3
s82302	2	2208	3
s129225	2	7	3
s4888	2	93	1
s81689	2	117	1
s4502	4	33437	1
s81848	2	58	1
s2287	2	5	1
s2973	4	52721	3
s125562	2	3	1
s125498	2	82	1
s115015	2	117	3
s114622	2	296	1
s83119	2	187	1
s3979	4	155	3
s138263	2	5	1
s82577	4	21	3
s105550	3	119	3
s3024	2	1	1
s104886	2	69	3
s2971	4	169182	3
s462	5	587	1
s81879	3	5	3
s114632	2	54	1
s1691	2	10	3
s82571	4	30	3
s2335	4	5	1
s83021	4	251	3
s121168	2	483	3
s82024	3	176	1
s2356	4	25431	1
s1315	4	14334	1
s5368	4	54885	3
s5220	2	3	1
s140431	2	52	3
s4621	4	40903	1
s143416	2	77	3
s287	4	44	3
s138233	2	74	3
s4413	3	15	1
s1641	3	1	1
s132066	2	487	1
s125347	2	1	1
s1089	3	39249	1
s2824	4	467276	3
s105379	2	6	3
s174	3	155	1
s143365	2	11	1
s120789	2	133	3
s592	2	50	1
s82306	2	311	3
s142607	2	101	1
s2008	4	6514	3
s4126	2	170	3
s121094	2	74	1
s1930	5	145469	1
s330	3	9	3
s2232	4	31240	3
s4667	2	79	3
s1108	5	16223	3
s105232	2	945	3
s81927	4	19	1
s82734	2	77	3
s783	4	79450	1
s538	4	53	1
s2579	4	148055	3
s2334	2	51	1
s121041	4	397	1
s104997	2	3	1
s105062	2	57	3
s1854	2	52	1
s2186	2	68	1
s82782	3	2	1
s104881	2	1506	1
s81921	3	15	3
s1611	4	188	3
s114799	2	116	1
s140432	2	744	3
s614	4	211	1
s3646	2	91	1
s1945	3	7	1
s81783	3	397	3
s120832	2	324	1
s3643	4	185741	1
s4371	4	48	3
s121200	2	154	1
s4800	3	34	1
s104968	2	79	1
s1786	2	87	1
s833	2	87	3
s3246	3	257	1
s114781	2	545	3
s81505	2	189	1
s81412	2	7473	3
s3660	4	65683	3
s2663	2	7	3
s126	4	11993	1
s138231	2	159	1
s3416	2	1	3
s5391	4	60163	1
s81900	4	315	1
s83339	2	1865	3
s105199	2	1	3
s131998	2	1	1
s140252	2	169	3
s1646	4	183	1
s120962	2	7988	1
s3340	4	28867	1
s125579	2	112	1
s120899	2	64	1
s2253	2	22	3
s82489	2	6	3
s5419	2	90	1
s1002	4	38452	3
s3618	4	7902	1
s4026	4	303976	3
s4701	4	28423	1
s1434	5	155	1
s2657	2	330	3
s120	4	131	1
s1734	4	91880	1
s4711	4	24406	1
s105634	4	23	1
s81805	2	63	3
s2580	4	93516	3
s125397	2	81	3
s3882	4	23868	1
s5034	4	1001	3
s143352	2	3	1
s105059	2	52	3
s1401	4	5	3
s82060	2	55	3
s114514	2	4	1
s2731	4	100941	1
s3985	4	160	3
s81606	2	321	1
s2702	2	154	3
s2926	4	71220	3
s5229	4	22389	1
s1669	4	144768	1
s4217	4	12	1
s2501	4	316	3
s2874	2	1144	3
s134760	2	389	1
s83273	2	162	3
s138339	2	19	1
s3523	2	64	3
s3842	4	28975	1
s83284	3	54	3
s125607	3	62	1
s2395	2	60	1
s134744	2	199	3
s3469	4	83426	1
s3748	4	131844	3
s5378	4	94	1
s114511	2	75	3
s82591	4	177	1
s81514	4	304	1
s1335	4	33329	3
s5264	2	1340	3
s81474	4	207	1
s1593	4	65735	1
s81725	2	6	3
s81875	2	2260	3
s104901	2	114	1
s5066	2	245	3
s2977	2	319	3
s2991	4	4665	1
s5109	2	140	3
s3252	3	96	3
s5348	2	251	1
s134725	2	3035	3
s125508	2	504	1
s5092	4	18	1
s105109	2	89	1
s4408	2	56	1
s137980	2	52	3
s129022	2	27	3
s532	3	93	1
s1329	4	48	1
s1379	4	20231	3
s1700	4	191451	3
s81940	2	64	1
s81885	2	164	1
s120875	2	71	1
s131999	3	248	1
s134663	2	130	3
s140528	2	63	3
s131980	2	204	1
s137977	2	1	3
s105668	2	19	1
s1980	4	100129	1
s82058	2	315	1
s129048	2	90	1
s406	4	7365	3
s105374	2	444	1
s1409	2	70323	1
s125500	2	327	1
s114613	2	131	3
s82979	2	149	3
s129164	2	431	3
s83098	2	7	1
s129081	2	27	3
s2527	4	11557	1
s2817	2	81	3
s105787	3	20	1
s2557	4	88490	1
s82712	2	1	1
s4463	2	320	3
s2999	4	89037	1
s4643	4	7467	1
s134685	2	1	1
s2099	4	48349	3
s82848	3	36	3
s1569	2	108	1
s138214	2	53	1
s105434	6	1299	1
s370	4	173	3
s5320	2	63	1
s82934	3	28	3
s105709	2	76	3
s5316	2	230	1
s81582	2	113	3
s5286	2	61	3
s4442	2	119	1
s3237	4	12178	3
s2887	4	624	3
s105564	4	2328	1
s83250	3	33	1
s114836	2	109	3
s354	4	37	3
s105464	5	80	1
s82144	3	214	1
s82374	4	693	1
s140455	2	1	1
s125443	2	50	1
s120851	2	109	1
s319	4	26062	1
s4522	2	182	3
s2742	4	40413	3
s120970	2	213	1
s2249	3	96	3
s105120	2	73	1
s82930	2	70	3
s105079	3	165	3
s637	2	121	3
s82834	2	718	3
s138291	2	342	1
s3770	4	450975	1
s140242	2	59	3
s749	4	13456	3
s82237	3	119	1
s4973	2	74	1
s4498	2	6374	1
s2304	4	55840	1
s82367	2	3836	1
s2779	4	14472	3
s4976	2	296	1
s140525	2	137	1
s82276	2	6	1
s2171	2	310	3
s4811	3	847	1
s1488	2	296	3
s3889	4	111111	1
s120814	2	68	1
s81380	3	750	3
s3224	4	63275	1
s4475	2	64	1
s140283	2	1517	1
s2197	2	68	1
s81630	2	543	1
s82441	2	102	1
s3305	3	1414	1
s125450	2	53	1
s81751	3	34	1
s540	4	447	1
s121076	3	71	3
s2231	4	44615	3
s4499	4	281180	1
s105489	2	437	3
s3253	3	150	3
s138232	2	57	3
s120967	2	280	1
s143336	2	113	1
s120990	2	1	3
s2559	4	138469	1
s120836	2	396	1
s298	4	1539	1
s104829	2	162	1
s873	2	298	3
s83030	4	72	1
s1139	4	89428	3
s1090	2	29963	1
s1225	4	223600	3
s1387	2	5290	1
s138206	2	86	3
s82983	2	1214	3
s3383	4	41088	3
s1337	4	102802	3
s922	4	131	1
s82061	2	90	3
s81427	2	83	1
s1049	2	202	1
s82630	2	2809	1
s114752	2	305	1
s95	4	65	3
s3375	4	37325	3
s82666	2	10	3
s2194	4	169653	1
s83163	3	130	3
s105358	4	546	3
s3389	2	32	1
s3968	4	37730	3
s2391	2	65	3
s3105	2	78	1
s3867	4	289885	1
s4676	4	193333	3
s82385	3	232	1
s104876	4	172	3
s1592	4	12365	1
s115120	2	10	1
s3585	4	43680	3
s105763	2	6	3
s105030	2	11	1
s2379	4	55093	1
s2406	2	131	3
s125493	2	1	3
s114507	2	325	1
s1885	4	5979	1
s81520	4	44	1
s105004	3	66	1
s1790	4	65811	1
s115	4	140	3
s81757	2	102	1
s1619	4	98391	1
s3844	4	31908	1
s120848	2	134	1
s4007	4	241909	1
s1367	3	47	1
s3771	2	5288	1
s2873	3	110	3
s125354	2	6291	1
s82832	2	99	3
s125456	2	24	1
s81450	2	322	3
s3405	4	2708	3
s125377	2	156	1
s125351	3	59826	1
s137968	2	10	1
s125569	3	107	1
s114997	2	117	1
s282	3	72	1
s143370	2	79	3
s3110	2	70	1
s114535	2	2437	1
s4852	4	257611	1
s5009	2	52	1
s3626	4	139838	1
s143387	2	16	1
s82681	3	10	1
s1571	3	9	1
s81515	2	110	1
s3162	3	752	1
s4733	4	177028	1
s4389	2	5	3
s129087	2	235	3
s140401	2	476	3
s2434	2	328	1
s4864	2	81	1
s83326	4	82	1
s114940	2	287	1
s4036	3	37	3
s4895	4	21648	1
s81928	4	301	1
s129244	2	150	3
s114722	2	1	1
s3552	3	277	1
s134749	2	52	1
s134813	2	957	1
s4049	4	77554	1
s83202	3	121	1
s4157	4	141	3
s105122	3	267	1
s82406	2	205	3
s83244	3	15	1
s120994	4	1725	1
s499	2	61	3
s1472	4	8859	3
s2543	4	249806	1
s140277	2	50	3
s2518	4	97108	3
s1908	4	31146	1
s140487	2	9	1
s3934	4	21787	1
s4631	5	200353	1
s4770	2	1139	3
s105401	4	8783	1
s5144	2	14	3
s3480	4	36716	1
s134726	3	1004	3
s1422	4	33058	1
s4880	2	56	1
s81800	2	3121	1
s4901	4	47318	1
s970	4	27	3
s115046	4	39	1
s338	2	174	3
s2783	4	5826	3
s105661	4	210	1
s5435	4	1	1
s82957	4	35	3
s81887	2	311	1
s81714	3	50	1
s134680	2	171	3
s138251	2	658	1
s105054	2	82	3
s4576	4	6388	3
s3680	4	62729	3
s5122	5	165	3
s104807	2	320	1
s81868	3	54	1
s137983	3	1822	3
s2686	2	3	1
s2345	4	211	1
s82127	3	29	1
s129042	2	50	3
s92	2	4	3
s132025	2	482	1
s1492	4	16442	3
s105648	4	542	3
s83337	2	640	1
s4491	2	2	1
s1934	2	54	1
s82382	4	519	1
s105258	2	90	1
s4495	4	20	1
s82531	2	62	3
s120759	3	119	1
s3953	2	83	1
s2773	4	1474	1
s4932	3	68	1
s2433	4	1259	1
s3528	4	9750	3
s140402	2	55	1
s82728	4	63	3
s83123	4	784	1
s134720	2	154	1
s780	2	138	1
s3509	4	82330	3
s138250	2	2270	3
s104964	2	62	1
s125346	4	1690	1
s2447	2	161	1
s4391	4	548036	3
s3982	2	67	3
s137974	2	333	1
s7	4	20385	1
s131902	2	76	1
s81859	2	6057	3
s2484	2	127	1
s4980	4	43	1
s121065	2	81	1
s140436	2	77	1
s3068	2	158	1
s83044	2	86	1
s125529	2	76	1
s4372	2	7	1
s1373	2	1	3
s125549	2	138	3
s81772	3	10	1
s82671	4	166	3
s81669	3	22	3
s105746	4	263	3
s114841	2	1	3
s2429	4	157528	1
s115027	2	959	1
s2094	2	6094	3
s81458	2	412	1
s1277	2	19	1
s138262	2	3858	1
s5209	4	8937	1
s4993	4	34065	1
s4916	4	208487	1
s3800	2	59	1
s979	2	10	1
s129003	2	101	3
s81914	2	178	3
s82823	3	75	3
s83321	2	188	1
s1168	4	446	1
s1707	2	309	3
s115009	3	63	1
s114925	4	785	1
s4121	4	172631	3
s3071	3	150	1
s1489	4	120670	3
s81793	2	315	1
s2729	3	27	1
s114717	3	49	3
s672	4	1661	1
s1768	2	80	1
s82761	3	36	3
s83287	3	7	3
s129038	2	51	1
s1151	4	141598	3
s81907	3	451	1
s2650	2	30	3
s82902	2	1181	3
s4063	4	259505	3
s4583	4	150310	3
s1933	4	45609	1
s703	4	9336	1
s81906	2	96	1
s121142	2	6	3
s129170	3	204	1
s4457	2	67	1
s115035	4	173	3
s105509	2	81	1
s83095	4	164	1
s105265	2	122	3
s5321	4	10946	1
s4256	4	46086	1
s114791	2	75	3
s82776	2	65	3
s114725	2	180	3
s83322	3	183	1
s82726	3	1	1
s1125	2	56	1
s82878	3	158	1
s125577	2	17	1
s82904	2	471	3
s114887	4	426	1
s3388	4	20223	1
s138358	3	2	3
s1520	4	35693	1
s114854	2	80	1
s81468	2	5497	1
s4086	4	17823	1
s3514	2	2451	3
s131888	2	95	1
s1961	2	26	1
s5296	4	130	3
s1325	4	7460	1
s2566	2	90	1
s105129	2	3	1
s4857	2	60	1
s1264	2	178	1
s121174	4	69	3
s5401	3	5	1
s121170	2	90	3
s2614	4	1315	1
s82216	2	124	3
s121066	2	91	1
s3930	4	36	1
s1998	2	4	3
s114574	2	60	3
s114606	2	325	1
s104989	2	311	3
s125553	3	3	3
s81807	2	185	1
s1328	4	417	1
s325	2	9	1
s140253	2	297	3
s3881	2	129	1
s3818	4	249360	1
s104929	2	190	3
s5177	2	126	3
s83027	4	554	1
s3067	4	12047	3
s134660	2	45	3
s129193	2	501	1
s120925	2	1	3
s2365	4	136215	3
s3638	4	106161	1
s3650	2	3082	1
s4101	4	280505	1
s5195	2	62	3
s105308	3	111	1
s132019	2	48	1
s1153	2	184	3
s4046	3	18	1
s4760	2	310	1
s3218	6	190	0
s129190	2	358	3
s681	4	7930	3
s5110	4	1517	3
s3764	2	32	1
s1644	4	66	1
s81910	2	80	1
s4155	4	373879	3
s105701	3	391	3
s82474	2	1	1
s121025	2	1	3
s4337	2	1947	1
s120865	2	103	1
s3909	2	1	3
s4019	4	263535	3
s1318	4	47807	1
s138287	2	21	1
s2791	4	172	1
s114756	3	39	1
s4535	2	65	3
s138258	2	562	3
s3292	4	1407	1
s57	4	16554	1
s115063	2	362	3
s1575	2	7241	3
s5269	2	310	1
s82865	2	212	1
s3269	3	1782	1
s140435	2	53	1
s138221	2	11	1
s111	2	6	1
s4804	2	3	1
s125518	2	1	3
s1879	4	47975	1
s3069	3	331	1
s134646	2	9	1
s3182	2	768	1
s865	4	201	3
s115022	2	1	3
s105066	2	71	1
s121163	2	322	1
s2945	4	90317	1
s3724	4	179520	3
s82304	2	2224	3
s2707	4	95441	3
s1050	4	585	3
s1782	4	20177	1
s81418	2	9	1
s83006	2	1	1
s2536	4	24408	1
s322	3	28779	1
s565	2	160	1
s129033	3	37	1
s83075	4	217	3
s121015	3	72	1
s1989	2	325	3
s82075	2	459	1
s3452	4	154	3
s2784	2	72	3
s121138	2	374	1
s81631	2	78	1
s105696	3	494	3
s125405	2	338	1
s3753	4	46530	1
s728	2	1	3
s895	2	11	1
s223	3	6	3
s82695	3	159	1
s2314	4	19623	1
s5214	4	957	1
s82366	2	685	3
s5248	4	50423	3
s2128	4	175168	1
s2364	2	7	1
s82569	3	88	1
s104987	2	17	3
s121074	2	10	3
s105616	2	691	1
s81728	3	49	1
s1052	4	53639	3
s114657	2	319	1
s82460	3	247	1
s195	4	11178	3
s1079	2	235	1
s4777	4	12787	1
s4867	4	149357	1
s105619	4	237	3
s3707	2	22124	3
s5156	2	1	1
s105736	2	245	3
s105690	3	135	3
s104877	2	6	1
s2178	4	200	3
s81952	3	7	1
s1276	6	86415	1
s5153	4	23313	1
s486	5	210	3
s121019	2	81	1
s125619	2	91	1
s3520	4	228922	1
s4607	4	19324	3
s137981	2	594	1
s3449	4	119878	3
s82169	3	302	3
s5021	4	93	1
s2250	2	60	3
s125470	2	53	3
s82141	2	170	3
s4316	2	1	1
s4983	3	54	1
s82050	4	365	3
s2963	2	65	1
s4683	2	150	1
s827	5	2944	1
s81350	3	27	3
s114861	2	5	3
s125366	2	68	1
s2397	2	15	1
s134638	2	65	1
s83169	3	104	1
s115094	2	4	1
s82892	3	402	1
s114510	3	3	3
s350	4	20686	3
s105002	3	74	1
s114669	2	61	3
s131992	2	208	1
s82232	2	17	1
s5216	3	190	1
s2211	4	14878	1
s81640	2	30	1
s881	4	42	3
s2838	2	61	1
s3121	3	341	3
s1857	4	240266	1
s3584	4	134083	3
s105640	4	115	1
s1442	4	23306	1
s114556	2	21	1
s2661	2	67	3
s1267	2	6	1
s105015	2	5	1
s1994	2	69	3
s120756	2	79	3
s114796	2	62	1
s82231	4	87	1
s82740	4	53	3
s4839	4	62942	1
s3836	4	1032	1
s1826	2	3	1
s82916	2	144	3
s105646	4	393	3
s4659	4	89571	3
s1297	2	300	3
s82829	3	824	3
s276	2	143	1
s125402	2	330	1
s3041	2	142	1
s4207	4	502	3
s81888	2	345	1
s3154	4	55	3
s2738	4	49868	3
s105805	3	433	1
s3212	4	359	1
s82879	2	69	1
s114505	2	66	1
s4382	5	99459	3
s218	2	129	3
s2266	2	283	1
s993	2	100	1
s1567	3	45	1
s4240	2	317	1
s226	4	201	3
s82119	2	206	1
s616	2	15	1
s134807	2	485	3
s82290	2	50	3
s193	4	23860	3
s105299	2	50	1
s82586	3	21	3
s114961	2	425	1
s104911	3	626	1
s114644	2	316	3
s134723	2	93	1
s82212	3	60	3
s131881	2	50	3
s82348	2	1	3
s290	4	15499	1
s81438	2	109	1
s82233	4	307	1
s5299	3	248	3
s197	3	36	3
s2088	4	225301	1
s3205	2	90	3
s125557	2	56	3
s617	4	62067	1
s1083	2	50000	1
s81485	4	56	3
s1134	2	110	1
s1476	4	34084	3
s81951	2	116	1
s83203	2	78	1
s333	2	11	3
s2610	4	487423	1
s82992	4	280	3
s114643	2	59	3
s82078	2	127	1
s83294	4	22	3
s3720	4	1452	3
s120889	2	54	3
s4427	2	88	3
s82469	2	11	1
s125516	2	38	1
s81647	3	130	1
s4073	4	10551	3
s3557	2	1830	1
s114667	2	14062	1
s4979	2	54	1
s82974	3	850	3
s2934	2	81	1
s131947	2	1632	3
s4177	4	6141	3
s82910	4	748	1
s114843	2	303	1
s83327	2	80	1
s134693	2	1	3
s82481	2	119	3
s125424	2	63	1
s125445	2	299	3
s898	2	6	1
s2654	3	104	1
s1795	4	173836	3
s2669	4	70453	3
s129055	2	330	3
s3507	4	140711	3
s82502	3	317	3
s105118	2	160	1
s2541	4	101820	1
s114807	2	193	3
s81449	2	1381	1
s1943	5	719	1
s105061	3	35	3
s3654	4	93827	3
s1448	4	103902	1
s105257	2	77	1
s1755	4	211274	3
s105309	2	302	1
s83323	4	75	1
s105077	4	110	3
s120975	4	591	3
s1280	2	1	1
s1765	3	829	1
s81423	3	51	1
s1408	4	98492	1
s2670	4	19007	3
s121075	4	155	3
s182	3	6	1
s105316	2	1	3
s1509	4	223409	1
s81425	4	90	1
s129236	2	31	1
s3329	4	5031	1
s3744	4	10021	3
s105130	4	193	3
s114553	4	275	1
s64	3	1	1
s4820	4	230	3
s5152	2	63	1
s666	4	2255	3
s138332	2	72	1
s120775	2	96	3
s83132	2	1573	3
s2842	2	170	3
s81434	2	310	3
s104824	2	125	3
s1480	4	353485	3
s1031	4	77370	3
s2121	2	138	3
s105592	3	111	1
s82048	4	386	3
s137925	2	3	3
s82361	3	16	3
s140482	2	240	1
s81991	4	47	1
s1896	3	31	3
s138237	2	56	3
s1625	4	432043	3
s3546	4	95218	1
s4893	4	22659	1
s131942	2	1	3
s4985	4	9389	1
s3540	2	315	1
s134658	3	19	1
s213	3	52	3
s2339	4	42	1
s4088	4	1735	1
s82193	3	29	1
s82658	4	182	1
s121137	2	320	1
s115047	2	58	3
s3372	3	9	3
s5235	3	7	3
s138342	2	1866	1
s82346	2	420	1
s105324	4	701	3
s105312	3	10	3
s134626	2	61	1
s115078	2	370	1
s83057	4	210	3
s120761	2	66	3
s5228	2	111	1
s3527	2	204	3
s3973	4	28651	1
s2869	2	12913	3
s138264	2	1	1
s1889	4	10	3
s2815	2	1949	3
s140414	2	3	1
s2089	4	109970	3
s5227	4	78	1
s83042	5	329	1
s114776	2	364	3
s140503	2	203	1
s83288	4	36	1
s2267	4	11553	1
s132064	2	247	3
s105393	3	3300	1
s3788	4	8611	3
s1353	5	110	1
s4270	4	129463	1
s120811	2	52	3
s81540	2	1	3
s2415	2	3869	3
s2769	4	160477	1
s2399	2	62	3
s5268	4	38661	1
s4031	2	14	3
s4	4	360	1
s16	4	4911	1
s129072	2	113	1
s81971	3	251	3
s125381	2	70	3
s81933	2	231	1
s3131	2	72	1
s5192	2	56	1
s4986	4	84214	1
s3496	4	261642	1
s105225	2	1	3
s140474	2	317	1
s1100	4	31388	3
s3055	4	34969	1
s82773	2	296	3
s1180	4	25772	1
s140459	2	1207	1
s2502	2	5	3
s82261	3	48	3
s134801	5	277	1
s140403	2	60	3
s2758	4	208534	1
s114543	2	171	1
s82530	4	308	3
s81972	4	88	3
s129167	2	748	1
s96480	2	142	1
s120936	2	302	3
s1496	3	139	3
s3221	2	1	2
s4167	4	84	3
s82797	3	15	1
s125426	2	277	1
s3721	2	12	3
s115056	2	2313	1
s1740	4	46276	1
s4764	4	325706	1
s3984	2	52	3
s306	4	29417	3
s1862	2	1	1
s4065	2	451	3
s105087	2	1183	1
s82954	4	25	3
s114817	2	22	3
s104955	2	108	3
s82598	2	93	1
s1155	2	34	3
s143406	2	86	1
s41	3	182	3
s5005	2	13	1
s121105	2	118	1
s4722	4	156	1
s82203	2	97	1
s4098	3	136034	1
s105774	3	1752	3
s114685	2	20	3
s180	4	240	1
s105795	3	1111	1
s134703	2	140	3
s129230	2	58	3
s121183	2	19	1
s132003	2	171	3
s82534	2	60	3
s5252	3	108	3
s81580	3	17	3
s140263	2	79	3
s740	4	43010	1
s114621	2	1951	3
s4404	4	53277	1
s82330	4	50	3
s104862	2	2	1
s2046	4	71033	3
s1680	4	32987	1
s125387	2	24	1
s81829	2	10	3
s82423	2	13	1
s81746	2	231	3
s398	3	39	3
s114682	2	58	3
s3792	4	223783	1
s82677	4	204	3
s105040	2	78	3
s1731	4	89891	1
s52	2	414	3
s3701	4	16906	3
s2062	2	54	1
s1165	4	1822	1
s4106	4	44552	1
s82046	4	145	3
s3345	2	7225	1
s121147	2	95	1
s82582	3	35	3
s3591	4	25775	3
s430	4	9593	1
s105624	2	1101	1
s268	3	10	3
s120880	2	57	1
s140448	2	311	1
s105175	3	44	1
s748	2	76	3
s3582	4	214108	3
s429	2	207	1
s143368	2	51	1
s3153	2	68	3
s105005	2	4	1
s82135	2	149	1
s82914	2	77	3
s81727	2	320	1
s3119	3	88	3
s82986	2	59	3
s82104	2	3	1
s2083	4	10203	1
s318	2	167	1
s81809	2	368	1
s3820	2	3	1
s3918	4	72435	3
s5372	4	135	1
s125365	3	3	1
s81662	3	33	1
s125466	2	105	1
s105582	4	232	3
s5343	2	6207	1
s5361	4	24627	1
s82172	4	1111	3
s2687	4	120081	3
s812	4	74491	3
s5059	4	20138	3
s120812	2	94	3
s105150	2	813	1
s105361	2	605	3
s82772	4	650	3
s81654	4	658	3
s82074	2	86	1
s81704	2	9	3
s115031	4	141	3
s2020	4	55791	1
s105192	2	1916	1
s3486	4	101201	1
s5402	3	175	3
s376	2	79	1
s3963	2	775	3
s81698	3	31	1
s239	4	4458	1
s3184	2	60	1
s4656	2	137	3
s2476	2	11	3
s3278	5	194	3
s82235	4	41	1
s706	2	67	1
s3543	2	74	3
s105456	5	1572	1
s83289	2	51	3
s534	4	1081	1
s5022	4	4221	1
s920	3	5	1
s82272	2	1687	3
s3026	2	3750	1
s82632	3	46	1
s2119	2	857	3
s3450	4	41499	3
s125421	2	77	1
s82946	4	377	1
s120988	2	424	3
s5234	2	13	3
s114653	2	2397	1
s4626	4	12	1
s3590	4	2999	3
s4188	4	47450	3
s82182	2	96	3
s125587	2	12276	3
s4175	4	174	3
s82746	3	339	3
s120858	2	317	1
s114762	2	3	1
s1579	4	92255	3
s1951	4	268247	1
s82243	2	125	3
s129067	2	2920	1
s81954	4	384	1
s2277	4	38	1
s4661	4	185829	3
s82101	2	4	1
s81977	3	146	3
s1925	2	318	1
s2306	4	110681	1
s143364	2	60	1
s2297	4	16800	1
s104922	2	13	3
s82383	4	493	1
s5370	4	21296	1
s3276	4	5086	1
s104808	2	187	3
s3124	8	401	1
s1689	4	98723	3
s82849	3	1337	3
s327	4	5152	3
s4154	4	58183	3
s82319	3	19	3
s83144	3	3055	1
s132016	2	493	1
s4143	4	108990	3
s82713	2	642	1
s1286	4	177043	3
s82103	3	63	1
s3008	2	4	3
s709	4	5188	1
s138323	2	58	1
s2154	2	331	1
s120907	2	102	3
s140491	2	6	1
s4416	4	159121	1
s232	4	4806	3
s3002	2	160	1
s82147	2	57	3
s3210	4	120667	3
s915	2	51	1
s82158	2	314	3
s3622	4	580466	1
s3300	4	77	1
s140465	2	91	1
s120754	2	364	1
s1656	5	686	3
s2585	4	8845	1
s4245	4	3917	1
s1605	2	9	3
s2454	4	49763	1
s105536	3	1443	1
s1463	4	303237	1
s3778	4	14424	1
s105749	2	506	1
s5106	3	13	3
s105288	3	48	1
s1874	4	129116	1
s2183	2	412	1
s132044	2	597	1
s4232	4	40212	3
s125469	2	17	3
s129117	2	57	3
s105747	3	16	1
s114558	2	77	3
s3839	4	34396	1
s143424	2	963	3
s105238	2	104	1
s4320	4	115939	1
s83209	3	375	1
s2047	2	162	3
s3368	4	14070	1
s2513	4	34585	3
s806	4	4700	3
s222	4	8404	3
s2956	4	425998	1
s4501	4	157294	1
s82998	2	414	3
s3141	2	68	1
s81824	5	779	1
s82238	2	98	3
s525	2	81	3
s3736	4	43095	1
s83136	2	51	1
s82372	3	86	1
s83170	4	107	1
s134804	4	823	1
s4614	2	2904	1
s83336	2	85	1
s82087	3	19	1
s115077	2	7	1
s82871	2	127	3
s114945	4	4432	1
s114627	2	80	1
s2189	4	37490	1
s2637	5	9	1
s114873	4	1004	1
s490	4	726	3
s125550	2	9	1
s81443	2	59	1
s818	4	466	3
s121130	3	247	1
s3616	4	143242	1
s105571	4	3778	1
s114731	2	56	1
s3065	4	16570	3
s3727	2	239	1
s78	2	1	3
s104830	2	98	1
s114672	2	15	1
s2051	4	244619	3
s137932	2	6	1
s4303	4	165	3
s1326	4	21643	1
s81463	2	3	1
s374	3	7	1
s129124	2	1	1
s5341	4	91	1
s138344	2	3731	1
s1142	2	3504	3
s140412	2	189	3
s207	3	143	1
s105398	4	1	1
s81894	2	231	3
s2497	5	9192	1
s121095	2	70	1
s83060	5	636	3
s1374	4	103488	3
s81693	3	310	1
s4598	4	15766	3
s4873	4	69570	3
s2535	2	105	3
s2990	2	4898	1
s4114	4	35550	1
s125621	2	8	3
s5217	4	17679	1
s1304	4	6219	3
s4347	2	5	3
s105365	2	843	1
s1762	4	161691	3
s4284	4	129386	1
s82189	3	3	1
s105166	2	1209	3
s1842	2	19	3
s82906	4	69	1
s83074	4	128	3
s1886	2	58	1
s137957	2	268	3
s143415	2	56	1
s337	4	10049	3
s82507	3	37	3
s4412	3	14	1
s4743	2	1376	1
s82606	3	30	3
s105720	5	156	1
s3444	2	1	3
s121140	2	58	3
s82129	3	268	1
s82356	3	312	1
s2936	4	12	1
s105307	2	12	1
s1370	5	132557	1
s114941	4	273	1
s84	4	13073	3
s125385	2	6	3
s335	4	19936	3
s2301	2	116	1
s82105	3	48	1
s2059	2	50	1
s5253	4	108	3
s3273	4	221	1
s2982	4	11280	1
s82662	4	181	3
s105179	2	62	3
s82546	2	2745	3
s138309	2	93	3
s1995	3	136	3
s134805	3	18	1
s82562	4	204	1
s137938	2	92	1
s105165	3	952	3
s1663	4	35	1
s1898	4	42	3
s1780	2	21	1
s3258	3	100	3
s4727	4	60726	1
s2268	2	122	1
s2383	4	315	1
s81945	2	2663	3
s220	2	72	3
s4571	4	142537	1
s3362	4	34027	1
s105037	2	319	1
s105335	2	82	1
s82274	3	107	3
s138218	2	50	3
s3932	4	128562	1
s82857	2	52	1
s449	2	7	1
s658	4	66788	3
s308	4	611	1
s2810	2	67	1
s104963	2	305	1
s131883	2	52	3
s4937	2	1	3
s3803	4	107	3
s82381	3	145	1
s307	4	136	3
s855	4	47870	1
s3076	4	11012	1
s104850	2	720	3
s4830	4	245	3
s129137	2	125	3
s134735	2	101	1
s143395	2	76	3
s114995	2	563	1
s1697	3	14	3
s5039	2	1	3
s3856	4	202611	1
s2441	2	166	1
s82464	3	61	1
s1432	2	81	1
s83263	3	127	3
s105253	2	7	3
s476	2	562	1
s104799	3	5618	3
s1911	4	3857	1
s82528	2	70	3
s81996	2	6	3
s1372	4	40	3
s125515	2	261	3
s143337	2	10	1
s3898	2	75	1
s81767	2	15	1
s35	4	6064	3
s1003	4	7038	3
s1648	2	93	1
s3620	4	20414	3
s139607	2	1	1
s5423	2	62	1
s121023	2	34	3
s134667	2	54	1
s121099	2	225	1
s1792	2	312	3
s129104	4	107	3
s4102	4	61353	1
s4132	4	315503	3
s3952	4	322963	1
s105194	2	201	3
s138346	2	2202	1
s3814	2	556	1
s1483	4	29277	3
s121070	2	3	3
s2251	5	115	3
s4440	4	327313	1
s4866	4	74905	1
s105032	2	77	1
s82547	5	92	3
s114630	2	323	3
s140444	2	13743	1
s1890	2	85	3
s1273	4	5488	1
s514	2	441	3
s125472	2	85	1
s129188	2	89	3
s4569	4	238778	1
s81922	3	203	1
s129093	2	91	3
s82022	2	476	1
s385	4	18040	3
s104940	2	52	1
s82108	2	94	1
s4435	4	267081	3
s3267	3	1398	1
s114528	2	10	1
s4060	4	78092	3
s4802	4	5519	1
s251	3	196	3
s82079	2	83	1
s2899	4	61425	3
s1356	3	203	1
s2166	4	88313	3
s82617	2	197	1
s425	2	67	1
s82840	3	524	1
s3700	2	99	3
s3346	3	259765	3
s129122	2	168	3
s132040	2	51	1
s1977	4	32553	1
s82047	2	1	3
s114751	2	14	1
s129114	2	326	1
s4124	2	1507	3
s3611	4	75953	3
s82747	2	66	1
s786	2	19	1
s140477	2	80	3
s81	2	2519	3
s2596	4	61571	1
s3536	2	1	1
s83200	4	18	3
s4213	4	60907	3
s105163	4	75	3
s4707	2	108	1
s142606	2	323	1
s131986	2	260	1
s83238	3	329	1
s115005	2	109	1
s2114	4	276759	3
s277	4	13135	1
s134630	2	90	3
s1684	2	1604	1
s82179	2	100	3
s4923	4	105538	3
s134694	2	55	1
s105718	3	145	1
s5134	4	32420	1
s105748	2	56	1
s143346	2	20	1
s1170	2	301	1
s81561	2	340	3
s3331	2	3	1
s120991	2	672	3
s125620	2	680	1
s105391	3	111	1
s129224	2	70	3
s83189	4	28	3
s3857	4	10326	1
s129191	2	4400	3
s105673	3	2	1
s4444	3	4	1
s82483	2	3	3
s3233	2	2	1
s2244	2	330	1
s4984	4	45223	1
s139638	2	388	1
s104904	2	76	1
s5170	2	1	1
s4201	5	54356	1
s104936	2	7	3
s2234	4	77296	3
s3063	4	6008	3
s77	4	25151	3
s82808	2	11	1
s1632	4	15745	1
s81664	2	69	3
s1301	2	222	3
s131914	2	90	1
s4364	4	151961	3
s2246	2	28	3
s104998	3	87	1
s83040	2	224	1
s120949	2	121	1
s105443	4	138	1
s82314	2	59	3
s81938	2	177	1
s120935	2	2	1
s131987	2	739	3
s206	4	125	3
s138227	2	60	1
s5058	2	4	3
s129234	2	12744	1
s3287	5	686	3
s105259	2	241	1
s82516	2	17	1
s143332	2	480	3
s105500	4	386	1
s271	4	3380	3
s105466	7	102	1
s139630	2	67	3
s143375	2	65	1
s280	2	41	1
s114715	3	61	3
s3784	4	128	1
s83285	4	81	3
s4748	2	29	1
s143321	2	78	1
s3395	4	54	1
s2888	4	73593	3
s105430	3	499	1
s399	3	9	1
s3290	4	493	3
s114647	2	96	3
s2939	4	75884	3
s132002	2	115	3
s3390	4	65146	1
s82219	2	98	1
s105216	3	65	1
s83061	2	184	3
s83076	3	179	3
s5103	4	261	1
s105470	2	96	3
s140521	2	350	3
s105400	3	152	1
s105222	2	288	1
s120951	2	883	1
s3947	2	6428	1
s4150	4	46408	3
s3549	2	76	1
s81659	4	95	3
s501	4	447	3
s105319	4	333	3
s81360	3	140	1
s82945	2	65	1
s4886	2	92	1
s2284	4	63	1
s121005	4	180	1
s809	4	7892	3
s105621	5	294	3
s938	3	125	3
s2282	4	47	1
s81978	2	82	3
s2907	2	6050	1
s81605	2	21	1
s2700	2	526	3
s131953	2	50	1
s131996	2	81	1
s4600	4	1985	3
s114586	2	123	1
s3097	4	5	1
s120914	2	62	1
s3431	2	129	1
s400	3	127	1
s3769	4	12573	1
s81354	2	104	3
s120926	2	133	1
s105268	2	7	3
s1514	2	52	1
s114638	2	564	1
s132035	3	52	3
s2007	4	356992	3
s4645	2	8	3
s138315	2	233	1
s4589	4	394923	3
s82254	3	419	3
s698	3	61	1
s140488	2	10	1
s2015	4	184853	1
s134802	2	1	1
s5073	4	23686	1
s81379	3	25	3
s81430	2	312	3
s120787	2	121	1
s1420	2	326	1
s82839	2	67	1
s114693	2	113	3
s537	2	129	1
s81629	3	111	1
s114620	2	146	1
s4670	2	172	3
s5429	4	108164	1
s2897	2	462	3
s104946	2	7	3
s1683	4	133496	1
s129131	2	326	1
s104965	2	115	3
s81435	2	64	3
s3659	2	132	3
s105371	4	356	1
s2653	2	5	3
s2688	4	107	3
s129178	2	118	3
s253	2	200	1
s2109	4	66	3
s82396	3	95	3
s2529	2	144	1
s1429	5	30	1
s82397	2	68	3
s81691	3	468	1
s2468	4	49996	1
s4402	4	134346	1
s105264	2	60	1
s105229	2	3	1
s2108	2	17	1
s114877	2	242	1
s121017	2	3	1
s81646	2	91	1
s121071	5	973	3
s1897	2	192	3
s1987	2	252	3
s2660	4	14663	3
s125434	3	276	1
s105221	4	512	1
s5325	2	126	3
s942	2	80	1
s105131	2	72	3
s4814	4	61548	1
s114584	3	13	1
s137973	2	321	1
s132055	2	331	2
s139644	2	61	1
s4914	4	125751	1
s134785	2	259	1
s104942	2	140	1
s4466	4	18250	3
s105556	3	28	1
s82917	5	475	3
s4137	2	3	3
s81420	3	138	1
s805	2	314	3
s2351	4	196612	1
s139651	2	1	1
s83331	2	324	1
s5129	4	530	3
s134697	3	8462	3
s246	4	14950	1
s1541	4	39439	3
s4428	4	137100	3
s2123	2	2	3
s2782	4	44984	3
s2005	4	149532	3
s3470	2	176	1
s776	2	159	1
s83222	3	56	3
s114834	2	108	3
s3051	2	278	1
s840	2	1	3
s105286	3	53	1
s140280	2	72	1
s105093	3	131	1
s82802	3	98	1
s4484	4	141348	1
s2857	2	111	3
s3451	3	119	3
s83037	4	12	1
s5091	3	240	1
s2369	4	255645	1
s137942	2	71	3
s4549	4	372271	1
s1770	2	354	1
s114569	2	305	3
s81490	2	279	1
s81670	4	58	3
s83245	3	1	1
s129017	2	8	1
s798	4	19	1
s140260	2	132	3
s81653	2	56	1
s5029	4	22785	3
s1749	4	349942	3
s2619	4	288927	3
s155	3	9	3
s82504	3	3	3
s120744	3	59372	3
s3060	2	382	3
s4846	2	61	1
s114839	2	19	1
s138348	2	4	1
s129030	3	20	1
s134763	2	1	1
s82340	3	118	1
s1612	4	24320	3
s140225	3	73	3
s114921	4	16588	1
s2013	4	135	1
s143353	2	66	3
s790	2	409	1
s941	4	189052	1
s3042	4	27930	1
s479	2	6	1
s129213	3	188	1
s2414	4	47311	3
s358	2	13	1
s81752	3	107	1
s3510	2	322	3
s48	2	268	1
s121162	2	10	3
s1578	5	8444	3
s4006	3	27	1
s3587	4	48	3
s2553	4	181889	1
s104896	2	146	1
s114665	2	60	1
s82597	4	94	1
s1137	4	113538	1
s5142	2	151	3
s114772	4	10	3
s105703	2	5	1
s4672	4	115331	3
s137990	2	341	3
s105769	2	68	3
s105246	2	265	3
s432	4	32615	1
s140458	2	11	1
s81446	2	720	1
s125484	2	86	1
s882	4	45	3
s3084	2	1601	3
s451	4	85	1
s1095	3	938	3
s4447	2	318	1
s82412	2	61	1
s115092	3	255	1
s1882	2	7	1
s1131	4	2417	1
s134662	2	105	3
s129119	2	28	3
s138324	2	58	1
s3661	2	1279	3
s4377	4	251767	3
s82425	3	12	1
s4461	2	82	1
s2014	2	74	1
s4773	4	159200	1
s2330	4	136275	1
s2658	4	48050	3
s3232	4	169996	1
s121128	3	225	3
s82468	3	34	1
s2332	4	109664	1
s131959	2	51	1
s1285	4	7315	1
s1468	4	58287	1
s1120	3	5	1
s81488	3	217	1
s1935	4	153487	3
s329	4	585	3
s132076	2	99	1
s105546	2	480	3
s722	4	54865	1
s144	4	42	1
s129204	2	302	3
s1222	3	37	1
s114666	4	580	1
s131963	2	1	1
s3125	2	32	3
s2252	4	19991	3
s4586	3	1	3
s4230	4	23457	1
s83049	5	24	3
s3361	4	72752	1
s2023	4	223944	3
s713	4	109	1
s114896	4	379	3
s131898	2	279	3
s125390	2	65	3
s4708	4	316489	3
s82146	3	88	3
s143369	2	131	1
s2968	4	136645	3
s2235	4	196434	3
s653	4	19	3
s115024	2	1	1
s2142	2	65	3
s536	4	671	1
s1942	2	140	1
s2018	2	311	1
s4079	4	339080	1
s120943	2	1	1
s83307	3	65	3
s3203	2	17	1
s105012	2	86	3
s3447	4	271232	3
s4040	4	62490	1
s4297	2	100	1
s82952	2	88	3
s139620	2	62	3
s3328	4	94689	1
s2152	4	143983	1
s1418	2	4674	1
s4699	4	614	1
s83236	2	113	1
s140452	2	172	1
s120955	2	245	3
s105459	2	1604	1
s1368	4	57	1
s4170	4	22075	3
s42	4	8587	3
s83180	5	51	3
s81739	3	205	3
s138300	4	1995	1
s956	4	26551	1
s4889	4	45584	1
s134674	2	14	1
s5047	4	63	3
s82051	2	17	3
s2146	4	134332	3
s1836	3	76	3
s82240	3	439	1
s134767	2	412	3
s114831	2	198	1
s131971	3	312	1
s81558	4	118	1
s3647	4	82581	1
s138280	2	207	1
s131908	2	71	1
s4147	3	96	3
s140427	2	63	1
s2126	4	85910	3
s1143	4	221079	3
s757	2	140	3
s2180	4	19653	1
s82011	3	334	3
s82594	3	94	1
s416	3	15	1
s1104	2	179	3
s114567	2	308	3
s125417	2	336	1
s81433	2	110	3
s2721	4	23927	3
s125344	3	3543	1
s114950	3	88	1
s105017	2	78	3
s438	2	1	1
s2245	4	339114	1
s3781	2	130	1
s2012	4	20701	1
s138278	3	938	1
s2540	4	19611	1
s4385	4	18296	3
s82270	2	4145	1
s1194	4	3592	1
s3104	4	410	1
s590	2	1119	1
s82720	5	93	3
s82669	4	253	3
s3989	2	52	1
s2961	2	207	1
s82522	2	96	1
s3272	5	2968	3
s105614	2	205	1
s105545	3	465	3
s4329	2	85	1
s83184	3	94	3
s2643	2	83	3
s1758	2	336	1
s2981	2	6352	1
s125610	2	244	3
s81973	3	447	3
s82168	2	9	3
s2425	2	96	1
s82320	2	378	3
s131938	2	352	1
s82176	2	444	3
s120861	2	332	1
s82897	2	104	1
s4952	4	566	1
s4584	3	63	3
s4544	2	63	1
s114738	2	318	1
s131878	2	9	3
s82729	2	75	3
s4807	4	10893	1
s2505	2	465	3
s114890	2	766	1
s125624	2	78	1
s105305	2	237	1
s82017	2	317	1
s2573	2	78	3
s1018	2	5	3
s1123	2	7	1
s1459	4	48	1
s3445	4	396	3
s114598	2	370	1
s138355	2	11	3
s81963	3	178	3
s3693	4	12	3
s138312	2	50	1
s2860	4	15573	1
s105762	3	24	3
s4008	4	31710	1
s1710	2	1	3
s83160	2	5	3
s121189	3	327	1
s82278	3	154	1
s4827	2	196	3
s3657	4	276134	3
s2130	4	576229	1
s143399	2	98	3
s2198	4	101969	3
s4577	2	327	1
s2405	4	45422	3
s81722	2	72	3
s81588	3	171	1
s2759	2	165	1
s2265	4	243736	1
s114975	2	19	1
s143379	2	76	1
s5340	4	44588	1
s125438	2	1	1
s1892	4	182967	3
s1136	2	74	1
s1636	2	68	1
s4145	4	20542	3
s115064	2	120	1
s2632	4	171	3
s22	4	1149	1
s114795	2	342	1
s81376	2	23	1
s82981	2	88	3
s114585	3	277	1
s105228	2	3	3
s10	2	816	1
s81764	4	215	3
s2571	2	69	3
s652	2	20	3
s1610	3	7	3
s114980	2	114	1
s4953	2	91	1
s131978	2	70	1
s132037	2	7	3
s1502	4	31	3
s105048	2	338	3
s2136	4	42895	1
s125440	2	1865	1
s105294	3	21	1
s83217	3	8	3
s138283	2	52	1
s82031	2	1522	3
s140506	2	68	3
s673	2	61	1
s82872	2	1468	3
s1554	2	1	3
s2019	4	218233	1
s4328	4	207	1
s82111	2	58	1
s1627	3	6	3
s2964	4	68020	1
s81618	3	89	1
s82850	2	6481	3
s4005	2	5	1
s83033	3	45	1
s125618	2	3	3
s4115	4	200	1
s105197	2	85	3
s1865	4	64977	1
s5276	3	17	3
s115073	2	388	1
s4420	4	180658	3
s125388	2	164	1
s2633	4	49	3
s143389	2	62	3
s114880	2	80	1
s140254	2	138	3
s134657	3	52	1
s285	4	445	1
s1102	4	20523	3
s5297	3	62	3
s594	2	44	1
s82067	2	58	1
s1238	2	76	1
s2117	4	30	3
s4003	4	115146	1
s82267	2	6	1
s3079	4	16533	1
s83097	3	380	1
s121101	3	26	1
s2322	3	99	1
s5383	4	3980	1
s1191	3	178	1
s1205	4	79082	3
s149	3	54	3
s166	2	268	1
s1462	2	309	1
s1577	5	291310	3
s3728	4	112987	1
s4564	3	9	1
s129197	2	117	1
s114595	2	4319	1
s129068	2	68	1
s134705	2	252	1
s1576	4	10161	3
s115040	2	283	3
s2359	4	98482	3
s2679	2	83	1
s5012	4	20321	1
s125360	2	522	3
s105508	4	2167	1
s2572	4	727476	3
s120766	2	316	3
s5137	3	20	3
s1693	2	55	3
s82163	2	516	3
s82615	2	75	1
s3722	4	115740	3
s132006	2	127	3
s83300	4	43	1
s771	4	1844	3
s2761	4	91	1
s3358	4	43940	1
s1193	4	47475	1
s82180	3	107	3
s3790	4	186404	1
s2309	4	171064	1
s636	4	99	3
s821	4	88	3
s2221	4	33939	3
s5016	4	531	1
s114563	2	105	1
s4805	3	28	1
s139640	2	56	3
s121134	2	1	1
s1783	2	58	1
s2329	4	27949	1
s121151	2	28783	3
s3586	2	533	3
s134750	2	1	1
s1993	4	6	3
s2103	4	127862	3
s105033	2	108	1
s105595	2	80	1
s131899	2	19	3
s129218	2	1124	1
s3165	4	42	1
s1456	4	24151	1
s2881	4	10479	3
s4682	4	155	1
s105457	3	371	1
s5289	6	4904	3
s3282	2	55	1
s2866	4	4350	1
s140227	2	319	3
s134803	4	6	1
s2806	4	9402	1
s4717	2	1	1
s1973	2	56	3
s137934	2	62	3
s81815	2	331	1
s2691	2	80	3
s114687	3	99	1
s460	4	640	1
s125514	2	1	3
s4862	2	943	1
s81554	2	232	3
s4127	4	425113	3
s82205	5	48	3
s4908	4	74	1
s83154	2	231	1
s705	4	19657	1
s114984	2	66	1
s2318	2	106	1
s506	3	18	3
s1681	4	191376	1
s105577	2	562	3
s114737	2	307	1
s1383	2	316	1
s115068	2	46	3
s588	4	11	3
s121194	2	58	3
s305	2	1	3
s296	4	80	1
s143354	2	80	1
s83019	3	174	3
s82188	2	1	1
s129004	2	106	3
s81690	3	60	1
s1166	4	2257	1
s4456	4	239	1
s4181	2	330	3
s4745	4	12797	1
s4775	4	2215	1
s82664	5	342	3
s83023	3	65	1
s105140	2	60	1
s2925	2	3357	3
s4370	4	97601	3
s1523	2	1015	1
s81802	2	83	3
s140273	2	1	3
s1642	2	3	1
s679	4	21	3
s1324	4	139146	1
s234	4	18576	3
s81864	2	1	3
s2552	4	419650	1
s143608	2	158	3
s132015	4	2013	1
s1996	4	9839	3
s129059	2	331	3
s4246	2	2	1
s4956	4	49609	1
s82805	3	127	1
s3299	5	3662	1
s5171	4	47610	3
s1803	4	21104	3
s622	3	4554	3
s4668	4	55952	3
s2412	4	139997	3
s950	2	62	3
s5373	2	2	3
s104793	2	7323	3
s3169	4	5536	1
s5412	2	105	1
s105587	4	48	1
s105186	3	206	1
s2593	5	17	3
s83109	2	120	1
s81639	5	111	1
s81987	2	142	1
s82942	2	471	1
s4401	2	65	1
s2467	2	60	1
s82034	3	794	3
s1235	4	36819	1
s82052	3	585	3
s82345	2	78	1
s1327	2	57	1
s114816	2	370	3
s114530	2	86	3
s2958	4	55830	1
s3201	2	345	1
s83230	2	17	3
s105607	5	468	1
s1032	2	86	3
s81773	2	1	1
s105647	2	88	1
s137979	2	1023	3
s105158	3	181	3
s121	2	1	1
s134788	4	16	1
s82056	2	194	1
s4388	4	20084	3
s140271	2	91	3
s2920	4	488776	1
s81884	3	253	1
s5218	2	629	1
s4505	4	14624	1
s125368	2	304	1
s120823	3	54	1
s105604	3	1507	3
s5000	3	105	1
s82167	2	50	3
s2589	4	201370	1
s3342	2	51	1
s134664	2	50	3
s140417	2	1	1
s2452	4	12832	1
s129158	2	116	3
s125442	2	17	1
s82815	2	21	1
s105050	2	290	1
s3197	4	1627	3
s114820	4	418	3
s3314	2	3528	1
s82076	2	357	1
s893	4	103668	1
s3806	4	168003	3
s132036	3	2	3
s926	4	170144	1
s4096	3	73744	3
s4768	4	6107	3
s1152	4	63543	1
s142608	2	1	1
s4561	5	129445	1
s105618	2	286	1
s5349	4	107065	1
s289	4	180	3
s104801	2	330	1
s114656	2	77	3
s3853	2	324	1
s5135	2	7	3
s140419	2	1	1
s105147	2	1393	1
s638	4	102	3
s105799	2	2216	3
s955	2	54	1
s1533	2	16	1
s1017	4	32973	3
s105479	4	1843	3
s83232	3	738	1
s125373	2	113	1
s81643	3	510	1
s114823	2	2	1
s81544	2	1697	1
s4524	4	91	3
s82390	3	235	1
s5099	4	237	1
s105211	2	172	1
s105708	3	44	3
s129044	2	252	3
s769	2	3	1
s3488	4	199156	1
s83296	2	14	1
s129159	2	281	1
s1810	2	207	1
s82286	2	2	1
s134659	2	2527	3
s4785	2	16	1
s105351	2	6141	1
s5080	4	11943	3
s132012	2	2408	1
s81785	2	197	1
s140241	2	7	1
s81614	3	130	1
s178	2	1	1
s139617	2	277	3
s82097	2	344	1
s4601	2	76	3
s5250	4	17846	3
s129232	2	4758	3
s129063	2	72	1
s4235	4	21929	3
s5105	2	81	1
s81687	3	78	1
s458	4	998	1
s4469	2	50	3
s1446	4	266417	1
s105278	2	209	1
s2	3	10195	1
s81583	2	15	1
s83305	2	320	1
s114539	2	135	3
s129201	2	122	3
s83157	2	63	3
s3364	4	177455	1
s1284	2	66	3
s733	4	105	1
s120894	2	106	3
s104865	3	60	3
s2320	3	134	1
s81962	3	327	1
s586	4	1668	3
s83056	2	23	3
s82312	2	132	3
s81584	2	54	1
s4519	4	26774	3
s1606	4	94345	3
s5208	2	3	1
s83269	2	70	1
s143428	2	167	1
s114650	2	976	1
s129103	3	13	3
s4700	2	54	1
s4968	5	4916	1
s81401	2	346	3
s2185	4	151822	1
s81808	2	516	1
s139613	2	449	3
s2102	2	332	3
s81477	2	85	3
s1246	2	184	3
s753	2	73	3
s4939	4	100	1
s129116	2	156	1
s125555	3	234	3
s2140	4	2490	1
s81980	2	3	3
s4280	4	976976	1
s1981	4	138078	3
s105533	2	629	1
s196	4	6	3
s105314	2	52	3
s1821	4	402677	1
s4962	4	1812	3
s2570	4	98942	3
s134790	4	1211	1
s5392	4	5674	1
s770	3	65	3
s1997	4	223899	3
s134794	3	14	1
s134614	2	72	1
s105056	2	160	3
s138356	3	23	3
s4011	4	34726	3
s3845	2	778	1
s82318	3	201	3
s105340	3	1255	1
s5371	3	108	3
s114582	2	345	1
s114805	2	14564	1
s2856	4	2051	3
s11	4	208	3
s105029	2	76	1
s83198	2	108	3
s105469	4	461	1
s3014	2	674	1
s82738	3	83	3
s105766	2	4	1
s143340	2	129	1
s129023	2	213	1
s81854	2	64	3
s131920	2	114	3
s82495	2	322	1
s82351	3	57	1
s114537	2	60	1
s140247	2	48	3
s2879	2	283	3
s82867	2	96	1
s1224	2	70	3
s140429	2	66	1
s2531	4	2288	1
s143392	2	54	1
s114552	4	188	1
s120980	2	585	3
s184	4	301	1
s3073	5	3031	1
s114800	3	74	1
s81536	2	312	3
s4675	4	167202	3
s2387	2	1611	1
s105741	2	97	3
s125436	3	19	1
s82362	2	98	1
s2077	2	1	1
s105303	2	122	3
s2832	4	114557	3
s4433	4	267	3
s4451	2	72	1
s2192	3	39173	1
s4594	4	175288	1
s132061	2	383	3
s799	3	71	3
s81950	2	92	1
s3755	2	12	1
s139634	2	220	1
s4987	2	1018	1
s82331	3	283	3
s4226	4	155241	1
s4130	4	375306	3
s3099	3	187	1
s125375	2	125	3
s81633	2	164	1
s121145	2	483	3
s140493	2	1	1
s129136	2	64	1
s81492	4	339	3
s81852	3	64	1
s3733	4	39025	1
s30	2	1	3
s115096	2	249	1
s104984	2	137	3
s82153	3	47	1
s762	4	73	1
s82316	2	414	1
s82299	2	91998	1
s129075	3	91	1
s82480	3	792	3
s36	4	64	3
s82492	2	57	3
s83047	6	311	3
s5290	4	131	3
s663	4	16171	3
s4863	4	280148	1
s1460	2	1	1
s129151	2	72	1
s83043	3	365	3
s1873	2	2304	1
s408	3	9	3
s105367	2	4240	1
s3017	4	3702	1
s4342	4	199572	1
s114655	2	50	1
s4390	4	180683	3
s81489	3	10	3
s516	3	24	1
s5178	4	11	3
s120982	2	491	3
s1087	2	18269	1
s105627	6	16	1
s121010	4	193	3
s3493	4	34494	1
s96479	2	144	1
s4849	4	167617	3
s83338	2	107	1
s83100	4	37	1
s81388	3	320	1
s125350	4	8876	1
s897	3	273	1
s1360	4	60737	3
s1802	2	96	3
s83024	4	131	3
s129007	3	3679	3
s3986	4	95677	3
s105347	2	62	1
s2400	4	103809	3
s114674	2	319	3
s1130	3	91	1
s1574	4	3620	3
s1813	4	27039	1
s81799	2	88	1
s2485	4	56	1
s3926	4	661190	1
s125448	2	12	3
s125465	2	150	3
s2674	2	55	1
s105597	2	1	1
s3363	2	904	1
s114591	3	83	3
s2350	4	48818	1
s2392	4	52420	1
s82352	4	80	1
s4223	2	50	1
s4860	2	26	1
s2449	4	279342	1
s121050	2	562	1
s1035	4	238576	3
s105097	2	78	1
s5287	4	3422	3
s82641	3	76	1
s121073	4	1768	3
s131907	2	52	1
s1929	4	237178	1
s5393	2	8526	1
s766	2	150	1
s248	4	4036	1
s104954	2	58	3
s2384	2	4	1
s105035	3	50	1
s138295	2	1235	3
s125589	2	5	3
s5168	4	48	1
s138249	2	281	3
s1308	2	64	3
s81607	2	76	1
s114592	2	8	1
s4771	4	42263	3
s114786	2	138	3
s4788	2	338	1
s82799	4	94	1
s131919	2	326	1
s81609	3	84	1
s2290	4	50	1
s82170	3	838	3
s851	4	74343	1
s83090	3	156	1
s2595	2	18	1
s105406	4	982	1
s3656	2	92	3
s114712	2	260	1
s2195	3	14	1
s523	2	122	1
s3499	2	121	1
s82899	3	10	1
s1119	4	109	1
s83088	3	70	3
s82006	2	4	1
s139647	2	38	3
s4648	2	336	3
s114886	2	442	1
s4878	4	141495	1
s544	4	387	1
s132070	2	115	1
s83257	2	133	1
s3554	3	98	1
s82549	5	213	3
s125358	3	1002	3
s105793	2	61	1
s1138	4	61587	1
s131941	2	54	1
s1012	4	30993	3
s81508	4	35	1
s2030	4	53490	3
s1275	2	180	1
s81432	2	4	1
s1211	4	81535	1
s82894	2	118	1
s3394	2	72	3
s125370	2	66	3
s114859	3	180	1
s105144	2	127	1
s2506	4	10317	3
s2026	2	6107	3
s1969	3	34	3
s719	2	63	1
s466	2	171	1
s1702	4	32106	3
s134810	2	27	3
s114517	2	323	1
s1475	2	161	3
s3213	2	168	1
s138299	4	144	1
s3093	5	498	1
s1617	4	4476	1
s104909	2	109	3
s5115	2	318	3
s81608	2	182	1
s5140	4	330	3
s1905	2	81	1
s114936	2	546	3
s875	4	40648	3
s4355	2	66	1
s114578	2	1	1
s2861	4	20585	1
s143386	2	150	1
s3214	7	686	0
s105503	3	608	3
s81353	4	16	3
s82736	2	4	3
s5407	4	8948	1
s82154	3	428	1
s82777	2	56	3
s114978	2	37	1
s4197	4	126809	1
s423	4	8724	1
s81745	2	71	3
s82405	2	196	3
s867	4	52451	3
s114942	2	162	3
s82487	2	72	1
s5065	5	9123	3
s105566	4	203	1
s2626	2	85	1
s4988	4	224944	1
s758	4	46	3
s81626	2	9	1
s143417	2	13	3
s5007	2	59	1
s977	2	3800	3
s105727	2	73	3
s2084	2	98	1
s1552	2	80	3
s115080	2	30	1
s5241	2	3	3
s83210	2	244	1
s2024	2	844	3
s3589	2	8	3
s140246	2	17	3
s82721	4	8	1
s4823	3	33	3
s104927	3	5326	1
s104949	2	72	1
s664	2	152	3
s712	4	7135	1
s841	4	88868	3
s105277	2	390	1
s105025	2	645	3
s5063	4	10510	3
s82107	2	55	3
s3775	4	90	1
s51	4	667	3
s114545	2	57	3
s4606	4	296320	3
s104948	2	266	1
s120882	2	73	1
s3304	2	1573	1
s104932	2	186	3
s2743	4	50146	3
s3685	4	54096	3
s82749	2	54	1
s4637	2	329	1
s3516	2	98	3
s125566	2	1	1
s120866	2	87	1
s1311	4	49195	3
s2720	4	92464	1
s630	4	14474	3
s81406	2	73	1
s82921	4	331	3
s4252	4	116781	1
s828	4	6977	3
s121067	2	43	1
s2116	4	1	3
s5285	4	1605	3
s2554	2	90	1
s114689	3	50	3
s120903	3	122	3
s655	4	3331	3
s104980	2	74	3
s2503	4	47022	3
s5120	3	11	3
s81766	3	60	3
s105174	2	102	1
s143325	2	115	1
s5251	4	10	3
s3830	4	17083	3
s120757	2	326	3
s138257	2	312	1
s138308	2	7	1
s5211	4	26054	1
s3459	2	3	3
s2941	4	591133	3
s3941	4	259437	3
s105800	3	189	1
s936	4	97328	3
s4926	4	95889	3
s105291	2	784	1
s576	4	475	1
s125431	2	610	1
s31	4	14098	3
s125356	4	138	3
s82151	2	12	1
s105366	4	2658	3
s5028	2	1	3
s105642	3	131	1
s131991	2	640	3
s82098	2	997	1
s82791	2	100	3
s5410	2	1	1
s924	3	43	1
s81804	2	9	3
s105485	2	211	3
s82737	3	149	1
s2058	4	157756	1
s2598	4	266710	1
s5303	4	23104	3
s3864	4	3327	1
s81362	2	2684	1
s5404	4	494	3
s854	4	36710	1
s114970	2	88	1
s105006	2	975	3
s121152	2	7	1
s105206	2	7	3
s233	2	421	3
s224	4	19	3
s4322	4	44	1
s4832	4	480780	3
s3869	4	277176	1
s114581	2	1	3
s120774	2	72	1
s1772	2	84	1
s1504	4	16	1
s82014	2	68	3
s3855	2	3	1
s115038	2	58	3
s4562	3	64	1
s148	4	29866	1
s104835	2	789	1
s3550	4	67	1
s105478	3	658	3
s131922	2	366	3
s121040	2	154	3
s82556	4	678	3
s105362	4	2493	3
s81729	2	56	1
s105410	2	1148	1
s4638	5	172014	1
s82626	4	61	1
s82488	2	141	1
s3438	4	992	3
s83141	3	1639	1
s81523	4	18	1
s134753	2	584	3
s114971	2	209	1
s82084	3	72	1
s120815	2	257	1
s121085	2	6	1
s2118	4	383265	3
s2969	4	18565	3
s82909	2	117	1
s2394	4	276913	1
s114929	4	2204	1
s5406	4	701	3
s2158	4	584	1
s4229	2	23	1
s345	4	11771	1
s82722	3	18	3
s65	4	154	1
s82883	3	84	3
s104883	2	340	1
s377	3	84	1
s81841	2	13	1
s82194	3	54	1
s1484	4	4216	1
s83171	4	368	1
s3593	2	311	3
s81865	2	5279	3
s3420	4	20	3
s115050	2	1	1
s81620	3	796	1
s3794	3	133	1
s1869	2	94	1
s4392	2	3	3
s138329	2	52	1
s105807	2	152	1
s225	4	83	3
s1761	4	148967	3
s4674	4	22473	3
s858	2	52	3
s1361	2	317	3
s5236	4	127	3
s105167	2	62	3
s5440	2	11390	1
s82708	2	235	3
s5130	2	124	3
s105723	3	291	1
s4041	2	163	1
s4024	2	107	3
s139636	2	54	3
s1457	4	27414	1
s81738	2	82	3
s81781	4	5	3
s129027	3	15	1
s129168	2	72	1
s83046	2	24	1
s1159	4	1681	3
s139648	2	594	1
s138279	3	467	1
s2545	2	8	1
s83254	2	53	1
s3085	4	36106	3
s140473	2	88	3
s140522	2	53	3
s105191	3	260	1
s1063	4	55	1
s82000	2	432	1
s3929	2	81	1
s2055	2	1	1
s82660	4	852	3
s82993	2	1	1
s83078	4	34	1
s81393	2	874	1
s431	2	2	1
s82843	3	31	1
s120985	2	138	1
s105293	2	1	1
s650	2	103	3
s2914	2	77	1
s81530	2	63	1
s2076	4	5414	1
s3322	4	25315	1
s82953	5	120	3
s82335	2	78	1
s1163	4	9847	3
s82436	2	2	1
s81410	3	446	1
s2775	4	165773	3
s105631	4	20	1
s82544	3	40	3
s82126	2	135	1
s3948	4	102744	1
s81632	2	51	1
s121007	2	222	1
s83221	3	6	3
s82968	4	69	3
s105217	2	145	1
s131993	2	458	1
s134793	2	372	1
s4691	2	17	3
s2938	2	130	3
s81833	2	50	3
s140498	2	90	3
s4543	4	71500	1
s2374	4	47360	1
s3607	4	225583	3
s105732	2	119	1
s1398	2	9	3
s4125	4	7393	3
s114701	2	218	1
s3603	4	177	3
s244	4	19533	1
s125533	2	5	3
s482	4	64	3
s82025	2	60	1
s125616	2	240	3
s140468	3	262	1
s125395	2	211	1
s625	3	62	3
s4304	4	26608	3
s4687	4	69544	1
s3492	4	60340	1
s4310	2	91	3
s2213	4	543287	3
s129111	2	4	1
s4650	4	22635	3
s2149	4	241180	1
s81964	3	658	1
s4945	4	198588	1
s3174	3	1107	3
s3988	4	170039	1
s1186	2	7	1
s105281	2	16	3
s5027	4	34	1
s3092	4	33	1
s3515	4	28101	3
s562	4	859	1
s105333	2	60	3
s83318	2	34	1
s105552	3	260	3
s2316	4	68183	1
s3696	2	54	3
s82637	3	23	1
s83208	3	73	1
s3847	4	101834	3
s4369	4	2912	3
s1600	4	237638	1
s2950	2	1	1
s4169	4	9969	3
s137929	2	289	3
s498	3	103	3
s161	2	1	1
s105632	2	309	1
s392	3	58	3
s131988	2	1	3
s1539	2	1	3
s105729	2	571	1
s3256	4	10	3
s81814	2	2116	1
s82403	3	68	3
s81517	4	166	1
s1279	4	122	1
s120969	3	826	1
s2563	2	84	1
s82177	2	341	1
s2889	4	151694	3
s243	4	366	1
s143361	2	312	1
s2930	4	228979	3
s688	4	2748	3
s120818	2	82	1
s1884	2	56	1
s2616	4	103782	3
s2368	2	329	1
s82456	2	60	1
s3671	4	64	3
s4013	4	59261	3
s121030	2	132	1
s81732	2	233	1
s132071	2	303	3
s105267	2	1	1
s131955	2	73840	1
s3479	4	18861	1
s105796	2	64	3
s5312	4	10144	1
s2713	4	25847	3
s129065	2	75	1
s3662	4	111117	3
s4977	4	64981	1
s114640	2	342	3
s134762	2	170	1
s1406	4	26	3
s2298	2	72	1
s129118	2	7	3
s4528	2	92	1
s115067	2	266	3
s3474	4	121	1
s2764	4	428841	1
s139652	2	6	1
s114575	2	136	1
s81749	2	317	1
s82717	3	21	3
s125406	2	3819	1
s891	2	13	1
s334	4	52	3
s131882	2	58	3
s608	4	178	1
s104796	4	96298	3
s5319	4	5801	1
s114878	2	229	1
s81369	2	69	1
s104884	2	150	1
s140497	2	1	1
s134755	2	71	3
s1616	4	317704	1
s3737	4	101105	3
s332	4	13363	3
s115012	2	107	1
s4822	4	81383	3
s5121	2	56	3
s82768	2	118	3
s4287	4	16731	1
s3136	4	59	1
s4725	4	187770	1
s82298	2	107	1
s105021	2	1	3
s105039	2	197	1
s120917	2	4728	1
s105803	2	98	1
s104939	2	70	1
s4069	2	1	3
s81925	3	238	1
s129127	2	50	3
s1978	2	74	1
s134649	2	52	1
s1585	4	41447	3
s1464	2	2715	1
s569	2	3265	1
s104974	2	10	1
s4015	4	35717	3
s129144	2	56	1
s4881	4	83	1
s104905	2	54	1
s2648	4	1571	3
s1937	4	5	3
s104	3	187	3
s1283	4	16005	1
s82570	4	52	1
s82453	3	192	1
s2299	4	144535	1
s120912	2	66	1
s129016	2	62	1
s132051	2	3589	3
s134786	5	93	1
s82690	3	37	1
s105451	4	4	1
s134692	2	3	3
s640	4	9	3
s83168	4	45	1
s2098	3	4	3
s2160	3	27	1
s2281	4	68442	1
s5186	3	3	1
s2849	4	57859	3
s120791	2	271	3
s667	2	130	1
s83001	2	64	1
s82888	3	20	1
s82422	3	195	1
s2106	4	230383	3
s2586	2	50	1
s535	2	156	1
s1407	2	72	3
s1295	2	1	3
s4415	2	303	1
s847	2	244	1
s83277	4	5	3
s1213	4	9680	1
s81541	3	228	3
s1747	2	35	1
s105226	2	183	1
s3766	2	330	1
s114889	5	649	1
s83126	2	165	1
s114619	2	77	3
s81467	2	73	1
s131891	2	56	3
s2705	2	4	3
s82062	2	52	1
s139645	2	82	3
s1196	3	2296	1
s2241	2	5405	1
s140415	2	522	3
s3598	2	1	1
s82136	2	70	1
s105075	4	27	3
s104837	2	320	3
s81943	4	198	1
s1021	4	13500	3
s129024	2	70	1
s1212	2	87	1
s3175	5	1083	3
s83328	3	695	1
s5162	2	1	3
s2740	4	98835	3
s1932	2	1510	1
s2061	4	22392	1
s2788	2	115	3
s3433	2	956	1
s3594	4	239833	3
s82452	2	195	1
s4581	2	24	3
s138305	2	442	1
s5399	2	278	1
s138297	3	1180	1
s494	2	106	3
s3625	2	58	1
s2045	3	21	3
s82096	2	81	1
s3270	3	1574	3
s105722	3	72	3
s3723	2	96	3
s3850	4	88247	1
s3902	4	272663	1
s82428	2	11	3
s83340	2	465	3
s83087	3	28	1
s3021	2	1	1
s4856	4	97364	1
s3309	4	113985	1
s104798	2	5	3
s125544	2	191	3
s134757	2	96	1
s125582	4	595	1
s128993	2	420	3
s3414	4	53270	3
s82770	3	124	3
s83329	2	80	1
s279	4	80	1
s3812	4	252	1
s83291	2	422	1
s134776	2	69	1
s105675	3	9	1
s2038	2	1397	3
s626	3	81	3
s137988	2	99	3
s4164	3	46	3
s104916	2	147	1
s105011	2	112	3
s4552	2	270	1
s3467	2	62	1
s125543	2	270	1
s697	2	732	1
s114884	2	679	1
s3600	4	77195	1
s82668	2	2	3
s3666	4	102994	3
s109	2	98	1
s114913	2	180	3
s82184	2	455	3
s4612	4	5	1
s3189	4	128	1
s105339	4	250	1
s105413	4	18	3
s1870	4	112119	1
s3378	2	60	3
s114692	2	5	1
s4319	3	2	1
s3109	5	401	1
s104847	3	670	1
s4588	4	112726	3
s4378	4	190107	3
s81702	3	216	1
s81818	2	314	1
s105639	2	605	1
s125603	3	202	3
s105685	2	17	1
s3135	2	11	1
s140447	2	44393	1
s4120	4	16310	1
s632	3	91	3
s1265	4	127158	1
s81750	2	61	1
s3166	4	12775	1
s215	4	9995	3
s82827	4	649	3
s82019	3	68	1
s82809	4	197	3
s2190	2	8730	1
s5139	3	30	3
s24	2	22	1
s826	4	31	3
s4472	4	100029	3
s4002	4	136413	1
s82830	2	308	1
s3471	4	425449	1
s3592	4	193718	3
s411	4	40558	3
s125575	2	18	1
s550	2	212	1
s582	2	203	3
s82822	3	18	3
s104972	2	334	1
s4997	4	12341	3
s104851	2	260	1
s82964	2	5	3
s114914	4	417	3
s2203	4	136606	3
s4358	4	58737	1
s129100	2	51	3
s82190	3	45	1
s82633	4	76	1
s3482	4	323442	1
s138320	2	72	3
s104906	2	78	1
s2805	2	7	1
s3630	4	101054	1
s81961	4	1110	3
s134682	2	225	1
s949	4	22366	3
s120965	2	33969	1
s689	4	45323	3
s4218	3	4	1
s129108	2	9	1
s82094	2	95	1
s131897	2	74	1
s3964	4	75698	3
s3106	3	164	1
s82284	2	836	3
s82955	2	627	3
s2693	4	12658	3
s887	4	5807	3
s138327	2	221	1
s336	2	80	3
s2793	4	8266	3
s3249	4	8	1
s1713	4	61475	1
s82093	2	317	1
s4485	4	64993	1
s121126	2	82	3
s129208	2	61	3
s1116	4	380220	3
s5	2	1	1
s82115	2	162	1
s4424	4	50499	3
s3782	4	20	1
s5036	4	53606	3
s83229	3	92	3
s121182	2	1	1
s121056	2	35	1
s129238	2	1581	3
s120769	2	282	1
s2144	2	58	3
s120942	2	1	1
s114763	2	3	1
s3096	2	52	1
s3186	2	154	3
s4590	4	8	3
s83003	2	522	3
s132059	2	388	1
s83281	4	382	1
s104856	2	28	1
s82501	2	133	3
s1451	2	137	1
s1939	5	1036	3
s2975	4	226320	3
s138222	2	58	3
s105173	3	208	1
s82970	5	4	3
s140264	2	65	3
s82384	4	667	1
s2259	4	149659	1
s121042	2	263	3
s140536	2	362	1
s4690	4	19	3
s114550	3	24	1
s4009	4	68519	1
s2942	4	132468	3
s82187	2	73	3
s81592	4	146	3
s4619	4	45587	1
s134652	2	1	3
s138335	3	50	1
s104902	3	257	1
s105758	3	481	1
s1671	4	15380	1
s82676	2	10	3
s114983	2	193	1
s4853	2	1	1
s5194	4	32105	3
s2927	4	47159	3
s120755	2	50	3
s104931	2	314	3
s115075	2	115	3
s2665	4	76	3
s1479	4	44648	3
s81896	2	125	3
s82877	3	106	1
s5379	3	339	1
s82605	2	682	3
s561	3	146	1
s5181	4	622	3
s116	4	54	1
s105628	2	4	1
s2617	2	320	3
s4129	4	9149	3
s114529	2	10	1
s3173	4	12	3
s140278	2	141	1
s1584	4	273025	3
s82434	3	82	1
s114963	2	9	1
s129046	2	331	1
s82790	2	5185	3
s121026	3	378	3
s3448	2	104	3
s528	2	276	1
s102	2	58	3
s3879	4	227	1
s83196	3	816	3
s82870	2	662	3
s1909	4	152736	1
s114837	2	107	3
s763	4	26005	1
s81681	2	452	1
s2423	4	12070	1
s4224	4	737951	1
s120747	3	680	1
s1099	4	107244	3
s81759	2	76	3
s105348	3	304	1
s1384	4	31969	1
s82876	2	96	1
s82414	3	46	1
s2954	2	222	1
s5417	4	465	1
s3567	4	42440	3
s1250	4	113902	1
s81960	3	1359	1
s4702	2	54	1
s140220	2	127	1
s2525	4	1575	3
s5203	4	259	3
s143384	2	93	1
s143408	2	56	3
s81697	3	3	3
s4323	4	443425	1
s447	2	5	3
s121054	2	81	1
s82281	3	15	3
s121165	2	87	1
s137935	2	52	1
s1161	4	933	3
s125389	2	104	3
s105444	3	169	1
s2226	4	151609	3
s3977	4	64	3
s125502	2	131	1
s134696	3	2138	3
s1493	4	3495	3
s81982	2	1	1
s125414	2	78	3
s143398	2	162	1
s221	4	19787	3
s104802	2	8	3
s81957	4	682	3
s120745	5	11943	1
s519	4	278	1
s81451	2	52	3
s727	3	89	1
s4605	3	180	3
s134709	2	71	1
s83342	4	102	3
s82419	4	400	1
s105396	4	18	1
s82328	3	7	3
s134754	2	68	3
s82109	2	18	1
s3735	2	213	1
s3757	2	8	1
s4669	4	3533	3
s739	4	4815	3
s3164	2	100	1
s2336	2	43	1
s81375	4	357	1
s114557	3	340	3
s4688	4	19	1
s5426	4	11105	1
s185	3	329	1
s509	2	771	3
s81796	2	65	1
s81456	4	29	1
s114724	2	61	1
s3086	4	1556	3
s1334	4	81807	3
s138242	2	3	3
s81883	2	69	1
s4292	2	319	1
s2031	2	349	3
s131995	2	132	1
s2880	5	119283	3
s114601	2	2	1
s140433	2	230	1
s105539	4	1107	1
s120743	4	5390	3
s1147	4	147033	3
s1223	4	92	3
s641	3	52	3
s81862	2	333	3
s140438	2	18	3
s120771	2	2	1
s121052	2	5	1
s82255	2	516	1
s117	3	30	1
s2080	4	299	1
s1281	4	102	1
s121139	2	1406	3
s2254	3	14	3
s83083	3	68	1
s82371	3	194	1
s81803	2	27	3
s5225	4	6493	1
s114960	3	82	1
s105212	3	1	1
s105008	2	3	3
s125462	3	129	3
s81549	3	69	3
s5204	2	53	3
s3987	4	119502	3
s125608	2	53	1
s4617	4	94444	1
s368	3	147	3
s2289	2	64	1
s81858	2	67	3
s4097	2	1196	1
s5258	2	14	3
s5075	4	27612	1
s125488	2	2490	3
s83235	2	81	1
s3366	4	9921	1
s83267	4	74	3
s105585	4	317	1
s312	3	518	1
s1431	3	177	1
s121146	2	57	3
s120806	2	168	3
s81569	2	1964	3
s415	2	107	3
s114968	2	89	1
s339	4	410	3
s114547	3	404	3
s83334	3	35	1
s105794	2	338	1
s105373	4	370	1
s1127	2	38	1
s138246	2	216	1
s602	4	2074	1
s4290	2	1	1
s81655	4	436	1
s67	4	40653	1
s114883	2	12631	1
s82023	2	20	1
s82393	2	2105	1
s82300	3	6931	3
s125581	2	140	1
s105135	3	173	3
s139635	2	409	3
s82532	4	157	3
s4423	2	861	3
s82398	4	135	3
s4698	4	143610	1
s331	2	677	3
s105731	2	77	1
s1988	4	41397	3
s2725	4	80270	3
s3126	3	10	1
s3746	4	216055	3
s5172	4	36	3
s969	3	90	3
s104874	2	147	3
s114716	2	77	3
s2864	4	48116	1
s890	4	2445	1
s1678	4	130825	1
s3082	2	301	1
s105409	4	38	1
s5221	4	31175	3
s120885	2	83	1
s2798	2	78	3
s889	4	12615	3
s4754	4	19195	1
s5259	5	20787	3
s2980	4	1052222	1
s105519	4	193	1
s129019	2	10	1
s5212	3	691	1
s1526	3	83	1
s4634	4	177593	1
s82912	2	289	1
s82217	2	122	3
s143403	2	374	3
s986	4	10914	1
s105116	2	149	1
s4896	2	1783	1
s5053	2	102	3
s140275	2	311	3
s81439	2	5	1
s4782	2	7	1
s81586	2	482	1
s104821	2	68	3
s82069	2	113	1
s2876	4	154341	3
s1564	3	26	1
s4027	4	562	3
s4108	2	120	1
s82654	2	294	1
s3264	3	1775	3
s4282	4	91165	1
s114696	2	51	3
s129177	4	211	3
s131958	2	69	3
s140406	2	206	1
s3945	4	113627	1
s82785	2	1855	1
s143357	2	90	3
s3191	2	64	3
s3730	4	139316	1
s2296	4	395650	1
s138351	2	234	3
s3446	2	254	3
s163	2	51	1
s129061	2	117	1
s81504	4	361	1
s2891	3	1380	3
s2302	4	79650	1
s3031	2	1529	1
s3884	2	181	1
s132058	2	539	3
s82996	2	920	3
s3915	4	61490	3
s105127	3	18	1
s114949	2	7895	1
s5421	2	75	1
s105000	2	404	1
s2341	4	1002	1
s5232	4	11	3
s114732	2	83	1
s1344	4	126118	1
s2717	2	70	1
s105269	5	760	3
s120950	2	422	1
s1739	2	315	1
s648	2	335	3
s205	2	221	1
s4053	4	541	3
s105161	2	268	3
s82855	3	681	3
s2323	4	142	1
s4798	2	549	1
s83081	2	182	3
s4759	4	53650	1
s105724	2	147	3
s82862	3	33	1
s1519	4	23	1
s143374	2	50	3
s4558	2	314	1
s82359	2	314	1
s5331	4	78	1
s310	4	9619	1
s105518	2	1363	1
s559	3	2	1
s125598	2	7	1
s3825	2	64	1
s564	4	738	1
s5400	4	37739	3
s140530	2	1542	1
s4225	2	161	1
s138294	2	251	3
s82295	2	93	3
s1414	4	147415	1
s1056	4	33429	1
s114976	2	18	1
s82966	2	5	3
s82207	4	186	3
s140476	2	64	1
s143405	2	177	1
s980	3	24	1
s81866	2	112	3
s121187	4	4947	1
s5346	4	42584	1
s82608	4	32	3
s105036	2	152	3
s316	2	53	1
s5131	4	6870	3
s131905	2	332	1
s4317	4	73939	1
s81774	3	391	3
s81352	2	18	3
s83091	3	344	1
s1760	3	661	3
s4341	4	389065	1
s5369	2	94	3
s105038	2	138	1
s3279	2	31	1
s105471	4	90	1
s1750	2	734	3
s81422	2	1	1
s4254	5	139654	1
s114580	2	3713	3
s3854	4	332266	1
s125606	2	1	1
s2371	2	51	1
s114806	2	20451	3
s134717	2	83	1
s82893	2	71	1
s1300	4	86	3
s3886	2	102	1
s464	5	1251	1
s121109	2	262	3
s105789	2	85	1
s121022	3	49	3
s3319	4	348416	1
s114637	2	480	3
s140218	2	63	1
s3581	4	114974	3
s3961	4	48481	3
s143425	2	303	1
s83155	2	319	1
s3408	4	227845	3
s120981	3	924	3
s140515	2	1	1
s5188	3	78	1
s137964	2	7	3
s137927	2	59	1
s114688	2	108	1
s114996	4	363	3
s132083	2	1	1
s114862	4	119	1
s1364	4	99	3
s4083	4	247899	3
s4960	4	4983	1
s114761	2	57	3
s2923	2	284	1
s105354	2	214	1
s723	2	65	1
s114504	2	155	1
s1185	4	25678	1
s2087	4	146438	1
s5288	2	1	3
s83251	3	70	1
s81844	3	100	1
s120799	2	10	3
s1894	2	76	3
s72	4	12927	3
s3250	3	262	3
s797	4	81	1
s1979	4	93	1
s4597	4	4818	3
s140441	2	129	3
s17	2	118	1
s2712	4	96015	3
s83204	3	32	1
s1550	2	67	3
s2599	4	8798	1
s4214	4	143377	3
s1436	5	38154	1
s105349	3	1405	1
s115048	2	2	3
s839	4	22707	3
s566	4	371	1
s4578	4	3623	1
s4331	4	42996	1
s3261	5	31593	3
s137931	2	166	1
s1411	2	1	1
s105448	4	53	1
s105304	3	451	3
s3251	4	67	3
s82599	4	94	1
s114871	2	365	1
s3686	4	179345	3
s3665	2	63	3
s82258	2	280	1
s143412	2	420	1
s143342	2	4	1
s131946	3	4	3
s140235	2	2	1
s134734	2	108	1
s114938	2	481	1
s132039	2	3	3
s434	3	85	1
s5187	2	1	1
s2512	4	171074	3
s114748	2	50	1
s104926	2	2	1
s105576	4	1417	3
s4593	4	17	1
s1158	2	397	3
s120945	2	1	1
s81932	4	754	1
s720	5	8797	1
s998	2	3	1
s125416	2	340	3
s105171	3	103	1
s3243	4	932	1
s495	4	175	3
s5050	4	112335	3
s4368	4	15201	3
s114700	2	101	1
s2561	4	111019	1
s115079	2	148	1
s81688	2	408	1
s4541	4	145256	1
s82201	3	122	1
s125526	2	73	3
s82939	3	27	3
s125561	2	40	1
s4196	2	72	1
s1419	4	25036	1
s137945	2	56	3
s105154	3	577	1
s82407	2	150	1
s3236	4	238	3
s125481	2	72	3
s3260	3	20	3
s121035	3	44	3
s138223	2	79	1
s115062	2	124	3
s129014	3	541	1
s81898	4	146	1
s105065	2	318	3
s120941	2	52	1
s1195	4	56794	1
s82360	2	54	3
s2851	2	69	3
s134699	2	1	3
s1430	4	196247	1
s81667	2	1	3
s120900	2	96	1
s315	4	23868	1
s105233	2	63	3
s4039	4	299702	1
s114740	2	257	1
s105234	2	496	3
s81564	2	134	3
s83150	2	221	3
s81545	2	220	1
s1111	4	322723	3
s81483	2	165	1
s2398	4	80	3
s125452	2	50	1
s2082	4	76561	1
s114691	2	321	1
s1210	4	78789	1
s4248	4	66135	3
s2347	3	50	3
s5041	2	116	3
s82003	2	14791	1
s104986	2	1869	1
s5184	3	41	3
s3022	4	11020	1
s2112	2	332	3
s82440	2	177	1
s82199	2	520	1
s82444	2	135	3
s5304	2	3	3
s2230	2	57	3
s646	2	80	3
s120915	2	4	1
s81827	2	85	1
s5003	2	66	1
s105046	2	64	3
s125554	2	52	3
s4037	4	140527	3
s4705	2	10	1
s589	3	202	1
s3116	3	865	1
s82584	4	234	3
s4646	4	2196	3
s1007	4	41088	3
s129161	2	59	3
s120850	2	65	1
s3752	4	104354	1
s292	4	15486	1
s4462	4	59360	1
s5359	4	325	1
s274	3	125	1
s120964	2	21	3
s5013	4	97494	1
s990	4	10754	1
s82973	3	593	3
s1728	4	44	1
s2138	4	33981	1
s1599	4	542556	1
s372	3	18	3
s3498	4	29854	1
s2706	4	61045	3
s4731	4	8082	1
s931	4	69352	1
s82420	4	36	1
s132050	2	823	3
s1959	2	1	1
s105275	2	872	1
s121108	2	90	1
s3137	2	457	1
s104815	2	64	3
s4425	2	87	3
s105445	2	282	1
s2260	4	165155	1
s104846	2	63	1
s114702	2	331	1
s3156	4	369	3
s82552	4	214	3
s74	4	53572	3
s3610	4	178204	1
s1230	4	24203	3
s114568	2	327	3
s138226	2	319	1
s4138	5	100	3
s1904	3	74	1
s131885	2	1	1
s2151	2	323	1
s143322	2	59	3
s131962	2	69	3
s419	4	104	1
s134732	2	101	3
s3837	4	311610	1
s4263	4	154739	1
s4050	2	764	3
s3888	2	128	1
s82471	3	218	1
s83025	2	3	1
s3604	2	52	3
s114698	2	100	1
s4844	4	14798	1
s137	2	91	1
s82417	2	321	1
s82514	2	90	1
s4721	4	46814	1
s4513	4	131225	3
s82965	4	40	1
s114658	2	353	1
s120827	2	91	3
s1416	4	336128	1
s3478	2	52	1
s82157	2	66	3
s120841	2	354	1
s83036	3	21	1
s5274	4	143645	3
s5118	4	60	3
s4912	4	34031	3
s1317	4	40	1
s115045	2	232	1
s3382	2	50	3
s1310	4	8	3
s120902	3	59	3
s140268	2	84	3
s1452	4	244204	1
s138285	2	93	1
s105081	2	495	3
s5198	4	21	3
s3621	4	204465	3
s9	4	15315	1
s134782	4	79	1
s1482	4	64939	3
s59	4	33464	1
s81855	2	2985	3
s347	4	41236	3
s1779	4	182823	1
s2515	5	1515	3
s125	3	114	1
s143409	2	90	1
s5382	4	19568	1
s3077	2	339	1
s40	3	317	3
s105436	5	195	1
s105572	2	1370	1
s83092	3	147	1
s81497	2	982	3
s121089	2	1	1
s114879	3	2504	1
s105517	4	1867	1
s114947	3	43150	1
s5011	2	59	1
s1555	4	59164	3
s39	5	1723	3
s81499	2	91	1
s105662	2	691	3
s3588	4	2916	3
s5427	2	5	1
s5254	3	46	3
s83286	2	15	3
s448	4	119	1
s3703	4	34175	3
s105282	4	116	3
s140274	2	202	1
s1583	4	187912	3
s4526	4	33	3
s4357	4	54188	1
s120930	2	760	1
s1598	2	2558	1
s454	2	88	1
s138292	2	100	1
s105521	3	265	1
s3663	2	161	3
s2275	3	8	1
s5344	4	147	1
s1321	4	410227	1
s612	4	6425	1
s120891	4	589	3
s4452	4	18691	1
s34	2	313	3
s125558	2	56	3
s1145	2	2	3
s83167	4	146	1
s138238	2	136	3
s82323	2	51	1
s104827	2	80	1
s81895	2	4	3
s291	2	231	3
s4790	2	2	1
s3412	4	82600	3
s140475	2	50	1
s105637	2	297	1
s1458	4	11100	1
s81797	2	204	1
s121116	2	81	1
s104981	2	79	1
s1673	4	78507	1
s125489	2	78	3
s120997	2	81	1
s5189	4	6611	1
s3227	4	5261	1
s1014	2	2054	3
s125537	2	87	1
s128997	2	145	3
s81408	3	179	1
s125597	2	12	1
s82753	3	82	1
s131904	2	72	3
s1777	2	1085	1
s2340	2	43	1
s114526	2	418	1
s125483	2	91	3
s134748	2	19	3
s1811	4	30769	1
s3691	4	13766	3
s82185	2	81	1
s5055	4	238	3
s2655	4	9608	3
s129173	4	112	3
s1309	4	65705	3
s120798	2	2	1
s1703	2	128	3
s140490	2	1	1
s121081	2	427	1
s1729	2	54	1
s81902	5	502	3
s125584	4	1303	1
s4917	2	325	1
s114919	3	5180	1
s3274	2	1573	1
s82683	3	477	1
s115054	2	1	3
s4959	2	1	1
s129010	2	229	1
s114966	2	100	1
s691	2	1	3
s921	2	3	1
s2218	2	13	3
s2796	3	33	3
s139650	2	327	2
s3880	4	57604	1
s3158	4	371	3
s82578	4	184	3
s125364	2	47	3
s134643	2	441	1
s82257	2	198	1
s81890	2	54	1
s105101	2	628	1
s82004	4	62419	1
s1608	4	131294	3
s82095	2	264	1
s121159	2	17	2
s81876	2	198	3
s1893	3	5	3
s5149	4	7734	1
s1118	4	21676	1
s125568	2	8	1
s81792	2	321	1
s191	5	18174	1
s5305	4	104889	3
s140281	2	68	1
s82155	2	145	1
s3296	6	686	1
s129109	3	240	3
s1181	3	37313	1
s81378	2	77	3
s5298	3	1	3
s500	3	642	3
s114633	2	102	3
s125567	2	9	1
s254	4	74	1
s83028	4	1	1
s4117	4	110419	1
s3776	4	42084	1
s138306	2	87	3
s3950	4	1525	1
s140439	2	2919	3
s3430	4	326170	1
s4913	2	5	1
s121001	2	97	3
s3762	4	88	1
s82202	2	6	1
s105418	4	413	3
s4283	2	1	1
s138304	2	128	1
s134736	2	136	1
s140478	2	293	1
s3815	4	639857	1
s2073	3	20	1
s114962	4	93	1
s104871	2	79	3
s114542	2	78	1
s81623	3	311	1
s105113	3	84	3
s82559	4	236	1
s105241	2	197	1
s82391	2	50	1
s5398	4	5259	1
s874	4	19362	3
s4345	4	49990	3
s4999	2	3	3
s4714	5	7779	1
s4655	4	187688	3
s120855	2	103	1
s3924	4	67058	1
s4789	4	111600	1
s295	2	539	1
s4259	2	833	1
s120905	2	470	3
s5095	4	1	1
s5108	4	9406	3
s120919	3	95	3
s104794	4	8893	3
s1376	4	32139	3
s4471	4	9421	3
s1809	4	19	3
s231	4	246	3
s105629	5	323	1
s82959	3	69	3
s3641	2	280	1
s132007	2	24	1
s81535	3	173	3
s1651	4	9470	3
s3772	4	760	1
s121012	4	87	1
s3291	3	69	1
s2487	4	68713	1
s5265	3	2	1
s82755	3	26	1
s138336	3	26	1
s1231	2	50	3
s3032	4	2148	1
s83035	2	22	1
s82854	3	50	3
s82881	2	262	3
s105697	2	94	3
s631	3	1	3
s2445	4	9488	1
s4906	4	24078	1
s4161	4	107973	3
s1025	4	310	3
s128998	2	1	1
s105638	5	225	1
s2520	4	47524	3
s115023	3	152	3
s2004	4	84840	3
s2698	2	16720	3
s3570	4	940	3
s125609	2	118	3
s120983	2	2059	3
s81385	3	8	1
s143385	2	318	3
s81519	2	234	1
s82329	2	12	3
s120793	2	62	1
s83206	2	41	1
s129083	2	2825	1
s3150	5	17	1
s4628	4	43	1
s4966	4	31931	3
s2272	4	163538	1
s4422	4	57021	3
s114994	4	571	1
s2852	4	114919	3
s4925	4	382	3
s81527	2	370	1
s81399	2	54	1
s121195	2	98	1
s104879	2	21	1
s105284	3	372	1
s1319	4	93830	1
s2894	4	101858	3
s4293	4	343745	1
s129070	2	321	3
s131911	2	96	3
s104805	2	53	3
s83130	3	1496	1
s2537	2	7	1
s82206	3	55	3
s129115	2	133	1
s104967	2	71	1
s83018	4	554	3
s137937	2	92	1
s5405	2	162	1
s81790	2	577	1
s4398	2	60	1
s5160	3	167	1
s43	3	227	3
s2507	2	3	3
s143327	2	118	3
s81358	2	162	3
s4909	3	73	1
s824	3	192	3
s4021	4	83985	3
s82150	3	55	3
s83278	3	138	1
s2645	2	75	3
s321	2	51	1
s121148	2	315	1
s81874	2	27	3
s125471	2	99	3
s143380	2	19	3
s129034	2	7	1
s120807	2	73	3
s132081	2	180	1
s120830	2	50	3
s3763	4	1223013	1
s497	4	100	3
s82513	4	134	3
s4417	4	4007	1
s5342	4	17521	1
s125563	2	10	1
s2279	4	56398	1
s1503	4	252	3
s1563	3	11	1
s82709	2	770	3
s3415	5	71027	3
s5044	3	19	3
s114882	2	546	1
s105224	2	196	1
s81863	2	3	1
s4216	5	55577	1
s140229	2	51	3
s81786	2	72	1
s2802	4	275	3
s82895	2	306	1
s4797	4	17513	1
s83272	2	1	1
s779	4	19	1
s125343	2	312	1
s114964	3	797	1
s4438	4	62479	1
s105332	2	119	1
s4554	2	56	1
s2310	4	70320	1
s4941	2	75	1
s82715	4	221	3
s4165	3	14	3
s105777	2	87	1
s1354	3	34	1
s4865	4	217866	1
s4400	4	30221	1
s82684	2	12027	1
s1323	4	95	1
