node	length	degree	branching	terminal
s1662	25344	4	True	False
s105005	4	2	False	False
s129066	82	2	False	False
s114662	210	2	False	False
s120924	152	2	False	False
s105512	115	2	False	False
s173	1	2	False	False
s125582	595	4	True	False
s4721	46814	4	True	False
s121063	99	2	False	False
s828	6977	4	True	False
s922	131	4	True	False
s1613	75	4	True	False
s2439	521345	4	True	False
s115034	58	2	False	False
s4679	56	2	False	False
s3192	64	3	True	False
s83056	23	2	False	False
s120956	1455	2	False	False
s83284	54	3	True	False
s82426	431	3	True	False
s3053	1477	4	True	False
s129082	94	2	False	False
s82928	121	3	True	False
s105658	1197	2	False	False
s114827	216	2	False	False
s140404	6	2	False	False
s140514	21	2	False	False
s81983	351	2	False	False
s165	7423	4	True	False
s1948	58	4	True	False
s129153	108	3	True	False
s3262	107441	2	False	False
s2165	249	2	False	False
s4378	190107	4	True	False
s5082	89	4	True	False
s82446	24	3	True	False
s82644	52	2	False	False
s82040	84	4	True	False
s929	56035	4	True	False
s138230	50	2	False	False
s2809	101878	4	True	False
s82033	120	2	False	False
s1826	3	2	False	False
s3111	161	4	True	False
s4223	50	2	False	False
s5229	22389	4	True	False
s2008	6514	4	True	False
s82574	199	3	True	False
s105106	58	2	False	False
s330	9	3	True	False
s1114	419	4	True	False
s3141	68	2	False	False
s82179	100	2	False	False
s4338	50743	4	True	False
s125417	336	2	False	False
s125521	2	2	False	False
s105053	56	2	False	False
s115093	58	2	False	False
s4547	171	4	True	False
s1242	266	2	False	False
s1590	244811	4	True	False
s81607	76	2	False	False
s2127	327500	4	True	False
s4759	53650	4	True	False
s2734	49614	5	True	False
s1309	65705	4	True	False
s131966	73	2	False	False
s2621	16	4	True	False
s2609	144	2	False	False
s82723	14	4	True	False
s83037	12	4	True	False
s1775	303371	4	True	False
s82650	169	3	True	False
s2195	14	3	True	False
s192	491	4	True	False
s346	25527	4	True	False
s3611	75953	4	True	False
s105428	8	3	True	False
s2031	349	2	False	False
s2467	60	2	False	False
s2765	67	2	False	False
s3341	173500	4	True	False
s781	27653	4	True	False
s125353	56124	3	True	False
s5267	63	2	False	False
s81925	238	3	True	False
s82743	21	4	True	False
s1188	32875	5	True	False
s120832	324	2	False	False
s1182	50000	2	False	False
s4036	37	3	True	False
s1656	686	5	True	False
s82249	12	3	True	False
s120818	82	2	False	False
s137983	1822	3	True	False
s4600	1985	4	True	False
s82206	55	3	True	False
s5087	234	3	True	False
s5395	18056	2	False	False
s114940	287	2	False	False
s120778	62	2	False	False
s83147	1562	2	False	False
s1719	65	2	False	False
s105774	1752	3	True	False
s5327	84	2	False	False
s82421	12	3	True	False
s82060	55	2	False	False
s1366	129	5	True	False
s3260	20	3	True	False
s3831	280	4	True	False
s114738	318	2	False	False
s131910	76	2	False	False
s82854	50	3	True	False
s105242	10	2	False	False
s2228	11087	4	True	False
s3767	160284	4	True	False
s139610	85	2	False	False
s4339	187687	4	True	False
s134622	7	2	False	False
s4943	46305	4	True	False
s134674	14	2	False	False
s926	170144	4	True	False
s131917	72	2	False	False
s4273	87	3	True	False
s83272	1	2	False	False
s1581	92651	4	True	False
s120939	4	2	False	False
s83195	11	2	False	False
s83164	43	3	True	False
s104829	162	2	False	False
s82937	8	4	True	False
s3905	125786	4	True	False
s140402	55	2	False	False
s3039	195	2	False	False
s4635	83	2	False	False
s82101	4	2	False	False
s4041	163	2	False	False
s143349	168	2	False	False
s464	1251	5	True	False
s4554	56	2	False	False
s3031	1529	2	False	False
s134776	69	2	False	False
s2169	470450	4	True	False
s83168	45	4	True	False
s81597	95	2	False	False
s82632	46	3	True	False
s134694	55	2	False	False
s105426	25	5	True	False
s105619	237	4	True	False
s3844	31908	4	True	False
s114935	1081	4	True	False
s4648	336	2	False	False
s271	3380	4	True	False
s104900	137	3	True	False
s81909	1474	3	True	False
s81625	56	2	False	False
s105353	251	4	True	False
s3051	278	2	False	False
s138328	154	2	False	False
s5066	245	2	False	False
s283	74	4	True	False
s114575	136	2	False	False
s125456	24	2	False	False
s4061	42738	4	True	False
s1912	79	2	False	False
s4944	52	2	False	False
s81732	233	2	False	False
s2960	44	4	True	False
s538	53	4	True	False
s125364	47	2	False	False
s114962	93	4	True	False
s758	46	4	True	False
s82126	135	2	False	False
s82586	21	3	True	False
s81383	2126	2	False	False
s4188	47450	4	True	False
s138273	163	2	False	False
s114931	1997	4	True	False
s5126	8028	4	True	False
s105693	196	4	True	False
s105136	75	2	False	False
s81643	510	3	True	False
s104875	12	2	False	False
s5337	405	2	False	False
s81717	84	3	True	False
s82840	524	3	True	False
s132054	88	2	False	False
s83267	74	4	True	False
s81532	9	2	False	False
s3865	46238	4	True	False
s114644	316	2	False	False
s5052	14796	4	True	False
s83321	188	2	False	False
s830	37824	4	True	False
s129054	106	2	False	False
s3199	21292	2	False	False
s143340	129	2	False	False
s4894	331	4	True	False
s125384	93	2	False	False
s138248	261	2	False	False
s322	28779	3	True	False
s140460	307	2	False	False
s114791	75	2	False	False
s1623	316466	4	True	False
s138297	1180	3	True	False
s2166	88313	4	True	False
s2261	74	2	False	False
s121160	331	2	False	False
s784	12	4	True	False
s2477	108005	4	True	False
s4225	161	2	False	False
s2148	30531	4	True	False
s3637	679	4	True	False
s105237	52	2	False	False
s82115	162	2	False	False
s3995	23496	4	True	False
s105302	25	3	True	False
s3989	52	2	False	False
s82210	23	3	True	False
s3932	128562	4	True	False
s120795	63	2	False	False
s3789	3	2	False	False
s4164	46	3	True	False
s83242	163	4	True	False
s83227	52	4	True	False
s2506	10317	4	True	False
s140507	63	2	False	False
s2170	15970	4	True	False
s3414	53270	4	True	False
s105081	495	2	False	False
s4582	2	3	True	False
s2845	98	2	False	False
s82819	1	2	False	False
s4649	144784	5	True	False
s3068	158	2	False	False
s83143	1	2	False	False
s699	3470	4	True	False
s4146	21	3	True	False
s115079	148	2	False	False
s104841	13	2	False	False
s3150	17	5	True	False
s82320	378	2	False	False
s83255	253	3	True	False
s2744	59598	4	True	False
s131950	53	3	True	False
s912	122	2	False	False
s4502	33437	4	True	False
s1879	47975	4	True	False
s420	102	3	True	False
s82750	15	3	True	False
s2527	11557	4	True	False
s4453	5	2	False	False
s3335	77	2	False	False
s1330	60	2	False	False
s2840	90	2	False	False
s3433	956	2	False	False
s1117	45	2	False	False
s81736	83	3	True	False
s105673	2	3	True	False
s81700	98	4	True	False
s83214	18	3	True	False
s3207	590	2	False	False
s120826	35	2	False	False
s83325	1003	3	True	False
s4469	50	2	False	False
s4590	8	4	True	False
s140433	230	2	False	False
s2225	734	2	False	False
s114686	210	2	False	False
s82332	41	3	True	False
s3756	12	4	True	False
s114585	277	3	True	False
s121030	132	2	False	False
s857	20895	4	True	False
s125342	1761	2	False	False
s120789	133	2	False	False
s4693	306	2	False	False
s83146	6334	2	False	False
s2907	6050	2	False	False
s5100	15	3	True	False
s114622	296	2	False	False
s3132	414	4	True	False
s105807	152	2	False	False
s114518	7	2	False	False
s81711	70	2	False	False
s81558	118	4	True	False
s1015	86382	4	True	False
s5086	284	4	True	False
s230	244	4	True	False
s138315	233	2	False	False
s82291	150	2	False	False
s63	1108	4	True	False
s4763	6724	4	True	False
s125590	168	2	False	False
s125584	1303	4	True	False
s104856	28	2	False	False
s114901	514	4	True	False
s1102	20523	4	True	False
s4504	239487	4	True	False
s5153	23313	4	True	False
s125426	277	2	False	False
s121028	562	2	False	False
s5405	162	2	False	False
s668	154	4	True	False
s529	508	4	True	False
s115094	4	2	False	False
s5299	248	3	True	False
s3134	785	5	True	False
s1140	73699	4	True	False
s105255	6	2	False	False
s105746	263	4	True	False
s3887	20670	4	True	False
s1230	24203	4	True	False
s125345	2142	2	False	False
s5173	62	2	False	False
s114760	6	2	False	False
s105109	89	2	False	False
s83061	184	2	False	False
s1985	913	2	False	False
s82260	51	3	True	False
s5286	61	2	False	False
s120851	109	2	False	False
s3643	185741	4	True	False
s1352	1	2	False	False
s548	1	2	False	False
s1146	74453	4	True	False
s82798	65	3	True	False
s125523	12	2	False	False
s1070	19	4	True	False
s139620	62	2	False	False
s125404	320	2	False	False
s307	136	4	True	False
s2739	58	2	False	False
s104852	327	2	False	False
s105539	1107	4	True	False
s845	2	2	False	False
s2691	80	2	False	False
s115054	1	2	False	False
s121108	90	2	False	False
s3110	70	2	False	False
s105062	57	2	False	False
s2531	2288	4	True	False
s2755	1921	4	True	False
s125437	355	3	True	False
s134637	236	2	False	False
s105713	52	3	True	False
s129017	8	2	False	False
s82507	37	3	True	False
s82304	2224	2	False	False
s2442	56910	4	True	False
s104906	78	2	False	False
s81470	112	2	False	False
s1583	187912	4	True	False
s4087	3	2	False	False
s138253	724	2	False	False
s82778	226	3	True	False
s105265	122	2	False	False
s82824	204	2	False	False
s134624	262	2	False	False
s140512	69	2	False	False
s143393	1089	2	False	False
s1316	135	2	False	False
s114784	51	2	False	False
s105377	524	5	True	False
s1997	223899	4	True	False
s1626	201629	4	True	False
s120810	2	2	False	False
s121085	6	2	False	False
s4796	803	4	True	False
s2514	834	2	False	False
s5372	135	4	True	False
s83015	107	3	True	False
s4811	847	3	True	False
s114648	1	2	False	False
s543	202	2	False	False
s114996	363	4	True	False
s5425	16264	4	True	False
s2808	81897	4	True	False
s82054	262	5	True	False
s3750	2025	4	True	False
s4987	1018	2	False	False
s81478	2541	2	False	False
s82335	78	2	False	False
s104835	789	2	False	False
s105624	1101	2	False	False
s2493	145197	4	True	False
s1160	21458	2	False	False
s134635	132	3	True	False
s81884	253	3	True	False
s3539	362	4	True	False
s1757	83340	4	True	False
s83191	170	2	False	False
s125487	93	2	False	False
s104814	5	2	False	False
s96478	487	2	False	False
s4149	27	3	True	False
s3510	322	2	False	False
s105533	629	2	False	False
s2108	17	2	False	False
s4656	137	2	False	False
s3794	133	3	True	False
s134783	2	2	False	False
s125397	81	2	False	False
s2875	1324	3	True	False
s105789	85	2	False	False
s1133	6	4	True	False
s82875	22	3	True	False
s81428	148	2	False	False
s105063	64	3	True	False
s105489	437	2	False	False
s1399	9298	4	True	False
s3666	102994	4	True	False
s81402	71	2	False	False
s4856	97364	4	True	False
s5054	3666	4	True	False
s4122	61	2	False	False
s755	1	2	False	False
s1795	173836	4	True	False
s3271	1	2	False	False
s82388	12	3	True	False
s81458	412	2	False	False
s104904	76	2	False	False
s4605	180	3	True	False
s5432	93	2	False	False
s3983	125679	4	True	False
s125548	156	2	False	False
s82814	141	3	True	False
s3999	36145	4	True	False
s81843	51	2	False	False
s5213	108	2	False	False
s104842	448	2	False	False
s82362	98	2	False	False
s83165	44	4	True	False
s156	147	3	True	False
s120890	480	2	False	False
s102	58	2	False	False
s105490	538	4	True	False
s132002	115	2	False	False
s3369	423	4	True	False
s2368	329	2	False	False
s137937	92	2	False	False
s83176	1	2	False	False
s4742	96724	4	True	False
s114607	307	2	False	False
s3483	228881	4	True	False
s2973	52721	4	True	False
s121144	3733	2	False	False
s4552	270	2	False	False
s120819	320	2	False	False
s82271	118	2	False	False
s3299	3662	5	True	False
s2725	80270	4	True	False
s129094	64	2	False	False
s1896	31	3	True	False
s2101	7864	4	True	False
s82177	341	2	False	False
s797	81	4	True	False
s81993	91	2	False	False
s4353	90	2	False	False
s3571	437	2	False	False
s1814	53	2	False	False
s129231	121	2	False	False
s459	8	2	False	False
s81838	506	2	False	False
s143400	91	2	False	False
s1488	296	2	False	False
s104823	162	2	False	False
s82806	351	4	True	False
s104938	138	2	False	False
s1834	45	3	True	False
s115078	370	2	False	False
s1513	74373	4	True	False
s105133	9	2	False	False
s105545	465	3	True	False
s5279	188	4	True	False
s4643	7467	4	True	False
s2163	1	2	False	False
s125623	141	2	False	False
s105373	370	4	True	False
s81543	101	2	False	False
s114916	352	4	True	False
s3028	1661	4	True	False
s3210	120667	4	True	False
s105496	178	3	True	False
s2925	3357	2	False	False
s105481	419	3	True	False
s4662	101112	4	True	False
s4976	296	2	False	False
s4588	112726	4	True	False
s140492	1	2	False	False
s5098	4747	4	True	False
s4977	64981	4	True	False
s1715	249308	4	True	False
s105473	530	3	True	False
s2351	196612	4	True	False
s1032	86	2	False	False
s3116	865	3	True	False
s2130	576229	4	True	False
s2779	14472	4	True	False
s81645	124	3	True	False
s104910	1347	3	True	False
s125569	107	3	True	False
s5009	52	2	False	False
s114641	113	2	False	False
s114811	367	2	False	False
s1336	37	2	False	False
s3478	52	2	False	False
s2190	8730	2	False	False
s3691	13766	4	True	False
s81561	340	2	False	False
s105431	234	4	True	False
s82491	608	2	False	False
s3573	2853	5	True	False
s2240	97726	4	True	False
s3282	55	2	False	False
s4555	5961	4	True	False
s82503	8	2	False	False
s4003	115146	4	True	False
s129203	188	2	False	False
s3232	169996	4	True	False
s81583	15	2	False	False
s114969	38	3	True	False
s4449	3282	4	True	False
s4055	69	4	True	False
s4723	76	2	False	False
s3059	57955	4	True	False
s81569	1964	2	False	False
s305	1	2	False	False
s129235	4764	3	True	False
s3400	1130	3	True	False
s105602	17	3	True	False
s105071	53	2	False	False
s658	66788	4	True	False
s3213	168	2	False	False
s138235	120	2	False	False
s82602	536	3	True	False
s1799	167621	4	True	False
s4620	87	2	False	False
s114824	631	3	True	False
s2554	90	2	False	False
s138236	133	2	False	False
s81642	22	3	True	False
s2375	74	2	False	False
s82233	307	4	True	False
s3019	2289	4	True	False
s5000	105	3	True	False
s5411	139	4	True	False
s4437	9905	4	True	False
s114712	260	2	False	False
s105516	2839	4	True	False
s3538	9	3	True	False
s110	98	4	True	False
s269	9	2	False	False
s1992	218	4	True	False
s81762	48	4	True	False
s114698	100	2	False	False
s5038	118645	4	True	False
s82628	1	2	False	False
s120912	66	2	False	False
s4862	943	2	False	False
s1305	35178	4	True	False
s186	25	4	True	False
s2151	323	2	False	False
s82234	56	2	False	False
s82203	97	2	False	False
s82583	60	4	True	False
s129041	317	2	False	False
s1341	34	4	True	False
s2987	56	3	True	False
s4607	19324	4	True	False
s81867	316	2	False	False
s3866	12348	4	True	False
s114757	134	2	False	False
s105630	202	4	True	False
s1482	64939	4	True	False
s81431	287	2	False	False
s104878	13	2	False	False
s81591	204	2	False	False
s120891	589	4	True	False
s2306	110681	4	True	False
s3504	12709	4	True	False
s104802	8	2	False	False
s143322	59	2	False	False
s81440	268	7	True	False
s82045	162	3	True	False
s115067	266	2	False	False
s131959	51	2	False	False
s741	4116	4	True	False
s104898	4	2	False	False
s411	40558	4	True	False
s105779	10	2	False	False
s120991	672	2	False	False
s105392	200	2	False	False
s105783	239	2	False	False
s3096	52	2	False	False
s81464	39	3	True	False
s83149	261	3	True	False
s163	51	2	False	False
s3076	11012	4	True	False
s2880	119283	5	True	False
s3838	41395	4	True	False
s2815	1949	2	False	False
s81844	100	3	True	False
s5048	39	4	True	False
s82926	287	3	True	False
s121042	263	2	False	False
s120797	151	2	False	False
s1670	5	2	False	False
s3827	353	2	False	False
s240	3878	4	True	False
s81940	64	2	False	False
s104822	316	2	False	False
s4367	64	2	False	False
s83019	174	3	True	False
s594	44	2	False	False
s104795	1753	2	False	False
s82948	242	4	True	False
s1852	54	2	False	False
s138251	658	2	False	False
s83291	422	2	False	False
s104939	70	2	False	False
s1732	84	2	False	False
s81422	1	2	False	False
s364	166	5	True	False
s120847	50	2	False	False
s327	5152	4	True	False
s114525	18	3	True	False
s120774	72	2	False	False
s120915	4	2	False	False
s114751	14	2	False	False
s82788	628	2	False	False
s105261	90	2	False	False
s943	486	4	True	False
s137970	12609	2	False	False
s81823	79	2	False	False
s3461	240	2	False	False
s3826	20331	4	True	False
s2794	841	3	True	False
s83182	31	3	True	False
s1067	296	2	False	False
s105702	71	3	True	False
s140453	2	2	False	False
s4198	29495	4	True	False
s121081	427	2	False	False
s114978	37	2	False	False
s104943	203	2	False	False
s132023	105	2	False	False
s82418	250	3	True	False
s81790	577	2	False	False
s82871	127	2	False	False
s82161	81	2	False	False
s295	539	2	False	False
s81952	7	3	True	False
s4927	263	2	False	False
s132069	385	2	False	False
s82297	316	2	False	False
s105518	1363	2	False	False
s114894	216	4	True	False
s82892	402	3	True	False
s105220	144	2	False	False
s1322	61112	4	True	False
s1830	34599	4	True	False
s170	124	3	True	False
s1475	161	2	False	False
s105129	3	2	False	False
s120975	591	4	True	False
s2868	485062	4	True	False
s105703	5	2	False	False
s104858	1	2	False	False
s5059	20138	4	True	False
s3095	50	4	True	False
s81537	97	2	False	False
s105312	10	3	True	False
s114870	345	4	True	False
s2502	5	2	False	False
s2594	32907	4	True	False
s105055	1	2	False	False
s4911	81426	4	True	False
s129088	77	2	False	False
s82333	47	4	True	False
s4553	9681	4	True	False
s783	79450	4	True	False
s115096	249	2	False	False
s3662	111117	4	True	False
s120748	1	2	False	False
s83016	7	2	False	False
s5268	38661	4	True	False
s82456	60	2	False	False
s121119	16	3	True	False
s4382	99459	5	True	False
s83110	412	4	True	False
s140452	172	2	False	False
s134755	71	2	False	False
s134805	18	3	True	False
s1768	80	2	False	False
s105247	2262	3	True	False
s444	80	4	True	False
s81436	967	2	False	False
s120941	52	2	False	False
s345	11771	4	True	False
s3215	348	2	False	False
s105016	7334	2	False	False
s82815	21	2	False	False
s82700	65	2	False	False
s2057	2790	2	False	False
s82735	84	4	True	False
s4058	61747	4	True	False
s888	11	2	False	False
s83224	41	2	False	False
s1397	16	4	True	False
s114605	328	2	False	False
s1274	2246	5	True	False
s105253	7	2	False	False
s313	21353	4	True	False
s2363	113166	4	True	False
s5015	5	2	False	False
s137945	56	2	False	False
s140495	56	2	False	False
s1760	661	3	True	False
s138307	132	3	True	False
s1675	16449	4	True	False
s2533	486114	4	True	False
s3735	213	2	False	False
s114740	257	2	False	False
s128994	60	2	False	False
s1090	29963	2	False	False
s2729	27	3	True	False
s4772	184	2	False	False
s4930	64	2	False	False
s2629	7004	4	True	False
s82971	113	5	True	False
s1891	1106	4	True	False
s2542	83997	4	True	False
s82988	546	3	True	False
s81915	319	2	False	False
s4726	314	2	False	False
s3610	178204	4	True	False
s138245	66	2	False	False
s1082	61382	4	True	False
s114896	379	4	True	False
s138289	11	2	False	False
s125348	3019	4	True	False
s2407	86438	4	True	False
s82087	19	3	True	False
s82170	838	3	True	False
s81552	1150	2	False	False
s105182	8	3	True	False
s3829	1	2	False	False
s129083	2825	2	False	False
s125343	312	2	False	False
s3183	83947	4	True	False
s1250	113902	4	True	False
s1187	16687	4	True	False
s105581	123	2	False	False
s979	10	2	False	False
s3822	907687	4	True	False
s82261	48	3	True	False
s5201	52	2	False	False
s5313	196	2	False	False
s3156	369	4	True	False
s1854	52	2	False	False
s4095	168978	4	True	False
s125352	7322	2	False	False
s2885	35	4	True	False
s2384	4	2	False	False
s4231	7	2	False	False
s2807	13621	4	True	False
s83254	53	2	False	False
s81455	432	4	True	False
s82900	71	2	False	False
s2607	17889	4	True	False
s120849	152	2	False	False
s105412	1766	2	False	False
s2294	2611	4	True	False
s4549	372271	4	True	False
s114517	323	2	False	False
s2959	45	4	True	False
s4991	157817	4	True	False
s4903	23855	4	True	False
s81932	754	4	True	False
s125559	2201	2	False	False
s604	459	4	True	False
s83311	65	3	True	False
s3514	2451	2	False	False
s81676	7	2	False	False
s121084	406	2	False	False
s1031	77370	4	True	False
s2100	51	2	False	False
s3707	22124	2	False	False
s82255	516	2	False	False
s2962	83	4	True	False
s3462	482	4	True	False
s893	103668	4	True	False
s2476	11	2	False	False
s82460	247	3	True	False
s129030	20	3	True	False
s125459	34	2	False	False
s4343	163	2	False	False
s1300	86	4	True	False
s82661	63	2	False	False
s3069	331	3	True	False
s81836	77	2	False	False
s927	1	2	False	False
s115069	178	2	False	False
s140523	67	2	False	False
s1044	40404	4	True	False
s324	11	5	True	False
s83174	18	3	True	False
s1235	36819	4	True	False
s4917	325	2	False	False
s140470	125	2	False	False
s105682	79	3	True	False
s4199	18	4	True	False
s82898	434	2	False	False
s158	251	4	True	False
s3791	70	2	False	False
s4708	316489	4	True	False
s143333	5	2	False	False
s414	73	3	True	False
s83209	375	3	True	False
s1509	223409	4	True	False
s5202	96	3	True	False
s105616	691	2	False	False
s134675	87	2	False	False
s3590	2999	4	True	False
s82163	516	2	False	False
s4527	6	5	True	False
s129183	380	4	True	False
s140499	5	2	False	False
s129145	66	2	False	False
s81848	58	2	False	False
s3665	63	2	False	False
s82282	198	4	True	False
s82890	2592	3	True	False
s5361	24627	4	True	False
s104992	35	2	False	False
s2895	289	2	False	False
s139614	52	3	True	False
s129196	5777	2	False	False
s125580	6086	4	True	False
s114990	859	3	True	False
s601	29150	4	True	False
s114832	60	2	False	False
s1486	34	3	True	False
s140535	331	2	False	False
s4284	129386	4	True	False
s238	13227	4	True	False
s2110	9	2	False	False
s3743	82	2	False	False
s4397	60645	4	True	False
s1952	321	2	False	False
s2329	27949	4	True	False
s1802	96	2	False	False
s1872	517477	4	True	False
s131991	640	2	False	False
s2616	103782	4	True	False
s82347	349	2	False	False
s82545	68	4	True	False
s129022	27	2	False	False
s1736	319	2	False	False
s105243	7725	3	True	False
s3413	83008	4	True	False
s174	155	3	True	False
s129063	72	2	False	False
s131922	366	2	False	False
s132003	171	2	False	False
s749	13456	4	True	False
s3384	62	2	False	False
s5198	21	4	True	False
s2901	70256	4	True	False
s105537	230	3	True	False
s120986	8	2	False	False
s3323	283	4	True	False
s140405	149	2	False	False
s105290	364	2	False	False
s3979	155	4	True	False
s82805	127	3	True	False
s3	1	2	False	False
s2457	822	2	False	False
s1271	689	2	False	False
s1120	5	3	True	False
s114982	91	2	False	False
s114584	13	3	True	False
s2255	56123	4	True	False
s2561	111019	4	True	False
s2158	584	4	True	False
s5233	39699	4	True	False
s114513	69	2	False	False
s1400	54586	4	True	False
s3757	8	2	False	False
s83280	69	2	False	False
s864	30022	4	True	False
s3931	43306	4	True	False
s83315	534	4	True	False
s3050	2723209	4	True	False
s208	37	3	True	False
s114673	325	2	False	False
s2756	255135	4	True	False
s2257	12	4	True	False
s114987	69	2	False	False
s120768	82	2	False	False
s1887	66797	4	True	False
s82262	314	2	False	False
s114578	1	2	False	False
s3088	628	3	True	False
s503	222	4	True	False
s1367	47	3	True	False
s104914	249	2	False	False
s3114	319	2	False	False
s82077	483	2	False	False
s125504	1	2	False	False
s114898	1043	4	True	False
s125556	247	2	False	False
s524	462	4	True	False
s1558	27008	4	True	False
s3904	2	2	False	False
s4589	394923	4	True	False
s2706	61045	4	True	False
s114538	66	2	False	False
s82998	414	2	False	False
s3861	1258	4	True	False
s2178	200	4	True	False
s129055	330	2	False	False
s121158	88	2	False	False
s140428	66	2	False	False
s105051	297	2	False	False
s82314	59	2	False	False
s3083	10986	4	True	False
s4266	3	2	False	False
s140410	47	2	False	False
s2588	529	4	True	False
s4818	134716	4	True	False
s105336	568	3	True	False
s3676	2273	2	False	False
s134798	258	2	False	False
s105190	453	3	True	False
s121167	179	3	True	False
s1586	61590	4	True	False
s129129	89	2	False	False
s131963	1	2	False	False
s4497	61820	4	True	False
s82649	145	2	False	False
s3839	34396	4	True	False
s2570	98942	4	True	False
s347	41236	4	True	False
s1937	5	4	True	False
s5359	325	4	True	False
s114780	211	2	False	False
s125453	138	2	False	False
s82003	14791	2	False	False
s81562	780	2	False	False
s1468	58287	4	True	False
s81819	20	2	False	False
s654	9351	4	True	False
s104791	6947	2	False	False
s2627	45854	4	True	False
s486	210	5	True	False
s129105	57	2	False	False
s2710	317	2	False	False
s2523	6164	4	True	False
s4564	9	3	True	False
s82793	348	2	False	False
s104979	83	2	False	False
s3973	28651	4	True	False
s2067	2	3	True	False
s114905	288	4	True	False
s138231	159	2	False	False
s3626	139838	4	True	False
s114533	10	2	False	False
s378	88	4	True	False
s83018	554	4	True	False
s129213	188	3	True	False
s82687	61	2	False	False
s129097	58	2	False	False
s81627	5519	2	False	False
s140279	91	2	False	False
s1190	110	2	False	False
s3292	1407	4	True	False
s82008	40	2	False	False
s4631	200353	5	True	False
s3397	101555	4	True	False
s82283	76	3	True	False
s2288	38063	4	True	False
s3655	312	4	True	False
s1142	3504	2	False	False
s105435	83	2	False	False
s3130	293	6	True	False
s140468	262	3	True	False
s143389	62	2	False	False
s4614	2904	2	False	False
s105257	77	2	False	False
s3632	188624	4	True	False
s83189	28	4	True	False
s1721	12337	4	True	False
s120970	213	2	False	False
s82721	8	4	True	False
s104803	52	2	False	False
s114577	95	2	False	False
s81753	50	4	True	False
s4268	22951	4	True	False
s129173	112	4	True	False
s120952	1487	2	False	False
s82936	269	3	True	False
s2012	20701	4	True	False
s83114	229	5	True	False
s1993	6	4	True	False
s575	261	2	False	False
s105798	192	2	False	False
s81714	50	3	True	False
s114797	62	2	False	False
s104850	720	2	False	False
s104840	61	3	True	False
s83028	1	4	True	False
s5230	10017	4	True	False
s137975	1	2	False	False
s2641	128	2	False	False
s134749	52	2	False	False
s718	15871	4	True	False
s2420	93852	4	True	False
s120928	10	3	True	False
s81955	642	3	True	False
s139626	72	2	False	False
s2619	288927	4	True	False
s105040	78	2	False	False
s4688	19	4	True	False
s140518	61	2	False	False
s1010	70050	4	True	False
s5127	92107	4	True	False
s83102	487	4	True	False
s440	728	4	True	False
s4761	211400	4	True	False
s104975	1	2	False	False
s2917	256955	4	True	False
s125517	222	2	False	False
s1350	93464	4	True	False
s4539	5644	4	True	False
s81379	25	3	True	False
s114537	60	2	False	False
s114670	334	2	False	False
s4876	156	2	False	False
s4520	90	4	True	False
s83301	423	2	False	False
s82707	415	2	False	False
s1749	349942	4	True	False
s83051	214	4	True	False
s842	135	4	True	False
s83086	58	2	False	False
s4299	2428	2	False	False
s137981	594	2	False	False
s83066	102	5	True	False
s114840	9	2	False	False
s105510	36	4	True	False
s82167	50	2	False	False
s114830	86	2	False	False
s82276	6	2	False	False
s4585	49	3	True	False
s105600	949	3	True	False
s3160	132	4	True	False
s137946	70	2	False	False
s4663	67129	4	True	False
s82733	41	3	True	False
s82436	2	2	False	False
s5042	36	4	True	False
s82098	997	2	False	False
s105674	82	2	False	False
s105229	3	2	False	False
s120772	58	2	False	False
s83093	5	2	False	False
s81433	110	2	False	False
s82571	30	4	True	False
s817	241	4	True	False
s82158	314	2	False	False
s120791	271	2	False	False
s105324	701	4	True	False
s105678	104	2	False	False
s983	13447	5	True	False
s125550	9	2	False	False
s114667	14062	2	False	False
s114952	188	3	True	False
s5085	1	2	False	False
s83226	114	3	True	False
s121134	1	2	False	False
s105322	126	3	True	False
s121159	17	2	False	False
s3455	187	4	True	False
s1629	50	2	False	False
s114957	1149	2	False	False
s2995	384	4	True	False
s114612	321	2	False	False
s2915	1230	4	True	False
s1940	100	2	False	False
s81761	190	2	False	False
s114858	15	2	False	False
s4800	34	3	True	False
s1471	14370	4	True	False
s121105	118	2	False	False
s143320	49	2	False	False
s4770	1139	2	False	False
s82187	73	2	False	False
s2370	141481	4	True	False
s82012	318	2	False	False
s104983	2	2	False	False
s4376	66973	4	True	False
s125561	40	2	False	False
s120801	83	2	False	False
s3742	114352	4	True	False
s138356	23	3	True	False
s114555	127	4	True	False
s125572	2806	2	False	False
s140276	837	2	False	False
s2547	313	2	False	False
s581	1647	4	True	False
s83099	437	4	True	False
s4347	5	2	False	False
s81556	122	3	True	False
s5341	91	4	True	False
s5307	35298	4	True	False
s191	18174	5	True	False
s3780	108923	4	True	False
s2934	81	2	False	False
s81972	88	4	True	False
s1603	5	3	True	False
s82790	5185	2	False	False
s82437	57	3	True	False
s1933	45609	4	True	False
s82872	1468	2	False	False
s2197	68	2	False	False
s5135	7	2	False	False
s1567	45	3	True	False
s82038	68	4	True	False
s565	160	2	False	False
s105579	1285	2	False	False
s3663	161	2	False	False
s82876	96	2	False	False
s924	43	3	True	False
s2232	31240	4	True	False
s129175	401	4	True	False
s2018	311	2	False	False
s4013	59261	4	True	False
s105739	63	3	True	False
s3875	126643	4	True	False
s114506	118	2	False	False
s140225	73	3	True	False
s2150	114583	4	True	False
s5053	102	2	False	False
s82958	1	2	False	False
s3398	45	3	True	False
s105273	910	2	False	False
s3447	271232	4	True	False
s134644	180	2	False	False
s4710	328	2	False	False
s421	53	3	True	False
s2530	251186	4	True	False
s2201	64	2	False	False
s722	54865	4	True	False
s105635	638	2	False	False
s120762	60	2	False	False
s4052	5135	4	True	False
s3363	904	2	False	False
s4408	56	2	False	False
s82431	57	4	True	False
s2814	73727	4	True	False
s81815	331	2	False	False
s3097	5	4	True	False
s82275	101	3	True	False
s82516	17	2	False	False
s564	738	4	True	False
s81568	75	2	False	False
s140496	58	2	False	False
s4892	1	2	False	False
s2184	8267	4	True	False
s125389	104	2	False	False
s120919	95	3	True	False
s1758	336	2	False	False
s4887	56097	4	True	False
s4983	54	3	True	False
s2098	4	3	True	False
s81849	66	4	True	False
s1611	188	4	True	False
s2208	128	2	False	False
s143394	292	2	False	False
s2537	7	2	False	False
s82882	296	2	False	False
s83024	131	4	True	False
s4664	369	2	False	False
s140449	324	2	False	False
s2773	1474	4	True	False
s134811	64	2	False	False
s83330	1	2	False	False
s1769	39144	4	True	False
s82995	302	2	False	False
s775	5630	4	True	False
s3267	1398	3	True	False
s105802	207	4	True	False
s81601	126	3	True	False
s2023	223944	4	True	False
s82935	7	2	False	False
s105491	981	3	True	False
s3317	116681	4	True	False
s81900	315	4	True	False
s138	99	4	True	False
s3638	106161	4	True	False
s2680	9	3	True	False
s82002	89	3	True	False
s1388	17787	4	True	False
s129092	73	2	False	False
s1920	64683	4	True	False
s114885	685	4	True	False
s431	2	2	False	False
s4234	129	2	False	False
s104851	260	2	False	False
s1001	13753	4	True	False
s132013	96	3	True	False
s115043	334	2	False	False
s1340	66	2	False	False
s82940	300	5	True	False
s3072	23	2	False	False
s5170	1	2	False	False
s4429	109	3	True	False
s1223	92	4	True	False
s2112	332	2	False	False
s114539	135	2	False	False
s2822	105116	4	True	False
s8	7523	3	True	False
s452	659	3	True	False
s82677	204	4	True	False
s83186	130	3	True	False
s4948	72	2	False	False
s3964	75698	4	True	False
s105244	119	4	True	False
s2162	13	4	True	False
s3473	50	2	False	False
s129202	324	2	False	False
s81534	103	3	True	False
s81893	59	2	False	False
s2804	142886	4	True	False
s4542	313	2	False	False
s114505	66	2	False	False
s1291	206952	5	True	False
s115073	388	2	False	False
s134735	101	2	False	False
s62	75	2	False	False
s2063	28822	4	True	False
s105125	99	2	False	False
s1255	137333	4	True	False
s2903	16	2	False	False
s129155	71	3	True	False
s203	183	2	False	False
s82136	70	2	False	False
s2642	363	4	True	False
s138274	45	2	False	False
s1047	153093	4	True	False
s3991	64	2	False	False
s82011	334	3	True	False
s1037	53428	4	True	False
s4043	11	3	True	False
s114653	2397	2	False	False
s2077	1	2	False	False
s5187	1	2	False	False
s83298	46	4	True	False
s105283	96	3	True	False
s1380	95334	4	True	False
s134772	269	4	True	False
s3529	349	2	False	False
s139648	594	2	False	False
s3654	93827	4	True	False
s4949	64	3	True	False
s2620	58	4	True	False
s5062	83	2	False	False
s1167	333	2	False	False
s4857	60	2	False	False
s82957	35	4	True	False
s3277	1420	3	True	False
s81935	156	2	False	False
s82285	327	2	False	False
s105709	76	2	False	False
s105701	391	3	True	False
s143412	420	2	False	False
s140506	68	2	False	False
s4684	1208	4	True	False
s129113	88	2	False	False
s114688	108	2	False	False
s4107	50613	4	True	False
s81403	254	2	False	False
s134774	43	4	True	False
s780	138	2	False	False
s81788	108	2	False	False
s105221	512	4	True	False
s121027	144	2	False	False
s18	2319	4	True	False
s4098	136034	3	True	False
s1267	6	2	False	False
s437	685	4	True	False
s2818	1423	4	True	False
s1055	57858	4	True	False
s1069	139170	5	True	False
s105254	60	2	False	False
s2349	1	2	False	False
s134745	144	2	False	False
s105327	1	2	False	False
s4562	64	3	True	False
s105240	10	2	False	False
s4696	27	2	False	False
s2993	935	4	True	False
s127	159	3	True	False
s83323	75	4	True	False
s114910	80	2	False	False
s83230	17	2	False	False
s1866	91228	4	True	False
s82242	1	2	False	False
s2766	695054	4	True	False
s82269	106	2	False	False
s2513	34585	4	True	False
s3286	31	2	False	False
s4291	131424	4	True	False
s1442	23306	4	True	False
s4441	9781	4	True	False
s483	150	5	True	False
s105141	14	2	False	False
s1455	571	2	False	False
s82266	50	3	True	False
s1113	347	2	False	False
s129049	55	2	False	False
s1704	41822	4	True	False
s104847	670	3	True	False
s81484	25	3	True	False
s446	613	5	True	False
s125350	8876	4	True	False
s104874	147	2	False	False
s121006	3	3	True	False
s2389	2	2	False	False
s134808	146	2	False	False
s83010	864	3	True	False
s776	159	2	False	False
s1910	55	2	False	False
s114928	207	2	False	False
s83289	51	2	False	False
s4472	100029	4	True	False
s4592	19	4	True	False
s1175	667	4	True	False
s82535	21	3	True	False
s82074	86	2	False	False
s276	143	2	False	False
s1217	28920	4	True	False
s82869	50	2	False	False
s134729	367	2	False	False
s2090	364	2	False	False
s37	820	4	True	False
s114509	180	2	False	False
s83000	70	2	False	False
s3730	139316	4	True	False
s105758	481	3	True	False
s82328	7	3	True	False
s196	6	4	True	False
s81371	88	3	True	False
s83308	98	3	True	False
s140501	192	2	False	False
s134752	178	2	False	False
s81978	82	2	False	False
s789	47984	4	True	False
s4740	56774	4	True	False
s1016	105630	4	True	False
s82502	317	3	True	False
s4432	107944	4	True	False
s125393	324	2	False	False
s115055	318	2	False	False
s105617	718	4	True	False
s121194	58	2	False	False
s81437	95	2	False	False
s3869	277176	4	True	False
s140455	1	2	False	False
s4468	114580	4	True	False
s5295	60	3	True	False
s5206	1	2	False	False
s125431	610	2	False	False
s3891	58094	4	True	False
s82688	85	3	True	False
s82667	254	4	True	False
s82380	373	4	True	False
s121008	57	4	True	False
s318	167	2	False	False
s2335	5	4	True	False
s1301	222	2	False	False
s6	165	4	True	False
s120958	897	2	False	False
s81385	8	3	True	False
s1532	45	3	True	False
s82680	26	3	True	False
s3600	77195	4	True	False
s82080	74	2	False	False
s104924	200	2	False	False
s1261	237766	4	True	False
s105325	68	2	False	False
s81520	44	4	True	False
s199	117	4	True	False
s1868	255398	4	True	False
s114524	7	2	False	False
s82143	335	2	False	False
s3975	23	4	True	False
s82035	828	2	False	False
s82550	117	4	True	False
s1941	1570	5	True	False
s121024	478	4	True	False
s74	53572	4	True	False
s105509	81	2	False	False
s1535	2	2	False	False
s132028	280	2	False	False
s83057	210	4	True	False
s140260	132	2	False	False
s138262	3858	2	False	False
s114672	15	2	False	False
s128995	56	2	False	False
s140	15	2	False	False
s4566	70	2	False	False
s5366	186	4	True	False
s1756	60	2	False	False
s81500	192	4	True	False
s1730	647	4	True	False
s1692	22525	4	True	False
s105048	338	2	False	False
s4855	13	2	False	False
s930	180	2	False	False
s689	45323	4	True	False
s1517	32514	4	True	False
s104991	163	2	False	False
s120802	97	2	False	False
s3047	434	2	False	False
s82381	145	3	True	False
s4016	60	2	False	False
s125414	78	2	False	False
s3012	269	2	False	False
s114742	1	3	True	False
s125537	87	2	False	False
s134795	259	5	True	False
s82666	10	2	False	False
s3695	303654	4	True	False
s83238	329	3	True	False
s106	11	4	True	False
s5165	76	4	True	False
s2686	3	2	False	False
s82412	61	2	False	False
s138318	259	2	False	False
s1494	12	3	True	False
s520	120	2	False	False
s4032	66350	4	True	False
s3955	84	3	True	False
s82345	78	2	False	False
s114764	187	2	False	False
s82361	16	3	True	False
s1269	58	2	False	False
s3268	38086	4	True	False
s105204	160	4	True	False
s114866	295	4	True	False
s5142	151	2	False	False
s125515	261	2	False	False
s114800	74	3	True	False
s120831	56	2	False	False
s120782	158	2	False	False
s115003	82	2	False	False
s4922	315	2	False	False
s5311	28	3	True	False
s1004	133	2	False	False
s4735	211024	4	True	False
s424	45	3	True	False
s82605	682	2	False	False
s132017	283	3	True	False
s81921	15	3	True	False
s4482	69	2	False	False
s138339	19	2	False	False
s134648	335	2	False	False
s3524	100888	4	True	False
s5193	287	4	True	False
s944	19	4	True	False
s3099	187	3	True	False
s83044	86	2	False	False
s894	27057	4	True	False
s5185	5930	4	True	False
s115091	4	2	False	False
s82110	54	2	False	False
s1311	49195	4	True	False
s3246	257	3	True	False
s1373	1	2	False	False
s83144	3055	3	True	False
s4194	10	2	False	False
s4381	63	2	False	False
s3120	29	2	False	False
s105721	101	4	True	False
s4722	156	4	True	False
s82301	126184	4	True	False
s105796	64	2	False	False
s115051	63	2	False	False
s121089	1	2	False	False
s83068	27	3	True	False
s83065	28	3	True	False
s105181	147	3	True	False
s3439	52	2	False	False
s114850	1530	4	True	False
s82009	7	3	True	False
s138357	6107	2	False	False
s3080	22	2	False	False
s3871	69484	4	True	False
s82604	230	2	False	False
s1785	257	4	True	False
s1635	22273	4	True	False
s135	284	3	True	False
s128993	420	2	False	False
s21	184	2	False	False
s81581	167	3	True	False
s2689	51	2	False	False
s131960	83	2	False	False
s54	312	2	False	False
s231	246	4	True	False
s81674	59	2	False	False
s3331	3	2	False	False
s317	15489	4	True	False
s2285	12	2	False	False
s131908	71	2	False	False
s4148	1056	4	True	False
s3112	9	2	False	False
s590	1119	2	False	False
s105637	297	2	False	False
s140477	80	2	False	False
s105350	120	3	True	False
s2595	18	2	False	False
s105295	134	2	False	False
s105782	5	2	False	False
s4523	226	3	True	False
s125446	122	2	False	False
s733	105	4	True	False
s104969	313	2	False	False
s105543	1163	3	True	False
s4749	22038	5	True	False
s2330	136275	4	True	False
s82811	79	2	False	False
s3516	98	2	False	False
s972	49680	4	True	False
s83179	37	3	True	False
s5175	128	2	False	False
s1986	273161	4	True	False
s85	84	3	True	False
s5410	1	2	False	False
s3928	50302	4	True	False
s114	84	4	True	False
s4524	91	4	True	False
s4809	58	2	False	False
s105199	1	2	False	False
s613	78	2	False	False
s309	72	2	False	False
s1806	6254	4	True	False
s2433	1259	4	True	False
s105650	179	4	True	False
s125497	105	2	False	False
s4444	4	3	True	False
s134726	1004	3	True	False
s2403	107	2	False	False
s1441	85383	4	True	False
s114532	111	2	False	False
s3561	57	2	False	False
s3541	50532	4	True	False
s2733	25	4	True	False
s125539	890	3	True	False
s114839	19	2	False	False
s83187	90	3	True	False
s4187	76	2	False	False
s1118	21676	4	True	False
s143372	420	2	False	False
s129126	51	2	False	False
s826	31	4	True	False
s88	4287	4	True	False
s4945	198588	4	True	False
s4540	476	2	False	False
s114818	194	4	True	False
s134676	367	2	False	False
s2237	58990	4	True	False
s125411	142	2	False	False
s4829	343	2	False	False
s82706	582	2	False	False
s105634	23	4	True	False
s1007	41088	4	True	False
s725	4641	4	True	False
s81578	33	3	True	False
s4110	6474	4	True	False
s82366	685	2	False	False
s121068	28	2	False	False
s4219	1	2	False	False
s105223	195	4	True	False
s4508	79	2	False	False
s114658	353	2	False	False
s3978	245	4	True	False
s81749	317	2	False	False
s142609	74	2	False	False
s81966	33	4	True	False
s4525	58	3	True	False
s1605	9	2	False	False
s4103	119	3	True	False
s114863	7	2	False	False
s104883	340	2	False	False
s114964	797	3	True	False
s83259	1184	2	False	False
s534	1081	4	True	False
s105	79	2	False	False
s125447	63	2	False	False
s3339	23	4	True	False
s5033	70316	4	True	False
s5041	116	2	False	False
s951	6019	4	True	False
s3515	28101	4	True	False
s114692	5	2	False	False
s82375	3	2	False	False
s82629	82	2	False	False
s105339	250	4	True	False
s2202	94	4	True	False
s2307	51228	4	True	False
s2767	44517	4	True	False
s5122	165	5	True	False
s82042	10	2	False	False
s115088	31	2	False	False
s2064	146	2	False	False
s4639	1550	3	True	False
s4169	9969	4	True	False
s105115	324	2	False	False
s2636	6	3	True	False
s4155	373879	4	True	False
s82001	20	2	False	False
s104820	1	2	False	False
s104956	11	4	True	False
s81369	69	2	False	False
s125493	1	2	False	False
s105146	169	2	False	False
s143608	158	2	False	False
s2167	2964	2	False	False
s4282	91165	4	True	False
s522	167	3	True	False
s114927	381	4	True	False
s83154	231	2	False	False
s139652	6	2	False	False
s1361	317	2	False	False
s82877	106	3	True	False
s3466	106	3	True	False
s105626	219	2	False	False
s4446	274281	4	True	False
s1651	9470	4	True	False
s1395	42739	4	True	False
s105668	19	2	False	False
s1699	121	2	False	False
s5376	18	3	True	False
s1191	178	3	True	False
s82823	75	3	True	False
s105705	35	4	True	False
s120926	133	2	False	False
s1410	69795	4	True	False
s82088	1	2	False	False
s259	1	2	False	False
s769	3	2	False	False
s1739	315	2	False	False
s2270	76	2	False	False
s2775	165773	4	True	False
s4485	64993	4	True	False
s131956	336	2	False	False
s3706	63717	4	True	False
s143413	114	2	False	False
s105440	60	5	True	False
s4789	111600	4	True	False
s114618	26	2	False	False
s931	69352	4	True	False
s105111	322	2	False	False
s137960	113	2	False	False
s82927	340	2	False	False
s1392	9	2	False	False
s105794	338	2	False	False
s1115	1867	2	False	False
s3860	134600	4	True	False
s114786	138	2	False	False
s114973	85	2	False	False
s140534	623	2	False	False
s131995	132	2	False	False
s4012	236669	4	True	False
s105281	16	2	False	False
s958	14	3	True	False
s114882	546	2	False	False
s1571	9	3	True	False
s105384	573	3	True	False
s1145	2	2	False	False
s82643	176	2	False	False
s120995	18	2	False	False
s422	9979	4	True	False
s3719	51321	4	True	False
s3758	122166	4	True	False
s82987	703	3	True	False
s81408	179	3	True	False
s81694	161	3	True	False
s114956	283	3	True	False
s2382	1	3	True	False
s4981	44	4	True	False
s129208	61	2	False	False
s2482	260	5	True	False
s81720	56	2	False	False
s143388	120	2	False	False
s5262	59	2	False	False
s908	30	4	True	False
s105549	245	4	True	False
s121138	374	2	False	False
s5097	9954	5	True	False
s82434	82	3	True	False
s2728	250	4	True	False
s134806	774	2	False	False
s120886	1	2	False	False
s4237	51348	4	True	False
s115044	729	4	True	False
s114702	331	2	False	False
s129072	113	2	False	False
s3272	2968	5	True	False
s891	13	2	False	False
s134693	1	2	False	False
s105387	284	2	False	False
s290	15499	4	True	False
s3598	1	2	False	False
s120843	60	2	False	False
s3066	167	2	False	False
s385	18040	4	True	False
s82475	888	2	False	False
s4307	135287	4	True	False
s121163	322	2	False	False
s4308	119	2	False	False
s2392	52420	4	True	False
s83049	24	5	True	False
s81958	657	3	True	False
s2019	218233	4	True	False
s849	57	2	False	False
s3649	21223	4	True	False
s5109	140	2	False	False
s125513	115	2	False	False
s3859	18741	4	True	False
s104974	10	2	False	False
s2655	9608	4	True	False
s81538	220	2	False	False
s2331	214	2	False	False
s1355	146	2	False	False
s120788	250	2	False	False
s4865	217866	4	True	False
s125479	125	2	False	False
s2327	1248	2	False	False
s83022	125	2	False	False
s662	206	2	False	False
s123	25143	4	True	False
s2688	107	4	True	False
s81624	16	3	True	False
s4902	324	2	False	False
s81937	54	2	False	False
s81517	166	4	True	False
s81989	2	3	True	False
s82226	199	2	False	False
s1793	92485	4	True	False
s105562	22	4	True	False
s115056	2313	2	False	False
s114695	272	2	False	False
s105418	413	4	True	False
s104897	127	2	False	False
s3491	1532	2	False	False
s139636	54	2	False	False
s5209	8937	4	True	False
s82818	45	3	True	False
s120837	243	3	True	False
s3237	12178	4	True	False
s82336	1036	4	True	False
s104885	77	3	True	False
s83131	1573	2	False	False
s4712	10734	4	True	False
s81734	66	2	False	False
s2472	443229	4	True	False
s120872	46	4	True	False
s121015	72	3	True	False
s114778	279	2	False	False
s105217	145	2	False	False
s83251	70	3	True	False
s82409	9	2	False	False
s551	275	4	True	False
s5078	90172	4	True	False
s3489	56	2	False	False
s105620	405	2	False	False
s3994	6	2	False	False
s82451	65	2	False	False
s105381	133	2	False	False
s3688	41240	4	True	False
s3294	194	5	True	False
s4252	116781	4	True	False
s3949	1	2	False	False
s121012	87	4	True	False
s2360	57677	4	True	False
s3555	17355	4	True	False
s4546	3	2	False	False
s5370	21296	4	True	False
s120984	22	2	False	False
s692	6929	4	True	False
s134629	4	2	False	False
s3003	327843	4	True	False
s5289	4904	6	True	False
s83067	160	3	True	False
s143426	280	2	False	False
s2198	101969	4	True	False
s1458	11100	4	True	False
s3639	18153	4	True	False
s86	64	3	True	False
s3698	871	2	False	False
s5266	6517	5	True	False
s4495	20	4	True	False
s4322	44	4	True	False
s1911	3857	4	True	False
s125427	118	2	False	False
s121043	6	3	True	False
s81771	137	3	True	False
s125613	94	2	False	False
s1960	20618	4	True	False
s3641	280	2	False	False
s81474	207	4	True	False
s129010	229	2	False	False
s138351	234	2	False	False
s35	6064	4	True	False
s4130	375306	4	True	False
s2981	6352	2	False	False
s3963	775	2	False	False
s82774	181	2	False	False
s1943	719	5	True	False
s105555	123	2	False	False
s1901	58481	4	True	False
s82539	186	4	True	False
s1060	11	3	True	False
s1610	7	3	True	False
s81389	10	2	False	False
s508	123	3	True	False
s114516	11	2	False	False
s81394	631	3	True	False
s120917	4728	2	False	False
s120863	1	3	True	False
s917	81717	4	True	False
s375	156	3	True	False
s4210	184516	4	True	False
s2714	1	2	False	False
s595	1441	4	True	False
s3371	5	2	False	False
s2679	83	2	False	False
s1735	56739	4	True	False
s82099	2828	2	False	False
s104960	104	2	False	False
s105114	167	3	True	False
s143385	318	2	False	False
s5240	18	3	True	False
s82180	107	3	True	False
s3229	21	4	True	False
s3800	59	2	False	False
s83113	110	2	False	False
s129185	1028	4	True	False
s1278	10	3	True	False
s19	7	2	False	False
s82191	45	3	True	False
s3857	10326	4	True	False
s4669	3533	4	True	False
s239	4458	4	True	False
s3310	89	2	False	False
s81492	339	4	True	False
s4163	139760	4	True	False
s4741	332	2	False	False
s683	242	4	True	False
s790	409	2	False	False
s3385	127297	4	True	False
s81565	130	2	False	False
s2618	40955	4	True	False
s139653	167	2	False	False
s1097	2160	2	False	False
s105670	93	2	False	False
s472	84	2	False	False
s83274	462	2	False	False
s81485	56	4	True	False
s129215	1351	3	True	False
s413	35005	4	True	False
s1521	55	2	False	False
s105558	630	2	False	False
s2099	48349	4	True	False
s2795	437	2	False	False
s120825	32	4	True	False
s2480	10800	4	True	False
s105007	101	3	True	False
s4332	132541	4	True	False
s3910	148853	4	True	False
s81377	59	2	False	False
s131938	352	2	False	False
s4613	84636	3	True	False
s1560	86230	4	True	False
s2070	13	2	False	False
s140525	137	2	False	False
s120743	5390	4	True	False
s82501	133	2	False	False
s56	171	2	False	False
s82438	256	3	True	False
s129062	102	2	False	False
s81886	51	2	False	False
s1609	53	3	True	False
s2879	283	2	False	False
s120901	181	2	False	False
s4249	249461	4	True	False
s125526	73	2	False	False
s965	141	4	True	False
s125398	108	2	False	False
s105720	156	5	True	False
s2408	29871	4	True	False
s115047	58	2	False	False
s82964	5	2	False	False
s81833	50	2	False	False
s138341	1196	2	False	False
s82526	23	3	True	False
s2813	1	2	False	False
s3163	294	4	True	False
s1788	12	2	False	False
s81459	375	2	False	False
s5256	7	3	True	False
s625	62	3	True	False
s115087	3150	4	True	False
s105446	169	4	True	False
s105245	2045	4	True	False
s1777	1085	2	False	False
s3325	71330	4	True	False
s83234	112	2	False	False
s81566	677	2	False	False
s1430	196247	4	True	False
s1329	48	4	True	False
s115032	116	2	False	False
s274	125	3	True	False
s4062	36440	4	True	False
s3634	245	4	True	False
s105006	975	2	False	False
s139640	56	2	False	False
s615	2	5	True	False
s140434	125	2	False	False
s81864	1	2	False	False
s121114	70	3	True	False
s3915	61490	4	True	False
s114541	308	2	False	False
s341	1497	4	True	False
s2339	42	4	True	False
s104896	146	2	False	False
s138334	50	2	False	False
s143348	56	2	False	False
s2597	26331	4	True	False
s4250	66	2	False	False
s115092	255	3	True	False
s105612	14	5	True	False
s5146	8796	4	True	False
s82729	75	2	False	False
s83109	120	2	False	False
s82994	941	3	True	False
s82981	88	2	False	False
s105160	457	4	True	False
s3314	3528	2	False	False
s134792	192	4	True	False
s5274	143645	4	True	False
s2432	3687	2	False	False
s3249	8	4	True	False
s132038	9	2	False	False
s896	86	4	True	False
s125469	17	2	False	False
s120777	270	2	False	False
s120963	254	2	False	False
s5177	126	2	False	False
s1282	252831	4	True	False
s1953	429508	4	True	False
s81548	177	3	True	False
s140508	69	2	False	False
s1792	312	2	False	False
s919	31	3	True	False
s1636	68	2	False	False
s129014	541	3	True	False
s105483	90	2	False	False
s105669	11	2	False	False
s4610	14	2	False	False
s5368	54885	4	True	False
s82592	123	2	False	False
s1622	173	4	True	False
s104867	61	2	False	False
s129120	733	2	False	False
s82372	86	3	True	False
s81953	332	3	True	False
s4279	168	2	False	False
s114790	1524	3	True	False
s140270	10	2	False	False
s134765	88	2	False	False
s837	11955	4	True	False
s2504	232072	4	True	False
s3532	11201	4	True	False
s4159	233923	4	True	False
s3736	43095	4	True	False
s2468	49996	4	True	False
s82943	135	4	True	False
s5354	565	2	False	False
s125382	62	2	False	False
s82453	192	3	True	False
s2043	60928	5	True	False
s137972	88	2	False	False
s104961	133	2	False	False
s120804	1	2	False	False
s81417	153	3	True	False
s129036	217	2	False	False
s999	2292	4	True	False
s2315	8	2	False	False
s4767	52625	4	True	False
s612	6425	4	True	False
s81359	214	4	True	False
s82090	51	2	False	False
s125545	107	3	True	False
s4506	9	2	False	False
s115009	63	3	True	False
s5377	17	2	False	False
s1968	53968	4	True	False
s4042	7819	4	True	False
s5261	2919	4	True	False
s129029	308	4	True	False
s569	3265	2	False	False
s499	61	2	False	False
s82696	91	3	True	False
s114909	577	4	True	False
s519	278	4	True	False
s2979	124519	4	True	False
s3897	239530	4	True	False
s81892	70	2	False	False
s121141	179	2	False	False
s83200	18	4	True	False
s1531	46	4	True	False
s4700	54	2	False	False
s3464	57	2	False	False
s129043	100	2	False	False
s2702	154	2	False	False
s120830	50	2	False	False
s1014	2054	2	False	False
s3745	115	2	False	False
s120870	513	3	True	False
s131892	37	2	False	False
s82017	317	2	False	False
s4984	45223	4	True	False
s2941	591133	4	True	False
s105675	9	3	True	False
s2481	183745	4	True	False
s1977	32553	4	True	False
s131998	1	2	False	False
s82796	456	4	True	False
s772	53	2	False	False
s120860	172	2	False	False
s4543	71500	4	True	False
s11	208	4	True	False
s105326	675	4	True	False
s1855	5368	4	True	False
s3877	4220	4	True	False
s1886	58	2	False	False
s105151	581	2	False	False
s104932	186	2	False	False
s82906	69	4	True	False
s81963	178	3	True	False
s5018	120	2	False	False
s134807	485	2	False	False
s82433	219	4	True	False
s1824	174927	4	True	False
s82288	162	3	True	False
s132019	48	2	False	False
s105808	78	2	False	False
s83223	83	3	True	False
s82357	52	3	True	False
s140257	128	2	False	False
s4491	2	2	False	False
s121062	89	2	False	False
s81	2519	2	False	False
s2703	29201	4	True	False
s1158	397	2	False	False
s140466	319	2	False	False
s138299	144	4	True	False
s83139	1639	3	True	False
s3956	13	2	False	False
s140444	13743	2	False	False
s81372	1039	3	True	False
s82616	256	4	True	False
s81570	217	2	False	False
s1936	3	4	True	False
s836	80727	4	True	False
s125560	6456	2	False	False
s81413	1365	2	False	False
s82485	325	2	False	False
s2792	24646	4	True	False
s3010	2	2	False	False
s138232	57	2	False	False
s1829	56	2	False	False
s105727	73	2	False	False
s4451	72	2	False	False
s3595	2	3	True	False
s120902	59	3	True	False
s82716	58	3	True	False
s138344	3731	2	False	False
s81942	100	2	False	False
s4616	504	2	False	False
s138349	340	2	False	False
s4544	63	2	False	False
s120867	61	3	True	False
s5408	277	2	False	False
s5253	108	4	True	False
s3761	168	2	False	False
s3429	230	4	True	False
s4106	44552	4	True	False
s105110	9	2	False	False
s3364	177455	4	True	False
s3646	91	2	False	False
s4222	127	4	True	False
s4114	35550	4	True	False
s132061	383	2	False	False
s140246	17	2	False	False
s2573	78	2	False	False
s134762	170	2	False	False
s4248	66135	4	True	False
s4574	2976	4	True	False
s114593	71	2	False	False
s82822	18	3	True	False
s114810	100	2	False	False
s4717	1	2	False	False
s129003	101	2	False	False
s1525	53834	4	True	False
s1193	47475	4	True	False
s1808	626	5	True	False
s3234	22	4	True	False
s82795	258	4	True	False
s129141	1	2	False	False
s134636	137	2	False	False
s105059	52	2	False	False
s4105	56335	4	True	False
s105530	122	3	True	False
s566	371	4	True	False
s573	301	2	False	False
s104895	51	2	False	False
s2770	68454	4	True	False
s125433	2428	2	False	False
s82023	20	2	False	False
s134657	52	3	True	False
s157	554	4	True	False
s4718	36049	4	True	False
s4806	129379	4	True	False
s656	64	2	False	False
s5069	13072	4	True	False
s82884	26	3	True	False
s2899	61425	4	True	False
s1464	2715	2	False	False
s104848	71	2	False	False
s81701	7	2	False	False
s81755	13	2	False	False
s868	17756	4	True	False
s653	19	4	True	False
s3737	101105	4	True	False
s115039	12	4	True	False
s120836	396	2	False	False
s105025	645	2	False	False
s1107	20880	5	True	False
s4454	249	4	True	False
s3849	319	2	False	False
s121000	200	2	False	False
s81511	60	2	False	False
s134747	352	2	False	False
s2737	274	2	False	False
s114710	4457	2	False	False
s132039	3	2	False	False
s81551	68	2	False	False
s5343	6207	2	False	False
s82941	365	4	True	False
s2683	583	4	True	False
s140450	55	2	False	False
s82214	75	2	False	False
s114603	89	2	False	False
s4512	11	2	False	False
s82728	63	4	True	False
s1492	16442	4	True	False
s83246	11	4	True	False
s2395	60	2	False	False
s5304	3	2	False	False
s82190	45	3	True	False
s82887	204	3	True	False
s246	14950	4	True	False
s1292	1	2	False	False
s130	9	4	True	False
s2001	144542	4	True	False
s3542	19968	4	True	False
s3166	12775	4	True	False
s3399	375	3	True	False
s4166	17	2	False	False
s129140	364	2	False	False
s114736	64	2	False	False
s81922	203	3	True	False
s134626	61	2	False	False
s1364	99	4	True	False
s82695	159	3	True	False
s1588	177	2	False	False
s3712	12140	4	True	False
s4409	201016	5	True	False
s132052	108	2	False	False
s125527	1	2	False	False
s4503	18067	4	True	False
s82391	50	2	False	False
s81525	171	2	False	False
s81910	80	2	False	False
s1294	15	4	True	False
s83	54	2	False	False
s4064	105449	4	True	False
s81730	56	2	False	False
s2776	3926	2	False	False
s2519	1272	2	False	False
s1880	54318	4	True	False
s498	103	3	True	False
s82323	51	2	False	False
s82715	221	4	True	False
s105469	461	4	True	False
s4545	101505	4	True	False
s3417	72936	4	True	False
s1876	130512	4	True	False
s1741	1	2	False	False
s4736	72	2	False	False
s120880	57	2	False	False
s1226	62	2	False	False
s2882	75	2	False	False
s4014	59363	4	True	False
s5314	32009	4	True	False
s5102	291	3	True	False
s200	96	4	True	False
s131891	56	2	False	False
s82659	5	2	False	False
s82406	205	2	False	False
s5321	10946	4	True	False
s132024	250	4	True	False
s115050	1	2	False	False
s1900	66139	4	True	False
s105410	1148	2	False	False
s114504	155	2	False	False
s81764	215	4	True	False
s83157	63	2	False	False
s265	62	4	True	False
s82797	15	3	True	False
s134711	66	2	False	False
s1803	21104	4	True	False
s82791	100	2	False	False
s5340	44588	4	True	False
s2540	19611	4	True	False
s2429	157528	4	True	False
s2137	357	2	False	False
s1585	41447	4	True	False
s3777	6158	2	False	False
s298	1539	4	True	False
s139621	99	2	False	False
s3453	7	2	False	False
s4027	562	4	True	False
s82966	5	2	False	False
s81782	42	2	False	False
s1717	82069	4	True	False
s2149	241180	4	True	False
s5004	82737	5	True	False
s4798	549	2	False	False
s810	18092	4	True	False
s125367	31	3	True	False
s120974	79	2	False	False
s1005	181	4	True	False
s114579	327	2	False	False
s4646	2196	4	True	False
s4153	60	4	True	False
s58	5874	2	False	False
s129056	2910	2	False	False
s134738	90	2	False	False
s105196	85	2	False	False
s2731	100941	4	True	False
s114862	119	4	True	False
s121003	101	2	False	False
s1234	106739	4	True	False
s105714	8	2	False	False
s5136	97	4	True	False
s2677	24	4	True	False
s4569	238778	4	True	False
s104827	80	2	False	False
s81857	1	2	False	False
s82828	112	2	False	False
s5115	318	2	False	False
s83097	380	3	True	False
s121149	59	2	False	False
s82888	20	3	True	False
s3240	1	2	False	False
s105768	715	5	True	False
s105442	68	3	True	False
s105236	104	2	False	False
s5336	128311	4	True	False
s105419	17	2	False	False
s2494	1087	2	False	False
s120803	7	2	False	False
s114852	509	3	True	False
s950	62	2	False	False
s3426	271	3	True	False
s3151	24362	4	True	False
s138215	134	2	False	False
s81829	10	2	False	False
s105256	6	2	False	False
s125557	56	2	False	False
s114592	8	2	False	False
s132010	5	2	False	False
s140536	362	2	False	False
s4018	70001	4	True	False
s1687	196511	4	True	False
s121074	10	2	False	False
s114876	57	2	False	False
s104933	131	2	False	False
s125359	7884	4	True	False
s140406	206	2	False	False
s114627	80	2	False	False
s3908	82760	4	True	False
s4010	62	2	False	False
s105647	88	2	False	False
s105328	764	4	True	False
s4127	425113	4	True	False
s2819	331	2	False	False
s634	47	4	True	False
s3785	5	2	False	False
s105008	3	2	False	False
s2283	1	2	False	False
s3304	1573	2	False	False
s82155	145	2	False	False
s5155	3	3	True	False
s105548	154	2	False	False
s3021	1	2	False	False
s3139	478	2	False	False
s2142	65	2	False	False
s83264	76	2	False	False
s4229	23	2	False	False
s3690	56	2	False	False
s82396	95	3	True	False
s844	47	4	True	False
s104921	409	2	False	False
s2453	51	2	False	False
s509	771	2	False	False
s1256	76	2	False	False
s3889	111111	4	True	False
s134741	205	2	False	False
s1334	81807	4	True	False
s82192	117	3	True	False
s114985	577	2	False	False
s4715	159	2	False	False
s82193	29	3	True	False
s2985	27	3	True	False
s4215	2776	2	False	False
s3172	227	4	True	False
s82104	3	2	False	False
s2545	8	2	False	False
s129106	40	3	True	False
s1414	147415	4	True	False
s81460	61	3	True	False
s82068	16	3	True	False
s143398	162	2	False	False
s120978	264	2	False	False
s4505	14624	4	True	False
s121191	3	2	False	False
s105079	165	3	True	False
s82076	357	2	False	False
s5383	3980	4	True	False
s3934	21787	4	True	False
s121165	87	2	False	False
s134718	211	2	False	False
s3468	433	3	True	False
s105068	12	2	False	False
s82878	158	3	True	False
s114615	1	2	False	False
s4842	156	2	False	False
s134650	55	2	False	False
s3700	99	2	False	False
s81950	92	2	False	False
s2950	1	2	False	False
s5217	17679	4	True	False
s143325	115	2	False	False
s120833	361	2	False	False
s4771	42263	4	True	False
s129040	60	2	False	False
s5075	27612	4	True	False
s114930	246	2	False	False
s1956	8654	4	True	False
s83319	555	2	False	False
s105578	283	4	True	False
s2427	128503	4	True	False
s139613	449	2	False	False
s4737	115	4	True	False
s1281	102	4	True	False
s302	12885	4	True	False
s82789	120	2	False	False
s1196	2296	3	True	False
s3569	11984	3	True	False
s3961	48481	4	True	False
s82482	2900	3	True	False
s3687	14958	4	True	False
s81944	91	3	True	False
s105269	760	5	True	False
s105333	60	2	False	False
s2025	29709	4	True	False
s4704	3518	4	True	False
s2996	7	2	False	False
s114697	51	2	False	False
s105744	35	2	False	False
s4831	343	2	False	False
s3092	33	4	True	False
s105732	119	2	False	False
s2065	141	4	True	False
s4864	81	2	False	False
s138268	80	2	False	False
s3490	168062	4	True	False
s4580	145291	4	True	False
s125478	871	2	False	False
s81678	84	2	False	False
s138320	72	2	False	False
s1527	65	4	True	False
s139642	57	2	False	False
s105225	1	2	False	False
s104919	318	2	False	False
s105074	3	2	False	False
s5413	70	4	True	False
s4053	541	4	True	False
s3828	168999	4	True	False
s129159	281	2	False	False
s674	20	4	True	False
s948	24	3	True	False
s952	227	2	False	False
s2038	1397	2	False	False
s207	143	3	True	False
s4466	18250	4	True	False
s2332	109664	4	True	False
s1318	47807	4	True	False
s1703	128	2	False	False
s3506	267	2	False	False
s855	47870	4	True	False
s367	49	4	True	False
s138333	214	2	False	False
s81939	47	3	True	False
s83030	72	4	True	False
s82355	2533	3	True	False
s125532	63	2	False	False
s5412	105	2	False	False
s82681	10	3	True	False
s140439	2919	2	False	False
s4782	7	2	False	False
s121021	964	2	False	False
s129034	7	2	False	False
s143354	80	2	False	False
s105514	11	4	True	False
s861	70	2	False	False
s81981	3	2	False	False
s105359	2667	2	False	False
s132055	331	2	False	False
s2660	14663	4	True	False
s2863	176	2	False	False
s3226	885	2	False	False
s2752	18027	4	True	False
s2757	16	2	False	False
s3024	1	2	False	False
s143607	80	2	False	False
s1674	106	4	True	False
s4951	330	2	False	False
s125472	85	2	False	False
s138304	128	2	False	False
s2155	135271	4	True	False
s3903	201454	4	True	False
s2878	5	3	True	False
s81997	103	3	True	False
s1683	133496	4	True	False
s651	83	4	True	False
s4075	1	2	False	False
s105224	196	2	False	False
s82685	22	2	False	False
s134710	131	2	False	False
s125603	202	3	True	False
s3582	214108	4	True	False
s125594	30	3	True	False
s105303	122	2	False	False
s5031	4170	4	True	False
s120769	282	2	False	False
s114528	10	2	False	False
s114674	319	2	False	False
s120966	121	2	False	False
s82908	174	4	True	False
s52	414	2	False	False
s82573	3	2	False	False
s3946	80401	4	True	False
s5309	66	4	True	False
s2635	256	4	True	False
s82554	168	4	True	False
s120929	680	2	False	False
s2816	21035	4	True	False
s114661	453	2	False	False
s4529	86972	4	True	False
s2634	87	2	False	False
s555	73	3	True	False
s131936	58	2	False	False
s115058	128	2	False	False
s1213	9680	4	True	False
s82565	2	2	False	False
s822	7	2	False	False
s1347	46912	4	True	False
s4312	2	2	False	False
s83257	133	2	False	False
s105391	111	3	True	False
s936	97328	4	True	False
s2580	93516	4	True	False
s81954	384	4	True	False
s3296	686	6	True	False
s3223	28790	2	False	False
s137958	62	2	False	False
s3048	15272	4	True	False
s3362	34027	4	True	False
s770	65	3	True	False
s105429	66	3	True	False
s125428	1	2	False	False
s82162	243	3	True	False
s432	32615	4	True	False
s450	228	3	True	False
s1653	163621	4	True	False
s114793	118	2	False	False
s140475	50	2	False	False
s125595	52	2	False	False
s137948	33638	2	False	False
s202	13	3	True	False
s81858	67	2	False	False
s4697	198393	4	True	False
s355	5	2	False	False
s120879	190	2	False	False
s702	1	2	False	False
s2888	73593	4	True	False
s82093	317	2	False	False
s1897	192	2	False	False
s2684	62	2	False	False
s137941	54	2	False	False
s81388	320	3	True	False
s4939	100	4	True	False
s591	827	6	True	False
s81516	138	3	True	False
s537	129	2	False	False
s4897	133756	4	True	False
s129000	68	2	False	False
s2692	34020	4	True	False
s82440	177	2	False	False
s4208	54314	4	True	False
s81868	54	3	True	False
s82827	649	4	True	False
s129027	15	3	True	False
s82295	93	2	False	False
s3912	322	2	False	False
s140435	53	2	False	False
s134722	813	2	False	False
s105476	1041	3	True	False
s1875	55	2	False	False
s3601	168848	4	True	False
s82832	99	2	False	False
s3254	117	3	True	False
s1991	60	2	False	False
s3694	253266	4	True	False
s81418	9	2	False	False
s104889	613	2	False	False
s3351	819923	3	True	False
s81632	51	2	False	False
s140422	121	2	False	False
s2741	7583	2	False	False
s129226	134	2	False	False
s2889	151694	4	True	False
s1446	266417	4	True	False
s83177	28	4	True	False
s114709	17	3	True	False
s105503	608	3	True	False
s121112	63	2	False	False
s83103	283	4	True	False
s315	23868	4	True	False
s4780	34802	4	True	False
s1859	329477	5	True	False
s83003	522	2	False	False
s120741	2362	3	True	False
s81553	350	2	False	False
s2718	6088	4	True	False
s83172	1	2	False	False
s3996	40659	4	True	False
s82315	304	2	False	False
s105540	1203	4	True	False
s3970	167760	4	True	False
s143410	75	2	False	False
s82530	308	4	True	False
s2279	56398	4	True	False
s977	3800	2	False	False
s105078	274	3	True	False
s675	457	4	True	False
s134705	252	2	False	False
s4295	60258	4	True	False
s82034	794	3	True	False
s179	284	4	True	False
s125451	53	2	False	False
s105354	214	2	False	False
s105371	356	4	True	False
s801	185	4	True	False
s82773	296	2	False	False
s2517	684	2	False	False
s120965	33969	2	False	False
s4998	194	3	True	False
s356	7	4	True	False
s115023	152	3	True	False
s3892	301	2	False	False
s81999	4	2	False	False
s379	5	2	False	False
s82116	128	3	True	False
s4830	245	4	True	False
s114682	58	2	False	False
s120992	68	3	True	False
s120781	7	2	False	False
s125608	53	2	False	False
s105038	138	2	False	False
s2029	138012	4	True	False
s114999	188	2	False	False
s105177	232	3	True	False
s490	726	4	True	False
s105577	562	2	False	False
s105075	27	4	True	False
s900	80	3	True	False
s83025	3	2	False	False
s82222	182	3	True	False
s105122	267	3	True	False
s3699	2521	4	True	False
s82435	141	4	True	False
s3016	31	2	False	False
s81811	19	2	False	False
s4866	74905	4	True	False
s44	109	4	True	False
s82489	6	2	False	False
s677	153	4	True	False
s5317	4387	4	True	False
s140429	66	2	False	False
s104833	168	2	False	False
s4361	28	2	False	False
s137966	1	2	False	False
s3534	7726	4	True	False
s3950	1525	4	True	False
s31	14098	4	True	False
s83076	179	3	True	False
s2138	33981	4	True	False
s140530	1542	2	False	False
s139612	17	2	False	False
s3930	36	4	True	False
s1731	89891	4	True	False
s1786	87	2	False	False
s2613	74	2	False	False
s83236	113	2	False	False
s114725	180	2	False	False
s1212	87	2	False	False
s104884	150	2	False	False
s129065	75	2	False	False
s588	11	4	True	False
s436	29	2	False	False
s2175	104856	4	True	False
s105362	2493	4	True	False
s3176	12569	4	True	False
s4559	48860	4	True	False
s83083	68	3	True	False
s138269	127	3	True	False
s3810	9	4	True	False
s1417	29221	4	True	False
s125598	7	2	False	False
s5124	3	5	True	False
s4365	53	2	False	False
s104854	11	2	False	False
s105375	1039	4	True	False
s81416	2151	2	False	False
s125365	3	3	True	False
s82153	47	3	True	False
s218	129	2	False	False
s4479	203542	4	True	False
s105632	309	2	False	False
s125449	76	2	False	False
s624	4	4	True	False
s1877	22	3	True	False
s3673	101775	4	True	False
s134767	412	2	False	False
s83207	87	3	True	False
s83278	138	3	True	False
s121100	26	3	True	False
s2164	35391	4	True	False
s132074	1	2	False	False
s4674	22473	4	True	False
s1682	517968	4	True	False
s83181	226	4	True	False
s120945	1	2	False	False
s5199	5581	4	True	False
s129090	65	2	False	False
s82208	85	3	True	False
s2314	19623	4	True	False
s2282	47	4	True	False
s140464	269	2	False	False
s131894	50	2	False	False
s105534	1462	3	True	False
s2522	25265	4	True	False
s1817	312600	4	True	False
s114923	1506	4	True	False
s129033	37	3	True	False
s81635	49	3	True	False
s81592	146	4	True	False
s2924	432303	4	True	False
s125531	137	3	True	False
s131931	58	2	False	False
s4168	211	4	True	False
s125409	68	2	False	False
s114747	98	2	False	False
s105065	318	2	False	False
s105407	2852	3	True	False
s4548	47	3	True	False
s369	78	2	False	False
s82575	127	4	True	False
s4172	168	5	True	False
s903	27	2	False	False
s2006	851	2	False	False
s81745	71	2	False	False
s81934	190	4	True	False
s120868	118	3	True	False
s82690	37	3	True	False
s114895	49	2	False	False
s1851	121053	4	True	False
s5328	24424	4	True	False
s4952	566	4	True	False
s121067	43	2	False	False
s131933	276	2	False	False
s105574	4606	4	True	False
s5281	330	3	True	False
s4303	165	4	True	False
s104955	108	2	False	False
s82606	30	3	True	False
s105523	274	3	True	False
s82956	123	4	True	False
s553	568	5	True	False
s114531	61	2	False	False
s372	18	3	True	False
s1654	5	3	True	False
s97	28144	4	True	False
s125542	45	3	True	False
s1929	237178	4	True	False
s3203	17	2	False	False
s140491	6	2	False	False
s105661	210	4	True	False
s83326	82	4	True	False
s2872	70319	4	True	False
s5055	238	4	True	False
s82603	610	2	False	False
s104957	2	2	False	False
s497	100	4	True	False
s105449	232	3	True	False
s105760	251	3	True	False
s140539	36	2	False	False
s114687	99	3	True	False
s120990	1	2	False	False
s81687	78	3	True	False
s134682	225	2	False	False
s83090	156	3	True	False
s120973	171	4	True	False
s104891	106	2	False	False
s83070	92	4	True	False
s2264	87826	4	True	False
s115082	726	3	True	False
s4128	1596	4	True	False
s680	7	2	False	False
s4744	106977	4	True	False
s2126	85910	4	True	False
s114794	159	2	False	False
s121155	348	2	False	False
s105316	1	2	False	False
s81658	5	2	False	False
s104985	80	2	False	False
s120799	10	2	False	False
s129174	411	2	False	False
s1649	40086	4	True	False
s114926	80	2	False	False
s114732	83	2	False	False
s4687	69544	4	True	False
s760	108	3	True	False
s1315	14334	4	True	False
s3190	78	3	True	False
s82856	7	2	False	False
s4022	66	2	False	False
s4177	6141	4	True	False
s2790	65552	3	True	False
s105472	91	3	True	False
s105723	291	3	True	False
s105786	238	2	False	False
s3801	152252	4	True	False
s105570	931	4	True	False
s2011	701	4	True	False
s3231	154	2	False	False
s4756	135	4	True	False
s1059	12	2	False	False
s105107	5	3	True	False
s83263	127	3	True	False
s114833	102	2	False	False
s4448	150719	4	True	False
s83064	57	2	False	False
s105357	754	5	True	False
s1540	76659	4	True	False
s2690	95449	4	True	False
s4356	3770	4	True	False
s2216	29	2	False	False
s2206	14	2	False	False
s4271	132239	4	True	False
s3238	1578	4	True	False
s81618	89	3	True	False
s125434	276	3	True	False
s105462	84	4	True	False
s82000	432	2	False	False
s82141	170	2	False	False
s4786	47931	4	True	False
s114907	261	4	True	False
s1690	167411	4	True	False
s134614	72	2	False	False
s143379	76	2	False	False
s20	2587	4	True	False
s3581	114974	4	True	False
s82816	16	3	True	False
s134615	84	2	False	False
s4416	159121	4	True	False
s114763	3	2	False	False
s105251	69	3	True	False
s105688	64	2	False	False
s2556	80345	4	True	False
s4992	87	2	False	False
s81629	111	3	True	False
s3495	10	2	False	False
s2791	172	4	True	False
s125510	3	2	False	False
s2908	608474	4	True	False
s105622	136	2	False	False
s4965	185894	4	True	False
s134737	280	2	False	False
s134784	339	4	True	False
s82557	123	2	False	False
s129110	351	2	False	False
s134698	53	2	False	False
s3307	10687	4	True	False
s82137	355	2	False	False
s2246	28	2	False	False
s137963	33	2	False	False
s2036	4427	4	True	False
s4851	110	2	False	False
s114871	365	2	False	False
s2649	46500	4	True	False
s3319	348416	4	True	False
s5287	3422	4	True	False
s114548	76	2	False	False
s1974	210364	4	True	False
s105806	44	3	True	False
s115027	959	2	False	False
s4874	78	2	False	False
s81931	128	2	False	False
s82863	1	2	False	False
s104815	64	2	False	False
s1402	8	2	False	False
s105660	1099	2	False	False
s4116	4158	4	True	False
s4490	48438	4	True	False
s82637	23	3	True	False
s1713	61475	4	True	False
s105343	1255	4	True	False
s1790	65811	4	True	False
s129098	337	2	False	False
s82844	193	3	True	False
s4891	58	4	True	False
s114817	22	2	False	False
s105117	132	2	False	False
s81554	232	2	False	False
s114650	976	2	False	False
s1259	287444	4	True	False
s1331	154630	4	True	False
s105564	2328	4	True	False
s125430	31	2	False	False
s82413	121	3	True	False
s114878	229	2	False	False
s462	587	5	True	False
s104872	62	2	False	False
s129232	4758	2	False	False
s138252	3	2	False	False
s871	15	3	True	False
s1864	133	4	True	False
s3035	676	4	True	False
s4923	105538	4	True	False
s1843	90924	4	True	False
s4477	127333	4	True	False
s1205	79082	4	True	False
s5207	49	4	True	False
s143390	55	2	False	False
s81798	323	2	False	False
s3985	160	4	True	False
s2377	241589	4	True	False
s105636	393	4	True	False
s82	19933	4	True	False
s105436	195	5	True	False
s82377	140	3	True	False
s2713	25847	4	True	False
s134621	8	2	False	False
s82511	223	4	True	False
s81772	10	3	True	False
s5236	127	4	True	False
s81610	315	3	True	False
s105003	12	3	True	False
s83013	143	4	True	False
s3512	56	2	False	False
s114602	68	2	False	False
s120813	137	2	False	False
s3007	1988	4	True	False
s125405	338	2	False	False
s140232	49	3	True	False
s81804	9	2	False	False
s81877	128	2	False	False
s5022	4221	4	True	False
s1919	268	4	True	False
s82861	165	4	True	False
s105131	72	2	False	False
s120954	897	2	False	False
s138267	3	3	True	False
s104978	88	2	False	False
s3594	239833	4	True	False
s3957	61	4	True	False
s3855	3	2	False	False
s3868	1	2	False	False
s105012	86	2	False	False
s121177	4	2	False	False
s2489	130	2	False	False
s129239	1581	2	False	False
s105676	18	2	False	False
s1287	13786	4	True	False
s105631	20	4	True	False
s105001	17	3	True	False
s137924	4	2	False	False
s120898	124	2	False	False
s4081	4506	4	True	False
s418	1	3	True	False
s114754	13	3	True	False
s114837	107	2	False	False
s3621	204465	4	True	False
s82763	190	2	False	False
s4100	68481	4	True	False
s1232	4423	4	True	False
s81807	185	2	False	False
s114514	4	2	False	False
s83034	111	3	True	False
s4819	3	2	False	False
s140265	194	2	False	False
s125621	8	2	False	False
s852	199096	4	True	False
s138203	1	2	False	False
s83307	65	3	True	False
s1816	329	2	False	False
s1807	398	2	False	False
s125567	9	2	False	False
s82265	74	2	False	False
s1931	76340	5	True	False
s2241	5405	2	False	False
s82390	235	3	True	False
s957	6379	4	True	False
s140416	50	2	False	False
s129024	70	2	False	False
s4428	137100	4	True	False
s3045	743	2	False	False
s5263	8343	4	True	False
s129020	125	2	False	False
s105464	80	5	True	False
s143430	236	2	False	False
s646	80	2	False	False
s82999	95	3	True	False
s81943	198	4	True	False
s3329	5031	4	True	False
s114792	555	3	True	False
s105680	128	2	False	False
s105233	63	2	False	False
s521	6	4	True	False
s3693	12	4	True	False
s104920	330	2	False	False
s292	15486	4	True	False
s2500	420	4	True	False
s143369	131	2	False	False
s82608	32	4	True	False
s895	11	2	False	False
s3784	128	4	True	False
s104810	95	2	False	False
s129206	61	2	False	False
s114652	74	2	False	False
s82835	479	3	True	False
s120950	422	2	False	False
s82939	27	3	True	False
s83340	465	2	False	False
s82102	1	2	False	False
s5364	1	2	False	False
s140266	3	2	False	False
s2664	449541	4	True	False
s105659	22	4	True	False
s82726	1	3	True	False
s67	40653	4	True	False
s3729	30	2	False	False
s30	1	2	False	False
s129204	302	2	False	False
s2459	93835	4	True	False
s121127	63	2	False	False
s2764	428841	4	True	False
s300	49717	4	True	False
s885	58621	4	True	False
s83048	1	2	False	False
s83122	64	2	False	False
s2591	397546	4	True	False
s3916	54768	4	True	False
s83248	90	4	True	False
s131881	50	2	False	False
s1448	103902	4	True	False
s134669	349	2	False	False
s2799	124	4	True	False
s138250	2270	2	False	False
s1865	64977	4	True	False
s125614	4714	2	False	False
s2789	8759	4	True	False
s114572	81	2	False	False
s5346	42584	4	True	False
s2651	24	4	True	False
s1377	89	2	False	False
s82731	3	2	False	False
s4713	1661	2	False	False
s114683	66	2	False	False
s3000	73	2	False	False
s1236	2	2	False	False
s2121	138	2	False	False
s104973	149	2	False	False
s81666	107	4	True	False
s105045	84	2	False	False
s131923	96	2	False	False
s2652	9	3	True	False
s5367	1	2	False	False
s82518	580	4	True	False
s918	52559	4	True	False
s4243	7572	4	True	False
s3623	51	2	False	False
s138285	93	2	False	False
s4535	65	2	False	False
s81365	78	2	False	False
s138223	79	2	False	False
s3790	186404	4	True	False
s82237	119	3	True	False
s143	1	2	False	False
s1474	329404	4	True	False
s3627	33	3	True	False
s138322	3	2	False	False
s140528	63	2	False	False
s2464	260235	4	True	False
s105191	260	3	True	False
s2965	1752	4	True	False
s1462	309	2	False	False
s3437	79	2	False	False
s3951	83	2	False	False
s1415	16919	4	True	False
s1506	51170	4	True	False
s114677	104	2	False	False
s105495	157	2	False	False
s2082	76561	4	True	False
s1538	11	4	True	False
s105264	60	2	False	False
s4975	47465	4	True	False
s81351	135	3	True	False
s134728	346	2	False	False
s2805	7	2	False	False
s224	19	4	True	False
s83320	67	2	False	False
s2559	138469	4	True	False
s134793	372	2	False	False
s105642	131	3	True	False
s115041	232	2	False	False
s129162	676	2	False	False
s4997	12341	4	True	False
s132063	216	2	False	False
s4305	231048	4	True	False
s1894	76	2	False	False
s125538	1667	3	True	False
s4112	242679	4	True	False
s3034	1133	2	False	False
s3174	1107	3	True	False
s105169	331	2	False	False
s3212	359	4	True	False
s2902	66	4	True	False
s4414	55813	4	True	False
s138346	2202	2	False	False
s2297	16800	4	True	False
s4671	104275	4	True	False
s637	121	2	False	False
s105154	577	3	True	False
s343	118	4	True	False
s105589	599	5	True	False
s134684	65	2	False	False
s2052	49635	4	True	False
s129007	3679	3	True	False
s4401	65	2	False	False
s4272	28450	4	True	False
s382	120	2	False	False
s4660	8303	2	False	False
s2696	29385	3	True	False
s2359	98482	4	True	False
s188	1453	5	True	False
s105137	67	2	False	False
s138265	562	2	False	False
s4040	62490	4	True	False
s82140	1461	2	False	False
s120918	22	2	False	False
s81766	60	3	True	False
s3616	143242	4	True	False
s4005	5	2	False	False
s4593	17	4	True	False
s132045	171	2	False	False
s81430	312	2	False	False
s4928	191632	4	True	False
s105144	127	2	False	False
s3741	77	2	False	False
s82058	315	2	False	False
s129182	93	2	False	False
s83033	45	3	True	False
s4634	177593	4	True	False
s125412	22	3	True	False
s1987	252	2	False	False
s3772	760	4	True	False
s120815	257	2	False	False
s82061	90	2	False	False
s138313	93	2	False	False
s1787	1098	4	True	False
s2353	69453	4	True	False
s4092	366579	4	True	False
s105024	2358	2	False	False
s129121	5911	2	False	False
s115013	48	2	False	False
s143392	54	2	False	False
s104865	60	3	True	False
s82991	1336	3	True	False
s83297	144	3	True	False
s139627	110	2	False	False
s713	109	4	True	False
s1279	122	4	True	False
s1454	499	4	True	False
s81546	925	2	False	False
s726	34	3	True	False
s27	806	4	True	False
s129047	187	2	False	False
s5404	494	4	True	False
s559	2	3	True	False
s81733	55	2	False	False
s114908	884	2	False	False
s3678	165891	4	True	False
s3432	405070	4	True	False
s131967	64	2	False	False
s1988	41397	4	True	False
s3727	239	2	False	False
s818	466	4	True	False
s129172	61	3	True	False
s129114	326	2	False	False
s4464	23233	4	True	False
s95	65	4	True	False
s140284	4602	2	False	False
s121097	1	2	False	False
s82591	177	4	True	False
s83180	51	5	True	False
s4880	56	2	False	False
s756	12	4	True	False
s5433	53	4	True	False
s3671	64	4	True	False
s2276	1	2	False	False
s1296	1385	4	True	False
s4910	29	3	True	False
s4097	1196	2	False	False
s3749	62	2	False	False
s143321	78	2	False	False
s3604	52	2	False	False
s121004	13	3	True	False
s232	4806	4	True	False
s2161	122	4	True	False
s120846	64	2	False	False
s137940	64	2	False	False
s4985	9389	4	True	False
s2431	494292	4	True	False
s82083	52	2	False	False
s81662	33	3	True	False
s104	187	3	True	False
s125435	4	2	False	False
s82277	30	4	True	False
s104923	64	2	False	False
s5070	134	2	False	False
s433	318	3	True	False
s254	74	4	True	False
s5302	23536	4	True	False
s140447	44393	2	False	False
s3675	52459	4	True	False
s1121	138011	5	True	False
s83062	20	4	True	False
s114857	353	4	True	False
s1289	11	4	True	False
s81656	68	2	False	False
s2788	115	2	False	False
s4644	589	4	True	False
s4117	110419	4	True	False
s1641	1	3	True	False
s83300	43	4	True	False
s81920	32	2	False	False
s2771	70703	4	True	False
s137982	336	2	False	False
s82188	1	2	False	False
s1810	207	2	False	False
s3605	21436	4	True	False
s4533	388	5	True	False
s2558	40518	4	True	False
s304	18780	4	True	False
s308	611	4	True	False
s105028	85	3	True	False
s351	18	3	True	False
s121007	222	2	False	False
s131909	104	2	False	False
s120981	924	3	True	False
s82759	90	2	False	False
s120816	6071	2	False	False
s1221	105017	4	True	False
s138204	162	2	False	False
s3898	75	2	False	False
s81988	420	2	False	False
s5244	15313	4	True	False
s82264	77	2	False	False
s1186	7	2	False	False
s2203	136606	4	True	False
s4351	336	2	False	False
s125467	172	2	False	False
s5141	204	4	True	False
s121110	912	2	False	False
s3383	41088	4	True	False
s105002	74	3	True	False
s82515	131	4	True	False
s143357	90	2	False	False
s112	252	4	True	False
s1039	28460	5	True	False
s3894	488	3	True	False
s81680	1	2	False	False
s105749	506	2	False	False
s104954	58	2	False	False
s81667	1	2	False	False
s81919	152	3	True	False
s3778	14424	4	True	False
s81477	85	2	False	False
s3535	58	3	True	False
s404	136	4	True	False
s82172	1111	4	True	False
s4316	1	2	False	False
s5305	104889	4	True	False
s131957	107	2	False	False
s4355	66	2	False	False
s83261	45	3	True	False
s114521	50	2	False	False
s647	330	4	True	False
s90	184	3	True	False
s1386	17222	4	True	False
s2859	170	3	True	False
s120749	1461	3	True	False
s81461	663	3	True	False
s131946	4	3	True	False
s131930	64	2	False	False
s4914	125751	4	True	False
s4362	35196	4	True	False
s82240	439	3	True	False
s81510	516	4	True	False
s1644	66	4	True	False
s2410	128980	4	True	False
s114717	49	3	True	False
s886	8552	4	True	False
s120980	585	2	False	False
s120923	98	2	False	False
s5392	5674	4	True	False
s1429	30	5	True	False
s81880	17	3	True	False
s140281	68	2	False	False
s81746	231	2	False	False
s125506	456	2	False	False
s2568	115	2	False	False
s768	4	3	True	False
s105168	9	2	False	False
s82683	477	3	True	False
s4455	7	2	False	False
s596	203	2	False	False
s4412	14	3	True	False
s115017	70	2	False	False
s105591	242	4	True	False
s82960	79	4	True	False
s105568	3690	4	True	False
s1043	17	3	True	False
s3459	3	2	False	False
s4113	1665	2	False	False
s1131	2417	4	True	False
s620	84	2	False	False
s1257	14554	4	True	False
s131949	391	2	False	False
s114708	2223	3	True	False
s350	20686	4	True	False
s3793	75	4	True	False
s5007	59	2	False	False
s82231	87	4	True	False
s4932	68	3	True	False
s5243	105	2	False	False
s1470	4676	4	True	False
s105478	658	3	True	False
s1797	4	2	False	False
s138350	856	2	False	False
s5167	8	4	True	False
s139611	2417	2	False	False
s105613	591	4	True	False
s83120	75	3	True	False
s1902	63	2	False	False
s4956	49609	4	True	False
s114696	51	2	False	False
s2897	462	2	False	False
s2828	29696	4	True	False
s81740	398	4	True	False
s5440	11390	2	False	False
s969	90	3	True	False
s105685	17	2	False	False
s81504	361	4	True	False
s3658	138307	4	True	False
s3718	101	2	False	False
s3228	69	2	False	False
s138246	216	2	False	False
s83256	50	2	False	False
s1408	98492	4	True	False
s105502	1333	3	True	False
s129038	51	2	False	False
s104834	5732	2	False	False
s120775	96	2	False	False
s82760	174	3	True	False
s1293	24	3	True	False
s134766	601	2	False	False
s81608	182	2	False	False
s132022	399	4	True	False
s114718	126	2	False	False
s2358	698	4	True	False
s2347	50	3	True	False
s3974	255630	4	True	False
s2608	80256	4	True	False
s1883	890192	4	True	False
s3435	29	2	False	False
s105629	323	5	True	False
s125380	67	2	False	False
s121017	3	2	False	False
s4000	182	2	False	False
s121057	457	4	True	False
s4670	172	2	False	False
s105230	62	2	False	False
s449	7	2	False	False
s4260	93970	5	True	False
s4028	104059	4	True	False
s125349	10	2	False	False
s4147	96	3	True	False
s1248	50	2	False	False
s2654	104	3	True	False
s3492	60340	4	True	False
s131945	67	2	False	False
s3815	639857	4	True	False
s105360	475	4	True	False
s4691	17	2	False	False
s121182	1	2	False	False
s1615	36898	4	True	False
s153	184	3	True	False
s278	13227	4	True	False
s105700	32	3	True	False
s132027	377	2	False	False
s105304	451	3	True	False
s82527	229	3	True	False
s105592	111	3	True	False
s2870	60012	4	True	False
s1648	93	2	False	False
s105553	1444	2	False	False
s120785	319	2	False	False
s120906	237	2	False	False
s114663	61	3	True	False
s4099	296	2	False	False
s4246	2	2	False	False
s1676	89047	4	True	False
s2847	35663	4	True	False
s82833	162	2	False	False
s105301	55	2	False	False
s82046	145	4	True	False
s2352	103	2	False	False
s105286	53	3	True	False
s3823	986	2	False	False
s81928	301	4	True	False
s82341	439	2	False	False
s114767	134	2	False	False
s82912	289	2	False	False
s4341	389065	4	True	False
s5034	1001	4	True	False
s2041	25726	4	True	False
s121	1	2	False	False
s4488	53	2	False	False
s5397	43859	2	False	False
s82442	65	2	False	False
s105479	1843	4	True	False
s2115	145823	4	True	False
s82682	43	3	True	False
s4994	50	2	False	False
s1314	143401	4	True	False
s129089	52	2	False	False
s81448	1201	2	False	False
s879	11784	4	True	False
s3352	6789	2	False	False
s171	119	4	True	False
s105455	565	3	True	False
s3766	330	2	False	False
s81404	192	2	False	False
s3711	91	2	False	False
s1096	14259	4	True	False
s114617	35	3	True	False
s5224	7810	4	True	False
s114734	323	2	False	False
s129060	66	2	False	False
s1774	150	2	False	False
s81899	57	2	False	False
s945	9674	4	True	False
s104940	52	2	False	False
s105755	20	2	False	False
s1906	5	3	True	False
s3888	128	2	False	False
s3147	88	2	False	False
s114523	2	2	False	False
s4843	180218	4	True	False
s121150	10	2	False	False
s329	585	4	True	False
s82820	61	4	True	False
s1550	67	2	False	False
s3090	2236	2	False	False
s82254	419	3	True	False
s129057	33	6	True	False
s5270	3431	4	True	False
s83225	37	3	True	False
s82386	638	3	True	False
s380	255	4	True	False
s2834	189582	4	True	False
s2978	248158	4	True	False
s3056	488	2	False	False
s82382	519	4	True	False
s114737	307	2	False	False
s478	1980	5	True	False
s3175	1083	5	True	False
s5145	586	4	True	False
s81710	3129	2	False	False
s4077	209	4	True	False
s3552	277	3	True	False
s2223	121	2	False	False
s3523	64	2	False	False
s4182	145	4	True	False
s131968	2	2	False	False
s81845	21	4	True	False
s132067	1367	3	True	False
s1319	93830	4	True	False
s134708	106	2	False	False
s82874	5	2	False	False
s281	25785	4	True	False
s1679	163	2	False	False
s134802	1	2	False	False
s125571	9	2	False	False
s138295	1235	2	False	False
s105769	68	2	False	False
s105034	8	2	False	False
s4241	6058	4	True	False
s1382	69570	4	True	False
s125439	323	3	True	False
s2682	68	2	False	False
s104922	13	2	False	False
s81789	1991	2	False	False
s131893	94	2	False	False
s4531	119679	4	True	False
s105178	54	2	False	False
s104811	140	2	False	False
s81976	62	2	False	False
s105696	494	3	True	False
s120767	58	2	False	False
s82427	328	2	False	False
s146	2208	4	True	False
s3944	55348	4	True	False
s2354	310	2	False	False
s872	159386	4	True	False
s4345	49990	4	True	False
s36	64	4	True	False
s777	17880	4	True	False
s138323	58	2	False	False
s81791	1	2	False	False
s125440	1865	2	False	False
s3288	45	4	True	False
s3328	94689	4	True	False
s138242	3	2	False	False
s129222	207	2	False	False
s4500	173	2	False	False
s1048	16221	4	True	False
s640	9	4	True	False
s105308	111	3	True	False
s82084	72	3	True	False
s3518	4856	2	False	False
s874	19362	4	True	False
s140243	3208	2	False	False
s140509	60	2	False	False
s121122	9	2	False	False
s81657	383	4	True	False
s148	29866	4	True	False
s105270	7	2	False	False
s5406	701	4	True	False
s82245	113	4	True	False
s4393	157	4	True	False
s81452	242	3	True	False
s138256	83	2	False	False
s4039	299702	4	True	False
s3082	301	2	False	False
s3803	107	4	True	False
s121047	1911	3	True	False
s806	4700	4	True	False
s586	1668	4	True	False
s120823	54	3	True	False
s4424	50499	4	True	False
s82496	168	2	False	False
s1035	238576	4	True	False
s81754	115	4	True	False
s1844	705	2	False	False
s114535	2437	2	False	False
s1776	87356	4	True	False
s2075	139915	4	True	False
s273	88	2	False	False
s83170	107	4	True	False
s134730	38	2	False	False
s82495	322	2	False	False
s83101	37	2	False	False
s4078	69	2	False	False
s4731	8082	4	True	False
s114988	88	2	False	False
s105547	831	4	True	False
s104948	266	2	False	False
s854	36710	4	True	False
s120936	302	2	False	False
s2004	84840	4	True	False
s114679	325	2	False	False
s105666	2	2	False	False
s139615	27	2	False	False
s125611	245	2	False	False
s187	82	4	True	False
s83078	34	4	True	False
s129197	117	2	False	False
s678	1	2	False	False
s1549	98923	4	True	False
s220	72	2	False	False
s82782	2	3	True	False
s121166	222	2	False	False
s129109	240	3	True	False
s120957	135	2	False	False
s105751	639	3	True	False
s1926	46469	4	True	False
s120914	62	2	False	False
s4672	115331	4	True	False
s83151	290	4	True	False
s2109	66	4	True	False
s2937	22534	4	True	False
s1980	100129	4	True	False
s82553	90	2	False	False
s83253	773	4	True	False
s121184	38	3	True	False
s360	3301	4	True	False
s4924	23552	4	True	False
s81360	140	3	True	False
s2060	21955	4	True	False
s83237	1	2	False	False
s125585	34	2	False	False
s4725	187770	4	True	False
s82097	344	2	False	False
s125488	2490	2	False	False
s1750	734	2	False	False
s105274	114	2	False	False
s81631	78	2	False	False
s82018	3	2	False	False
s2838	61	2	False	False
s5099	237	4	True	False
s5107	93	3	True	False
s1746	3528	4	True	False
s2730	1	2	False	False
s96483	373	3	True	False
s143364	60	2	False	False
s82776	65	2	False	False
s105180	53	2	False	False
s114527	387	3	True	False
s43	227	3	True	False
s82416	3	3	True	False
s105730	103	2	False	False
s1551	77553	4	True	False
s82509	15	2	False	False
s129244	150	2	False	False
s129230	58	2	False	False
s4775	2215	4	True	False
s82512	13	2	False	False
s204	11	4	True	False
s125549	138	2	False	False
s105465	458	2	False	False
s3519	453574	4	True	False
s4328	207	4	True	False
s125422	7	2	False	False
s132	92	2	False	False
s921	3	2	False	False
s4925	382	4	True	False
s5182	25	3	True	False
s137943	101	2	False	False
s82420	36	4	True	False
s105649	451	2	False	False
s2250	60	2	False	False
s1440	172221	3	True	False
s125605	16	3	True	False
s121102	83	2	False	False
s81392	437	2	False	False
s527	2	3	True	False
s131897	74	2	False	False
s425	67	2	False	False
s4109	7450	4	True	False
s115006	8	3	True	False
s1378	51436	4	True	False
s105138	312	2	False	False
s82371	194	3	True	False
s82660	852	4	True	False
s82287	6	2	False	False
s105022	205	3	True	False
s134691	11	2	False	False
s3502	392519	4	True	False
s82227	321	4	True	False
s3852	19060	4	True	False
s104972	334	2	False	False
s83084	105	2	False	False
s4288	56	2	False	False
s4057	1548	4	True	False
s81613	94	3	True	False
s3821	20201	4	True	False
s1389	1814	2	False	False
s1794	3	2	False	False
s114831	198	2	False	False
s138229	1	2	False	False
s5250	17846	4	True	False
s114992	242	4	True	False
s5026	53	3	True	False
s792	623	2	False	False
s1779	182823	4	True	False
s3106	164	3	True	False
s81784	330	3	True	False
s105772	1799	4	True	False
s2374	47360	4	True	False
s4526	33	4	True	False
s17	118	2	False	False
s105023	110	2	False	False
s3350	450963	4	True	False
s82826	50	2	False	False
s105039	197	2	False	False
s59	33464	4	True	False
s2227	100	2	False	False
s105069	24	3	True	False
s1141	437095	4	True	False
s83031	107	2	False	False
s134654	35971	3	True	False
s381	232	3	True	False
s1579	92255	4	True	False
s326	174595	4	True	False
s1103	5450	4	True	False
s3474	121	4	True	False
s5360	65	2	False	False
s3273	221	4	True	False
s3408	227845	4	True	False
s881	42	4	True	False
s114841	1	2	False	False
s2867	2573	2	False	False
s120877	107	2	False	False
s82762	2	2	False	False
s134814	1121	2	False	False
s83138	88	2	False	False
s3530	240445	4	True	False
s2414	47311	4	True	False
s5251	10	4	True	False
s4822	81383	4	True	False
s4583	150310	4	True	False
s105607	468	5	True	False
s3430	326170	4	True	False
s82132	106	2	False	False
s81781	5	4	True	False
s105227	89	2	False	False
s533	301	2	False	False
s5119	135	4	True	False
s1457	27414	4	True	False
s82072	179	2	False	False
s4228	175062	4	True	False
s125477	441	2	False	False
s717	1966	4	True	False
s134638	65	2	False	False
s114655	50	2	False	False
s899	11	4	True	False
s3770	450975	4	True	False
s82243	125	2	False	False
s448	119	4	True	False
s644	314	2	False	False
s73	8464	4	True	False
s114633	102	2	False	False
s129096	68	2	False	False
s1962	5737	4	True	False
s1157	769	4	True	False
s655	3331	4	True	False
s2224	229233	4	True	False
s83145	66694	2	False	False
s138275	24	3	True	False
s2171	310	2	False	False
s105010	250	2	False	False
s104793	7323	2	False	False
s4144	263022	4	True	False
s105788	56	2	False	False
s125391	197	2	False	False
s3965	216915	4	True	False
s5174	35	4	True	False
s129200	1	2	False	False
s114854	80	2	False	False
s4157	141	4	True	False
s5105	81	2	False	False
s82634	525	3	True	False
s3164	100	2	False	False
s5315	588	4	True	False
s82272	1687	2	False	False
s4478	30535	4	True	False
s134725	3035	2	False	False
s5272	76735	4	True	False
s542	255	4	True	False
s120751	174	3	True	False
s923	3	3	True	False
s301	319	2	False	False
s82293	96	2	False	False
s104909	109	2	False	False
s5204	53	2	False	False
s114917	4200	2	False	False
s125445	299	2	False	False
s1012	30993	4	True	False
s82329	12	2	False	False
s104946	7	2	False	False
s928	13519	4	True	False
s82230	40	3	True	False
s1712	431	2	False	False
s105421	339	2	False	False
s81588	171	3	True	False
s81796	65	2	False	False
s129147	60	3	True	False
s3715	119	4	True	False
s129220	10	2	False	False
s125454	354	2	False	False
s138303	349	2	False	False
s5382	19568	4	True	False
s5225	6493	4	True	False
s121199	82	2	False	False
s3108	1032	2	False	False
s105382	775	4	True	False
s5316	230	2	False	False
s82463	4358	2	False	False
s143371	117	2	False	False
s131980	204	2	False	False
s390	70	2	False	False
s968	27	3	True	False
s81697	3	3	True	False
s114643	59	2	False	False
s82916	144	2	False	False
s195	11178	4	True	False
s5303	23104	4	True	False
s143341	35	2	False	False
s137978	70	2	False	False
s82865	212	2	False	False
s105017	78	2	False	False
s5121	56	2	False	False
s105132	188	4	True	False
s105651	1155	2	False	False
s115016	76	2	False	False
s140487	9	2	False	False
s5237	2	3	True	False
s82589	56	4	True	False
s1489	120670	4	True	False
s1631	269	2	False	False
s387	5277	4	True	False
s104859	28	2	False	False
s114829	269	3	True	False
s4560	1	2	False	False
s4871	295	2	False	False
s143425	303	2	False	False
s105517	1867	4	True	False
s4142	52	2	False	False
s82195	57	2	False	False
s137977	1	2	False	False
s105268	7	2	False	False
s1080	8423	4	True	False
s1216	3	2	False	False
s4967	14	3	True	False
s482	64	4	True	False
s389	50368	4	True	False
s81896	125	2	False	False
s2434	328	2	False	False
s140431	52	2	False	False
s82373	3	2	False	False
s2194	169653	4	True	False
s4366	72332	4	True	False
s4423	861	2	False	False
s104949	72	2	False	False
s82505	52	2	False	False
s143346	20	2	False	False
s82996	920	2	False	False
s138348	4	2	False	False
s105100	50	2	False	False
s105569	562	2	False	False
s1062	2	2	False	False
s1052	53639	4	True	False
s1245	41	4	True	False
s132046	50	2	False	False
s82705	4	2	False	False
s1983	394462	4	True	False
s3550	67	4	True	False
s1317	40	4	True	False
s3389	32	2	False	False
s82855	681	3	True	False
s4344	117	4	True	False
s2617	320	2	False	False
s5023	161682	4	True	False
s4084	322358	4	True	False
s2970	5769	2	False	False
s1419	25036	4	True	False
s105004	66	3	True	False
s3057	3719	4	True	False
s115090	1582	2	False	False
s577	121	2	False	False
s3899	91995	4	True	False
s82166	818	4	True	False
s114720	36	2	False	False
s1487	3346	4	True	False
s5386	76	3	True	False
s2366	5	2	False	False
s114613	131	2	False	False
s3630	101054	4	True	False
s104927	5326	3	True	False
s2852	114919	4	True	False
s129188	89	2	False	False
s134696	2138	3	True	False
s1258	144	2	False	False
s4407	24249	4	True	False
s121120	49	3	True	False
s2211	14878	4	True	False
s129123	59	3	True	False
s81856	592	2	False	False
s502	6	2	False	False
s417	3896	4	True	False
s113	84	2	False	False
s82534	60	2	False	False
s82469	11	2	False	False
s121111	5	2	False	False
s488	2020	4	True	False
s3481	13284	4	True	False
s81916	152	2	False	False
s643	13962	4	True	False
s114723	61	3	True	False
s114689	50	3	True	False
s5422	262	4	True	False
s4017	220427	4	True	False
s109	98	2	False	False
s105126	90	4	True	False
s5208	3	2	False	False
s496	67	2	False	False
s82985	65	4	True	False
s1639	7	2	False	False
s132060	392	2	False	False
s2085	232050	4	True	False
s121011	10	2	False	False
s82576	58	2	False	False
s120787	121	2	False	False
s132009	115	2	False	False
s81851	73	2	False	False
s4253	977	2	False	False
s4757	89057	4	True	False
s4883	11592	4	True	False
s29	269	4	True	False
s3697	6180	4	True	False
s132015	2013	4	True	False
s82313	156	2	False	False
s104966	58	2	False	False
s114972	6	2	False	False
s105378	77	4	True	False
s821	88	4	True	False
s125465	150	2	False	False
s104849	42	3	True	False
s104876	172	4	True	False
s83201	1	2	False	False
s105192	1916	2	False	False
s114564	58	2	False	False
s4363	123	4	True	False
s1066	99910	4	True	False
s5438	11	4	True	False
s82197	910	2	False	False
s956	26551	4	True	False
s2005	149532	4	True	False
s82036	518	3	True	False
s121026	378	3	True	False
s138260	400	2	False	False
s4778	64120	4	True	False
s104965	115	2	False	False
s81501	253	2	False	False
s114636	152	3	True	False
s4035	76	3	True	False
s105520	297	2	False	False
s5349	107065	4	True	False
s81439	5	2	False	False
s53	173	4	True	False
s81398	354	2	False	False
s2319	333029	4	True	False
s114968	89	2	False	False
s132057	975	2	False	False
s134617	50	2	False	False
s115060	52	2	False	False
s4357	54188	4	True	False
s138219	292	2	False	False
s1359	88	2	False	False
s115089	1624	2	False	False
s816	28792	4	True	False
s137952	280	2	False	False
s1638	15	4	True	False
s3557	1830	2	False	False
s5077	87	2	False	False
s2599	8798	4	True	False
s105425	125	2	False	False
s81637	88	4	True	False
s140454	10	2	False	False
s4436	12659	4	True	False
s243	366	4	True	False
s81420	138	3	True	False
s105441	106	2	False	False
s81456	29	4	True	False
s82095	264	2	False	False
s1061	174	4	True	False
s3686	179345	4	True	False
s4054	12	2	False	False
s104890	79	2	False	False
s82397	68	2	False	False
s105164	260	4	True	False
s5049	54	2	False	False
s105338	280	2	False	False
s81827	85	2	False	False
s82044	248	3	True	False
s2586	50	2	False	False
s81529	802	3	True	False
s1168	446	4	True	False
s83335	10	2	False	False
s3922	64033	4	True	False
s115018	180	2	False	False
s120922	96	2	False	False
s5045	240	2	False	False
s82831	108	2	False	False
s2042	186	2	False	False
s82267	6	2	False	False
s3918	72435	4	True	False
s121049	562	2	False	False
s104942	140	2	False	False
s82052	585	3	True	False
s3811	101	2	False	False
s4743	1376	2	False	False
s1528	2	2	False	False
s1545	2875	4	True	False
s1452	244204	4	True	False
s120962	7988	2	False	False
s140516	175	2	False	False
s3509	82330	4	True	False
s5088	78	4	True	False
s115071	348	2	False	False
s143351	136	2	False	False
s143402	6125	2	False	False
s5160	167	3	True	False
s83058	99	2	False	False
s2551	17	2	False	False
s1669	144768	4	True	False
s114756	39	3	True	False
s115026	141	2	False	False
s83302	142	4	True	False
s2800	117	4	True	False
s105345	4	4	True	False
s137944	104	2	False	False
s105259	241	2	False	False
s953	25202	4	True	False
s2326	107284	4	True	False
s3037	7055	4	True	False
s5220	3	2	False	False
s736	2397	4	True	False
s82411	3	2	False	False
s83060	636	5	True	False
s5125	57	2	False	False
s1714	119	2	False	False
s4377	251767	4	True	False
s4999	3	2	False	False
s83130	1496	3	True	False
s114974	14	2	False	False
s104937	56	2	False	False
s82476	154	2	False	False
s125344	3543	3	True	False
s81495	180	2	False	False
s3448	104	2	False	False
s134647	519	2	False	False
s4139	53	2	False	False
s138288	112	2	False	False
s121129	77	2	False	False
s81677	148	4	True	False
s83306	11	3	True	False
s1105	40086	4	True	False
s138207	83	2	False	False
s5239	14	5	True	False
s688	2748	4	True	False
s81541	228	3	True	False
s81605	21	2	False	False
s131964	120	2	False	False
s3576	18574	4	True	False
s3216	431	8	True	False
s4245	3917	4	True	False
s5156	1	2	False	False
s4799	69699	4	True	False
s105029	76	2	False	False
s105590	1255	2	False	False
s121104	129	2	False	False
s140241	7	2	False	False
s82584	234	4	True	False
s121086	60	2	False	False
s82645	172	2	False	False
s129142	9	2	False	False
s4651	18	2	False	False
s82389	1	2	False	False
s81411	256	2	False	False
s3098	6	2	False	False
s120817	1	2	False	False
s4745	12797	4	True	False
s125346	1690	4	True	False
s3787	8	2	False	False
s114779	70	2	False	False
s2957	1	2	False	False
s105349	1405	3	True	False
s104931	314	2	False	False
s114772	10	4	True	False
s134690	5	2	False	False
s82183	87	2	False	False
s82174	100	2	False	False
s1260	2330	4	True	False
s120786	145	2	False	False
s131985	195	2	False	False
s114558	77	2	False	False
s1087	18269	2	False	False
s2323	142	4	True	False
s546	530	3	True	False
s3252	96	3	True	False
s5387	5	3	True	False
s5381	8	3	True	False
s81698	31	3	True	False
s125535	376	2	False	False
s652	20	2	False	False
s81984	320	2	False	False
s121025	1	2	False	False
s81927	19	4	True	False
s182	6	3	True	False
s125425	94	2	False	False
s1878	93088	5	True	False
s134646	9	2	False	False
s2898	25952	4	True	False
s4289	61129	4	True	False
s2967	81	2	False	False
s125432	536	2	False	False
s104905	54	2	False	False
s3876	102	2	False	False
s82400	202	4	True	False
s1238	76	2	False	False
s105289	187	3	True	False
s143366	22	2	False	False
s2896	83695	4	True	False
s115011	50	2	False	False
s83091	344	3	True	False
s131899	19	2	False	False
s4707	108	2	False	False
s81889	261	2	False	False
s105466	102	7	True	False
s2015	184853	4	True	False
s2039	30408	4	True	False
s82078	127	2	False	False
s114666	580	4	True	False
s4587	63	3	True	False
s82837	243	2	False	False
s82838	334	2	False	False
s2723	172132	4	True	False
s2460	160641	4	True	False
s3441	4	2	False	False
s140503	203	2	False	False
s4133	1540	4	True	False
s82959	69	3	True	False
s435	16914	4	True	False
s120794	6053	2	False	False
s81600	27	2	False	False
s120878	50	2	False	False
s139625	21	2	False	False
s81634	332	2	False	False
s143365	11	2	False	False
s114563	105	2	False	False
s129035	72	3	True	False
s105525	85	2	False	False
s140233	90	2	False	False
s105231	180	2	False	False
s114716	77	2	False	False
s2168	14585	4	True	False
s986	10914	4	True	False
s129067	2920	2	False	False
s82761	36	3	True	False
s140443	2352	2	False	False
s3953	83	2	False	False
s125541	68	3	True	False
s114919	5180	3	True	False
s140515	1	2	False	False
s873	298	2	False	False
s121076	71	3	True	False
s83208	73	3	True	False
s129176	70	2	False	False
s221	19787	4	True	False
s134625	81	2	False	False
s5284	1	2	False	False
s3269	1782	3	True	False
s140224	836	2	False	False
s134685	1	2	False	False
s1046	52	2	False	False
s5362	60	2	False	False
s3365	334	2	False	False
s82425	12	3	True	False
s138298	67	2	False	False
s114783	253	2	False	False
s287	44	4	True	False
s114953	360	2	False	False
s2923	284	2	False	False
s633	2075	4	True	False
s4396	72003	5	True	False
s2928	59	2	False	False
s120822	74	2	False	False
s3145	10	4	True	False
s138287	21	2	False	False
s83333	390	2	False	False
s83055	100	4	True	False
s82498	965	2	False	False
s81908	175	3	True	False
s121154	315	2	False	False
s5259	20787	5	True	False
s4848	69	2	False	False
s82842	691	2	False	False
s5181	622	4	True	False
s4514	16	3	True	False
s5212	691	3	True	False
s121140	58	2	False	False
s105198	318	2	False	False
s81435	64	2	False	False
s4982	141423	4	True	False
s83107	5	2	False	False
s3354	307674	4	True	False
s1899	336	2	False	False
s82300	6931	3	True	False
s5221	31175	4	True	False
s386	85	2	False	False
s2068	4	2	False	False
s105334	63	2	False	False
s129166	81	2	False	False
s104930	322	2	False	False
s82327	177	4	True	False
s134652	1	2	False	False
s24	22	2	False	False
s1263	83887	4	True	False
s3570	940	4	True	False
s3513	15770	4	True	False
s138314	377	2	False	False
s81557	54	2	False	False
s114570	178	2	False	False
s3014	674	2	False	False
s3327	30131	4	True	False
s690	9048	4	True	False
s81486	169	2	False	False
s125403	192	2	False	False
s129039	52	2	False	False
s143382	58	2	False	False
s2745	119	2	False	False
s1707	309	2	False	False
s3451	119	3	True	False
s1371	166	4	True	False
s5285	1605	4	True	False
s121148	315	2	False	False
s3724	179520	4	True	False
s1222	37	3	True	False
s3293	1768	3	True	False
s82133	49	2	False	False
s82026	60	2	False	False
s105342	588	3	True	False
s1630	53640	4	True	False
s3531	316	2	False	False
s105728	283	2	False	False
s1627	6	3	True	False
s3167	947	4	True	False
s4522	182	2	False	False
s84	13073	4	True	False
s82448	328	3	True	False
s5373	2	2	False	False
s134681	213	2	False	False
s2933	63503	4	True	False
s105143	67	2	False	False
s81519	234	2	False	False
s143376	7	2	False	False
s82653	90	4	True	False
s3302	1761	4	True	False
s121092	123	2	False	False
s1504	16	4	True	False
s3716	3	2	False	False
s1845	7325	4	True	False
s105091	72	3	True	False
s3841	64851	4	True	False
s5016	531	4	True	False
s120931	237	2	False	False
s83137	1184	3	True	False
s974	189982	4	True	False
s1192	38	3	True	False
s159	1	2	False	False
s105147	1393	2	False	False
s137989	159	2	False	False
s1153	184	2	False	False
s4	360	4	True	False
s82636	263	2	False	False
s125566	1	2	False	False
s3018	5	2	False	False
s1856	52	2	False	False
s82257	198	2	False	False
s1162	213	2	False	False
s140457	7	2	False	False
s131954	72	2	False	False
s140421	26	2	False	False
s121185	3216	2	False	False
s5385	48	4	True	False
s114933	1244	4	True	False
s705	19657	4	True	False
s4115	200	4	True	False
s137951	6688	2	False	False
s1828	21750	4	True	False
s2421	33088	4	True	False
s3257	41	3	True	False
s1530	171	4	True	False
s3583	320	2	False	False
s514	441	2	False	False
s4439	721	4	True	False
s3940	167	4	True	False
s3253	150	3	True	False
s83210	244	2	False	False
s1922	178691	4	True	False
s1265	127158	4	True	False
s131888	95	2	False	False
s81881	389	4	True	False
s1566	10	3	True	False
s890	2445	4	True	False
s2371	51	2	False	False
s140245	134	2	False	False
s105597	1	2	False	False
s129241	1624	2	False	False
s82563	1013	2	False	False
s1041	159	3	True	False
s3135	11	2	False	False
s142607	101	2	False	False
s4873	69570	4	True	False
s1671	15380	4	True	False
s5436	53	3	True	False
s81593	69	2	False	False
s262	12	2	False	False
s3393	29166	4	True	False
s131987	739	2	False	False
s138310	1	2	False	False
s143327	118	2	False	False
s131878	9	2	False	False
s2435	276124	4	True	False
s134758	112	2	False	False
s82428	11	2	False	False
s81544	1697	2	False	False
s2034	9313	4	True	False
s129050	1572	2	False	False
s554	92	2	False	False
s1889	10	4	True	False
s82899	10	3	True	False
s82748	93	3	True	False
s366	131	3	True	False
s81611	327	2	False	False
s185	329	3	True	False
s2436	93	2	False	False
s2625	4715	4	True	False
s4029	227	2	False	False
s81640	30	2	False	False
s121001	97	2	False	False
s2344	95	2	False	False
s82449	1298	3	True	False
s1483	29277	4	True	False
s139630	67	2	False	False
s3619	118	2	False	False
s14	58	2	False	False
s137932	6	2	False	False
s4586	1	3	True	False
s81757	102	2	False	False
s82523	49	3	True	False
s3027	18388	4	True	False
s648	335	2	False	False
s132048	646	2	False	False
s4269	18549	2	False	False
s82633	76	4	True	False
s616	15	2	False	False
s129084	105	2	False	False
s2656	478771	4	True	False
s1345	319	4	True	False
s2483	183	3	True	False
s82709	770	2	False	False
s140275	311	2	False	False
s104873	171	2	False	False
s2342	10	2	False	False
s2512	171074	4	True	False
s105672	93	2	False	False
s132083	1	2	False	False
s81494	18	4	True	False
s83063	5	3	True	False
s118	1297	4	True	False
s132026	64	3	True	False
s82247	288	4	True	False
s143405	177	2	False	False
s1819	438863	4	True	False
s4716	32	5	True	False
s91	3053	4	True	False
s2507	3	2	False	False
s858	52	2	False	False
s4840	75	2	False	False
s114777	6249	2	False	False
s938	125	3	True	False
s81689	117	2	False	False
s140521	350	2	False	False
s114881	5482	3	True	False
s114719	226	3	True	False
s2296	395650	4	True	False
s3436	254183	4	True	False
s99	39	4	True	False
s282	72	3	True	False
s988	48244	4	True	False
s2183	412	2	False	False
s4476	26790	4	True	False
s82454	140	3	True	False
s105388	4134	4	True	False
s2536	24408	4	True	False
s82992	280	4	True	False
s131921	1	2	False	False
s4180	1	4	True	False
s114762	3	2	False	False
s81770	73	4	True	False
s3065	16570	4	True	False
s105572	1370	2	False	False
s81414	102	2	False	False
s83041	33	3	True	False
s105092	1	2	False	False
s5151	278	4	True	False
s5310	81	2	False	False
s81490	279	2	False	False
s125575	18	2	False	False
s401	59	4	True	False
s5035	70	2	False	False
s1508	47836	4	True	False
s1895	22	4	True	False
s134775	37	3	True	False
s2304	55840	4	True	False
s125354	6291	2	False	False
s105748	56	2	False	False
s134768	55	2	False	False
s1124	5151	4	True	False
s120976	126	2	False	False
s131986	260	2	False	False
s5203	259	4	True	False
s114887	426	4	True	False
s2284	63	4	True	False
s2259	149659	4	True	False
s82910	748	4	True	False
s105536	1443	3	True	False
s434	85	3	True	False
s82114	70	3	True	False
s3263	279990	4	True	False
s5186	3	3	True	False
s739	4815	4	True	False
s114550	24	3	True	False
s143332	480	2	False	False
s105717	55	2	False	False
s3578	3366	4	True	False
s1083	50000	2	False	False
s3475	64586	4	True	False
s81779	174	4	True	False
s257	65	4	True	False
s83250	33	3	True	False
s125402	330	2	False	False
s1981	138078	4	True	False
s2614	1315	4	True	False
s140478	293	2	False	False
s1123	7	2	False	False
s82239	1	2	False	False
s471	763	4	True	False
s954	255885	4	True	False
s740	43010	4	True	False
s694	38	4	True	False
s1264	178	2	False	False
s1614	136	2	False	False
s82859	270	2	False	False
s3395	54	4	True	False
s4698	143610	4	True	False
s138300	1995	4	True	False
s81775	162	2	False	False
s2958	55830	4	True	False
s105726	60	2	False	False
s105571	3778	4	True	False
s129069	88	2	False	False
s501	447	4	True	False
s1116	380220	4	True	False
s120999	1	2	False	False
s105291	784	2	False	False
s114600	130	2	False	False
s125369	14	2	False	False
s2087	146438	4	True	False
s2830	22761	4	True	False
s125514	1	2	False	False
s120905	470	2	False	False
s3589	8	2	False	False
s138210	126	2	False	False
s81399	54	2	False	False
s1934	54	2	False	False
s121181	171	2	False	False
s294	44858	4	True	False
s129099	56	2	False	False
s352	58	2	False	False
s3597	115	4	True	False
s125385	6	2	False	False
s572	1736	4	True	False
s3004	1880	4	True	False
s3361	72752	4	True	False
s105715	70	2	False	False
s82961	67	3	True	False
s105313	896	3	True	False
s121113	274	2	False	False
s1700	191451	4	True	False
s81906	96	2	False	False
s5158	328	5	True	False
s1270	18345	4	True	False
s121072	128	2	False	False
s2116	1	4	True	False
s121180	61	2	False	False
s997	8018	4	True	False
s213	52	3	True	False
s140258	128	2	False	False
s134658	19	3	True	False
s83211	52	3	True	False
s105432	15	4	True	False
s1127	38	2	False	False
s374	7	3	True	False
s4101	280505	4	True	False
s2450	242721	4	True	False
s105447	64	2	False	False
s959	41	3	True	False
s4240	317	2	False	False
s4833	44106	4	True	False
s83108	459	5	True	False
s804	16620	6	True	False
s114846	71	2	False	False
s121083	10	3	True	False
s81825	1	2	False	False
s131994	75	2	False	False
s120884	1	2	False	False
s3919	1932	2	False	False
s5235	7	3	True	False
s83085	93	4	True	False
s104929	190	2	False	False
s125357	3721	3	True	False
s2759	165	2	False	False
s4034	23811	4	True	False
s82350	83	2	False	False
s105792	117	2	False	False
s82344	320	2	False	False
s139624	82	2	False	False
s82246	10	2	False	False
s4625	2904	4	True	False
s114748	50	2	False	False
s114526	418	2	False	False
s4980	43	4	True	False
s1930	145469	5	True	False
s105193	57	2	False	False
s105722	72	3	True	False
s82010	18	2	False	False
s125356	138	4	True	False
s105047	52	2	False	False
s3924	67058	4	True	False
s105346	313	4	True	False
s125378	17	2	False	False
s83322	183	3	True	False
s2300	29083	4	True	False
s2399	62	2	False	False
s121048	86	2	False	False
s83343	47	2	False	False
s3126	10	3	True	False
s115012	107	2	False	False
s82490	389	2	False	False
s2437	58641	4	True	False
s120746	1	2	False	False
s813	88	3	True	False
s3584	134083	4	True	False
s4131	179	2	False	False
s5278	221	4	True	False
s5401	5	3	True	False
s114967	172	3	True	False
s3929	81	2	False	False
s82879	69	2	False	False
s140465	91	2	False	False
s134618	435	2	False	False
s5139	30	3	True	False
s140500	158	2	False	False
s3248	41	3	True	False
s4192	49131	4	True	False
s406	7365	4	True	False
s889	12615	4	True	False
s82792	444	2	False	False
s1563	11	3	True	False
s114758	1	2	False	False
s81358	162	2	False	False
s121172	16	2	False	False
s2777	35703	4	True	False
s114691	321	2	False	False
s4937	1	2	False	False
s709	5188	4	True	False
s120754	364	2	False	False
s751	192	2	False	False
s2292	28327	4	True	False
s81800	3121	2	False	False
s3807	58	2	False	False
s83287	7	3	True	False
s2877	190888	4	True	False
s81362	2684	2	False	False
s114549	85	2	False	False
s507	66	4	True	False
s4661	185829	4	True	False
s104947	77	2	False	False
s115038	58	2	False	False
s129180	97	2	False	False
s120961	243	2	False	False
s3603	177	4	True	False
s82028	170	2	False	False
s82669	253	4	True	False
s105123	70	2	False	False
s4615	152694	3	True	False
s476	562	2	False	False
s105487	172	2	False	False
s765	2733	4	True	False
s105752	53	2	False	False
s81540	1	2	False	False
s114665	60	2	False	False
s82184	455	2	False	False
s105310	82	3	True	False
s2397	15	2	False	False
s870	60	3	True	False
s81707	50	2	False	False
s3878	3	2	False	False
s105718	145	3	True	False
s2369	255645	4	True	False
s114776	364	2	False	False
s2571	69	2	False	False
s5132	181	2	False	False
s105684	619	4	True	False
s1056	33429	4	True	False
s105127	18	3	True	False
s1195	56794	4	True	False
s140409	125	2	False	False
s104845	92	2	False	False
s1907	22938	4	True	False
s3879	227	4	True	False
s81454	62	2	False	False
s2266	283	2	False	False
s140510	61	2	False	False
s105167	62	2	False	False
s5211	26054	4	True	False
s4795	144	2	False	False
s3224	63275	4	True	False
s137942	71	2	False	False
s2661	67	2	False	False
s140473	88	2	False	False
s82470	21	3	True	False
s125358	1002	3	True	False
s4834	4493	4	True	False
s1249	855	4	True	False
s3137	457	2	False	False
s3054	11	2	False	False
s2072	37614	4	True	False
s4901	47318	4	True	False
s125373	113	2	False	False
s1591	129	2	False	False
s1369	1	2	False	False
s129058	70	2	False	False
s5128	188	2	False	False
s1302	43	4	True	False
s2470	7983	4	True	False
s114761	57	2	False	False
s4031	14	2	False	False
s4638	172014	5	True	False
s5149	7734	4	True	False
s815	82	3	True	False
s121145	483	2	False	False
s82745	59	4	True	False
s81560	11	3	True	False
s132020	90	4	True	False
s578	3561	4	True	False
s115001	725	2	False	False
s82043	16	3	True	False
s3725	60	2	False	False
s1033	147586	4	True	False
s114900	1104	2	False	False
s3689	6125	4	True	False
s3941	259437	4	True	False
s105532	255	4	True	False
s83074	128	4	True	False
s120876	102	2	False	False
s132049	59	2	False	False
s81669	22	3	True	False
s3579	449	2	False	False
s2231	44615	4	True	False
s1643	51	3	True	False
s41	182	3	True	False
s3270	1574	3	True	False
s132001	363	2	False	False
s2709	49681	4	True	False
s120841	354	2	False	False
s137987	623	2	False	False
s82466	207	4	True	False
s3124	401	8	True	False
s1659	1543	2	False	False
s3660	65683	4	True	False
s5356	326	2	False	False
s81585	200	2	False	False
s2954	222	2	False	False
s299	1394	2	False	False
s82047	1	2	False	False
s5024	141	3	True	False
s132021	421	2	False	False
s3379	105690	4	True	False
s4186	166683	4	True	False
s82736	4	2	False	False
s2094	6094	2	False	False
s603	63	2	False	False
s82883	84	3	True	False
s121051	2	2	False	False
s81814	2116	2	False	False
s831	50	2	False	False
s1781	187	4	True	False
s121190	37	3	True	False
s2578	452643	4	True	False
s138270	158	2	False	False
s82399	68	4	True	False
s81785	197	2	False	False
s2774	6	2	False	False
s121195	98	2	False	False
s131977	284	2	False	False
s82638	52	3	True	False
s65	154	4	True	False
s4430	13541	4	True	False
s585	97	4	True	False
s2118	383265	4	True	False
s2123	2	2	False	False
s115080	30	2	False	False
s105781	25	2	False	False
s1252	259614	4	True	False
s439	812	4	True	False
s5093	193	3	True	False
s1835	6	2	False	False
s939	194977	4	True	False
s3165	42	4	True	False
s1439	4809	2	False	False
s83006	1	2	False	False
s2503	47022	4	True	False
s4538	38100	4	True	False
s3607	225583	4	True	False
s116	54	4	True	False
s129100	51	2	False	False
s105058	108	2	False	False
s82989	1482	3	True	False
s3255	49	4	True	False
s4049	77554	4	True	False
s143421	336	2	False	False
s134789	434	2	False	False
s622	4554	3	True	False
s115070	132	2	False	False
s2695	6181	3	True	False
s138308	7	2	False	False
s114620	146	2	False	False
s665	124	3	True	False
s3169	5536	4	True	False
s115037	116	4	True	False
s4072	418000	4	True	False
s4089	32338	3	True	False
s140401	476	2	False	False
s105284	372	3	True	False
s4433	267	4	True	False
s2328	48124	4	True	False
s82106	96	2	False	False
s2390	17811	4	True	False
s82123	54	2	False	False
s4882	434	2	False	False
s131935	249	2	False	False
s129229	76	2	False	False
s114604	66	2	False	False
s81616	2207	2	False	False
s2671	4	2	False	False
s4797	17513	4	True	False
s2810	67	2	False	False
s535	156	2	False	False
s5326	29	4	True	False
s2761	91	4	True	False
s129223	32	2	False	False
s82624	60	4	True	False
s140537	71	2	False	False
s83134	365	3	True	False
s83241	270	2	False	False
s5013	97494	4	True	False
s827	2944	5	True	False
s81412	7473	2	False	False
s4037	140527	4	True	False
s120752	120	2	False	False
s5003	66	2	False	False
s121173	53	3	True	False
s82834	718	2	False	False
s3990	425086	4	True	False
s105176	68	2	False	False
s3344	22826	3	True	False
s631	1	3	True	False
s1375	82433	4	True	False
s83161	98	2	False	False
s987	55368	4	True	False
s129059	331	2	False	False
s3023	10276	4	True	False
s3444	1	2	False	False
s139631	134	2	False	False
s82151	12	2	False	False
s1728	44	4	True	False
s1871	99	2	False	False
s82130	50	2	False	False
s3002	160	2	False	False
s166	268	2	False	False
s4206	79198	4	True	False
s5081	190	3	True	False
s82652	3	4	True	False
s3421	57	3	True	False
s4694	34451	4	True	False
s81828	318	2	False	False
s4330	80744	4	True	False
s114875	3916	4	True	False
s81938	177	2	False	False
s4045	253	3	True	False
s82039	96	2	False	False
s3100	9	4	True	False
s114809	77	2	False	False
s334	52	4	True	False
s2562	681259	4	True	False
s131952	368	3	True	False
s2972	56	2	False	False
s138358	2	3	True	False
s3041	142	2	False	False
s82229	2	2	False	False
s4817	4	2	False	False
s140420	36	2	False	False
s491	436	4	True	False
s125494	103	2	False	False
s333	11	2	False	False
s115086	3188	4	True	False
s408	9	3	True	False
s105736	245	2	False	False
s134688	386	2	False	False
s5333	177585	4	True	False
s2045	21	3	True	False
s105320	75	2	False	False
s96479	144	2	False	False
s3322	25315	4	True	False
s3261	31593	5	True	False
s143403	374	2	False	False
s83202	121	3	True	False
s81376	23	2	False	False
s2565	112531	4	True	False
s4425	87	2	False	False
s82169	302	3	True	False
s3977	64	4	True	False
s83105	190	4	True	False
s138301	61	2	False	False
s83166	132	4	True	False
s114965	16	3	True	False
s125399	1	2	False	False
s104995	316	2	False	False
s82600	55	2	False	False
s125470	53	2	False	False
s134797	421	5	True	False
s143334	562	2	False	False
s1381	6	2	False	False
s131882	58	2	False	False
s3049	507	2	False	False
s121161	21293	2	False	False
s129214	1	2	False	False
s82517	316	4	True	False
s114920	12704	4	True	False
s114739	74	2	False	False
s131886	108	2	False	False
s143396	967	2	False	False
s272	13	3	True	False
s3093	498	5	True	False
s115074	50	2	False	False
s114565	1	2	False	False
s523	122	2	False	False
s1710	1	2	False	False
s82378	1	2	False	False
s105200	134	2	False	False
s125	114	3	True	False
s3971	981	2	False	False
s132073	270	2	False	False
s5399	278	2	False	False
s82886	135	2	False	False
s5192	56	2	False	False
s660	79	2	False	False
s3305	1414	3	True	False
s296	80	4	True	False
s1665	3433	4	True	False
s2050	65187	4	True	False
s3394	72	2	False	False
s105335	82	2	False	False
s129178	118	2	False	False
s138266	5	2	False	False
s131901	167	2	False	False
s753	73	2	False	False
s125421	77	2	False	False
s3046	6412	4	True	False
s121053	64	2	False	False
s105314	52	2	False	False
s3230	285	4	True	False
s1597	132998	4	True	False
s140403	60	2	False	False
s1119	109	4	True	False
s82165	111	2	False	False
s132076	99	2	False	False
s682	4828	4	True	False
s105149	1625	2	False	False
s2367	27437	4	True	False
s5400	37739	4	True	False
s5247	234	2	False	False
s1733	382621	4	True	False
s4666	77641	4	True	False
s139637	143	2	False	False
s82182	96	2	False	False
s481	17	4	True	False
s83040	224	2	False	False
s1772	84	2	False	False
s114816	370	2	False	False
s2144	58	2	False	False
s105235	409	2	False	False
s4839	62942	4	True	False
s4645	8	2	False	False
s3298	55	2	False	False
s937	72	3	True	False
s3837	311610	4	True	False
s81758	113	2	False	False
s2341	1002	4	True	False
s104963	305	2	False	False
s138336	26	3	True	False
s137953	67	2	False	False
s5006	5903	4	True	False
s1837	51761	4	True	False
s114960	82	3	True	False
s737	3975	4	True	False
s3102	260	4	True	False
s81847	179	3	True	False
s83218	47	3	True	False
s396	87	2	False	False
s114844	106	2	False	False
s3836	1032	4	True	False
s4026	303976	4	True	False
s82150	55	3	True	False
s120796	129	2	False	False
s83052	31	4	True	False
s114727	71	3	True	False
s81971	251	3	True	False
s1485	1603	2	False	False
s81878	37	4	True	False
s2922	106714	4	True	False
s1925	318	2	False	False
s587	14	4	True	False
s82744	157	4	True	False
s4581	24	2	False	False
s105032	77	2	False	False
s125607	62	3	True	False
s105559	164	4	True	False
s1034	1299	2	False	False
s4766	103	2	False	False
s82403	68	3	True	False
s4175	174	4	True	False
s81539	389	3	True	False
s81686	49	3	True	False
s802	45	4	True	False
s115030	232	2	False	False
s4442	119	2	False	False
s105793	61	2	False	False
s4426	338013	4	True	False
s4760	310	2	False	False
s105804	1171	4	True	False
s391	18510	4	True	False
s3287	686	5	True	False
s81767	15	2	False	False
s2539	814	2	False	False
s115081	31	2	False	False
s5234	13	2	False	False
s1995	136	3	True	False
s1693	55	2	False	False
s2632	171	4	True	False
s1139	89428	4	True	False
s3033	34432	4	True	False
s137967	1	2	False	False
s2529	144	2	False	False
s2844	4538	4	True	False
s1183	317056	4	True	False
s3818	249360	4	True	False
s1427	30127	4	True	False
s81759	76	2	False	False
s4986	84214	4	True	False
s2628	46344	4	True	False
s4082	277	2	False	False
s140219	8112	2	False	False
s121031	81	2	False	False
s105271	466	2	False	False
s1548	60	2	False	False
s5331	78	4	True	False
s412	24946	4	True	False
s82447	42	3	True	False
s134777	29	4	True	False
s571	588	2	False	False
s100	4436	4	True	False
s82673	12	2	False	False
s16	4911	4	True	False
s105585	317	4	True	False
s82250	2	3	True	False
s131970	89	2	False	False
s134727	2	2	False	False
s5147	558	4	True	False
s731	79	3	True	False
s2657	330	2	False	False
s120834	97	2	False	False
s285	445	4	True	False
s3123	141	2	False	False
s105480	1141	5	True	False
s429	207	2	False	False
s3202	291	4	True	False
s1815	131427	4	True	False
s2438	717	2	False	False
s2567	34617	4	True	False
s2577	59	2	False	False
s3162	752	3	True	False
s114597	60	2	False	False
s82458	8	2	False	False
s134701	114	2	False	False
s3295	31	2	False	False
s2078	30799	4	True	False
s2406	131	2	False	False
s5189	6611	4	True	False
s140529	117	2	False	False
s105499	1449	3	True	False
s2992	38	2	False	False
s83094	156	3	True	False
s4658	102	4	True	False
s115005	109	2	False	False
s5116	31840	4	True	False
s2469	873	2	False	False
s2258	62	2	False	False
s81622	68	2	False	False
s114835	11	2	False	False
s105305	237	2	False	False
s114664	170	3	True	False
s105513	235	3	True	False
s4677	61815	4	True	False
s3765	57975	4	True	False
s4609	19859	4	True	False
s121082	115	2	False	False
s82922	84	3	True	False
s138317	76	2	False	False
s1426	24598	4	True	False
s143355	94	2	False	False
s82445	18	3	True	False
s1409	70323	2	False	False
s134756	4	2	False	False
s104798	5	2	False	False
s2980	1052222	4	True	False
s592	50	2	False	False
s140504	67	2	False	False
s132036	2	3	True	False
s114553	275	4	True	False
s2200	333597	4	True	False
s105049	71	2	False	False
s83336	85	2	False	False
s1081	5	2	False	False
s82581	297	2	False	False
s81355	22	5	True	False
s82656	117	3	True	False
s5439	77	4	True	False
s82059	93	2	False	False
s2249	96	3	True	False
s83276	43	3	True	False
s5369	94	2	False	False
s105072	62	2	False	False
s904	59	4	True	False
s823	171	4	True	False
s2496	283	2	False	False
s82223	64	2	False	False
s2956	425998	4	True	False
s81763	1	2	False	False
s131939	86	2	False	False
s3372	9	3	True	False
s4359	2	2	False	False
s4221	113	3	True	False
s410	3990	4	True	False
s89	26	3	True	False
s105594	74	5	True	False
s105662	691	2	False	False
s3580	104287	4	True	False
s3117	2	2	False	False
s120925	1	2	False	False
s114922	537	2	False	False
s935	34046	4	True	False
s3067	12047	4	True	False
s3195	4488	4	True	False
s312	518	3	True	False
s83075	217	4	True	False
s143342	4	2	False	False
s134757	96	2	False	False
s82766	340	2	False	False
s81709	56	2	False	False
s338	174	2	False	False
s3493	34494	4	True	False
s1990	135028	4	True	False
s1723	102043	4	True	False
s82367	3836	2	False	False
s82974	850	3	True	False
s190	14	3	True	False
s125410	2047	2	False	False
s563	91	2	False	False
s946	1455	2	False	False
s82221	98	2	False	False
s82953	120	5	True	False
s4294	72	2	False	False
s61	1	4	True	False
s132062	483	2	False	False
s81996	6	2	False	False
s4938	59739	4	True	False
s83324	252	4	True	False
s143338	13	2	False	False
s82324	165	3	True	False
s4630	63	2	False	False
s134668	56	2	False	False
s1063	55	4	True	False
s143336	113	2	False	False
s848	188	4	True	False
s82812	206	3	True	False
s129045	15	2	False	False
s125500	327	2	False	False
s134732	101	2	False	False
s82754	93	2	False	False
s142610	467	2	False	False
s5134	32420	4	True	False
s121069	351	3	True	False
s83081	182	2	False	False
s134662	105	2	False	False
s82560	239	3	True	False
s82942	471	2	False	False
s131983	236	2	False	False
s1154	480	4	True	False
s2920	488776	4	True	False
s82757	79	2	False	False
s82171	165	2	False	False
s4702	54	2	False	False
s82326	1	2	False	False
s2946	188	3	True	False
s320	24450	3	True	False
s2881	10479	4	True	False
s2935	67497	4	True	False
s1762	161691	4	True	False
s4069	1	2	False	False
s991	109	3	True	False
s121023	34	2	False	False
s2876	154341	4	True	False
s1612	24320	4	True	False
s81930	160	4	True	False
s4076	49	5	True	False
s140476	64	2	False	False
s4678	34664	4	True	False
s120913	241	2	False	False
s4015	35717	4	True	False
s81723	15	2	False	False
s2263	78	2	False	False
s1169	10	3	True	False
s2945	90317	4	True	False
s131887	188	3	True	False
s504	40	3	True	False
s729	2	3	True	False
s1244	134398	4	True	False
s81768	225	3	True	False
s4006	27	3	True	False
s1511	125	2	False	False
s82299	91998	2	False	False
s66	121	3	True	False
s81970	1	2	False	False
s180	240	4	True	False
s3684	51	3	True	False
s5351	40588	4	True	False
s131937	139	2	False	False
s125462	129	3	True	False
s4734	1	2	False	False
s105708	44	3	True	False
s3280	686	7	True	False
s82064	135	2	False	False
s2648	1571	4	True	False
s105000	404	2	False	False
s1881	8	4	True	False
s1850	479129	4	True	False
s1722	43041	4	True	False
s105166	1209	2	False	False
s125347	1	2	False	False
s3825	64	2	False	False
s105497	2328	6	True	False
s4314	146	2	False	False
s120835	426	4	True	False
s83249	123	2	False	False
s2424	218651	4	True	False
s2058	157756	4	True	False
s121196	319	2	False	False
s82692	145	2	False	False
s105365	843	2	False	False
s125406	3819	2	False	False
s3062	685	2	False	False
s82803	110	4	True	False
s2466	22424	4	True	False
s3214	686	7	True	False
s402	110	4	True	False
s1210	78789	4	True	False
s2473	120	2	False	False
s114599	2	2	False	False
s750	16182	4	True	False
s81463	3	2	False	False
s140498	90	2	False	False
s1424	105417	4	True	False
s121146	57	2	False	False
s5073	23686	4	True	False
s83184	94	3	True	False
s140441	129	2	False	False
s4953	91	2	False	False
s105524	387	3	True	False
s4306	353	2	False	False
s82471	218	3	True	False
s82307	465	2	False	False
s880	63	2	False	False
s2760	3913	5	True	False
s4517	79738	4	True	False
s140407	1	2	False	False
s1094	4415	3	True	False
s5051	43851	4	True	False
s5171	47610	4	True	False
s1161	933	4	True	False
s703	9336	4	True	False
s105725	120	2	False	False
s2451	47097	4	True	False
s82676	10	2	False	False
s5334	37823	4	True	False
s114983	193	2	False	False
s114948	117	2	False	False
s3585	43680	4	True	False
s598	119	2	False	False
s81664	69	2	False	False
s796	58	3	True	False
s1076	752	4	True	False
s134666	2800	2	False	False
s105364	2823	4	True	False
s121189	327	3	True	False
s4337	1947	2	False	False
s105013	6	2	False	False
s82258	280	2	False	False
s629	23	3	True	False
s2758	208534	4	True	False
s105546	480	2	False	False
s1811	30769	4	True	False
s125622	7	2	False	False
s83152	6	2	False	False
s251	196	3	True	False
s1423	63	2	False	False
s1460	1	2	False	False
s104869	90	2	False	False
s1918	50983	4	True	False
s2069	727452	6	True	False
s81840	97	3	True	False
s4161	107973	4	True	False
s81865	5279	2	False	False
s621	22993	4	True	False
s81545	220	2	False	False
s81776	97	2	False	False
s105088	1	2	False	False
s129210	113	3	True	False
s125546	1	2	False	False
s353	41	3	True	False
s137950	11172	2	False	False
s398	39	3	True	False
s143404	99	2	False	False
s2383	315	4	True	False
s105318	104	2	False	False
s1559	66498	4	True	False
s1019	23999	4	True	False
s81683	50	3	True	False
s560	49510	2	False	False
s125610	244	2	False	False
s82538	1021	2	False	False
s140481	29	2	False	False
s2324	76505	4	True	False
s114822	357	3	True	False
s2134	40347	4	True	False
s82215	1588	3	True	False
s4293	343745	4	True	False
s3074	67	2	False	False
s3511	139340	4	True	False
s4120	16310	4	True	False
s2994	88	2	False	False
s4011	34726	4	True	False
s2474	106941	4	True	False
s105450	1004	3	True	False
s114808	133	2	False	False
s140448	311	2	False	False
s139609	69	2	False	False
s105087	1183	2	False	False
s1598	2558	2	False	False
s105019	324	2	False	False
s966	169	2	False	False
s121183	19	2	False	False
s138280	207	2	False	False
s1729	54	2	False	False
s442	295	4	True	False
s125476	34	2	False	False
s4728	184	2	False	False
s105042	56	2	False	False
s143420	11	2	False	False
s131883	52	2	False	False
s1996	9839	4	True	False
s82270	4145	2	False	False
s125530	57	2	False	False
s500	642	3	True	False
s82596	62	2	False	False
s105704	75	3	True	False
s81483	165	2	False	False
s125383	70	2	False	False
s125620	680	2	False	False
s125558	56	2	False	False
s131903	80	2	False	False
s81555	40	2	False	False
s81609	84	3	True	False
s3635	290	2	False	False
s105467	115	2	False	False
s81357	18	4	True	False
s104950	62	2	False	False
s125483	91	2	False	False
s2563	84	2	False	False
s83047	311	6	True	False
s167	274	4	True	False
s82292	5	3	True	False
s242	163	4	True	False
s104888	110	2	False	False
s81638	79	2	False	False
s105504	860	4	True	False
s4150	46408	4	True	False
s3544	5465	4	True	False
s143350	59	2	False	False
s105219	257	4	True	False
s81576	413	4	True	False
s134780	273	4	True	False
s4094	10786	4	True	False
s2140	2490	4	True	False
s115052	57	2	False	False
s3651	59617	4	True	False
s82069	113	2	False	False
s2548	36594	4	True	False
s913	21	3	True	False
s114646	236	2	False	False
s3669	114802	4	True	False
s82845	90	2	False	False
s115007	9	2	False	False
s1200	27	3	True	False
s82337	79	4	True	False
s1701	262	2	False	False
s82398	135	4	True	False
s82772	650	4	True	False
s4137	3	2	False	False
s4255	76	3	True	False
s2823	21	2	False	False
s82651	393	3	True	False
s4056	3207	2	False	False
s138216	54	2	False	False
s83059	37	5	True	False
s125486	101	3	True	False
s2584	5	2	False	False
s82646	204	2	False	False
s129079	144	2	False	False
s2356	25431	4	True	False
s2707	95441	4	True	False
s120888	61	2	False	False
s125520	1	2	False	False
s81535	173	3	True	False
s3168	331	2	False	False
s4024	107	2	False	False
s3450	41499	4	True	False
s759	665	4	True	False
s1935	153487	4	True	False
s4509	49681	4	True	False
s2997	313856	4	True	False
s3558	1590	4	True	False
s3567	42440	4	True	False
s83069	8	2	False	False
s129177	211	4	True	False
s4878	141495	4	True	False
s82027	34	3	True	False
s81650	178	4	True	False
s2846	486093	4	True	False
s105566	203	4	True	False
s104828	58	2	False	False
s134623	130	2	False	False
s105370	1	2	False	False
s280	41	2	False	False
s970	27	4	True	False
s104945	324	2	False	False
s3185	51578	4	True	False
s2239	160	4	True	False
s3525	453229	4	True	False
s114582	345	2	False	False
s2781	20549	3	True	False
s134803	6	4	True	False
s143330	481	2	False	False
s1938	54	2	False	False
s1006	5730	4	True	False
s105588	49	2	False	False
s82019	68	3	True	False
s105764	136	3	True	False
s1150	73448	4	True	False
s252	147	4	True	False
s83121	1201	4	True	False
s4458	182	4	True	False
s5101	29	3	True	False
s143329	85	2	False	False
s105420	831	4	True	False
s121010	193	4	True	False
s129233	12737	2	False	False
s1497	11	4	True	False
s4126	170	2	False	False
s3870	365064	4	True	False
s3909	1	2	False	False
s105712	198	2	False	False
s3313	267645	4	True	False
s131992	208	2	False	False
s3640	53784	4	True	False
s3820	3	2	False	False
s114680	11454	2	False	False
s114949	7895	2	False	False
s134706	66	2	False	False
s82316	414	2	False	False
s105297	576	3	True	False
s138234	3	2	False	False
s129119	28	2	False	False
s2253	22	2	False	False
s331	677	2	False	False
s2833	56	3	True	False
s82204	68	3	True	False
s1125	56	2	False	False
s2866	4350	4	True	False
s114669	61	2	False	False
s4970	1444	2	False	False
s114551	1	2	False	False
s138228	60	2	False	False
s83088	70	3	True	False
s4386	21	4	True	False
s105773	15	4	True	False
s4536	48	4	True	False
s82370	110	2	False	False
s143353	66	2	False	False
s5427	5	2	False	False
s114838	326	2	False	False
s81792	321	2	False	False
s82920	183	2	False	False
s3278	194	5	True	False
s1632	15745	4	True	False
s120861	332	2	False	False
s104886	69	2	False	False
s2234	77296	4	True	False
s5291	20	3	True	False
s82901	9	3	True	False
s83001	64	2	False	False
s4233	280781	4	True	False
s114946	80	2	False	False
s4369	2912	4	True	False
s69	92	2	False	False
s105664	141	3	True	False
s114889	649	5	True	False
s3487	52	2	False	False
s82533	5	4	True	False
s2361	53239	4	True	False
s129118	7	2	False	False
s1051	1	2	False	False
s311	103	2	False	False
s114843	303	2	False	False
s83327	80	2	False	False
s4493	76	4	True	False
s4327	169184	4	True	False
s2569	3749	4	True	False
s808	6820	4	True	False
s3243	932	4	True	False
s82311	136	2	False	False
s2602	64	2	False	False
s82780	630	2	False	False
s255	97	4	True	False
s400	127	3	True	False
s81974	1675	3	True	False
s4123	135929	4	True	False
s2936	12	4	True	False
s641	52	3	True	False
s121066	91	2	False	False
s1673	78507	4	True	False
s4501	157294	4	True	False
s934	43178	4	True	False
s105348	304	3	True	False
s129044	252	2	False	False
s3415	71027	5	True	False
s105750	33	2	False	False
s125536	84	2	False	False
s105077	110	4	True	False
s120951	883	2	False	False
s4837	1	2	False	False
s3420	20	4	True	False
s82541	935	4	True	False
s114892	130	4	True	False
s2177	98	3	True	False
s98	98	2	False	False
s129160	223	2	False	False
s3774	121954	4	True	False
s1143	221079	4	True	False
s2748	111	2	False	False
s3479	18861	4	True	False
s1604	438792	4	True	False
s362	11416	4	True	False
s82904	471	2	False	False
s3806	168003	4	True	False
s3005	536	2	False	False
s120987	7	2	False	False
s105311	65	2	False	False
s81929	224	2	False	False
s82686	53	2	False	False
s115066	125	2	False	False
s125586	458	2	False	False
s114807	193	2	False	False
s4390	180683	4	True	False
s3624	25117	4	True	False
s1680	32987	4	True	False
s5140	330	4	True	False
s1842	19	2	False	False
s1905	81	2	False	False
s2769	160477	4	True	False
s105812	81	2	False	False
s83129	303	4	True	False
s129163	298	2	False	False
s105140	60	2	False	False
s15	171305	4	True	False
s134678	324	2	False	False
s105762	24	3	True	False
s121019	81	2	False	False
s584	98	2	False	False
s81473	16	2	False	False
s197	36	3	True	False
s3440	157780	4	True	False
s104804	62	2	False	False
s3477	60465	4	True	False
s125450	53	2	False	False
s2086	97	2	False	False
s82497	418	2	False	False
s2174	330479	4	True	False
s140229	51	2	False	False
s132008	122	2	False	False
s2806	9402	4	True	False
s115021	116	4	True	False
s82699	22	4	True	False
s138233	74	2	False	False
s105765	378	2	False	False
s82464	61	3	True	False
s715	195	4	True	False
s129051	70	2	False	False
s5200	8	3	True	False
s2185	151822	4	True	False
s81549	69	3	True	False
s3740	370	4	True	False
s5380	1	2	False	False
s134702	622	2	False	False
s114556	21	2	False	False
s82853	434	2	False	False
s82704	4607	2	False	False
s2585	8845	4	True	False
s1949	177	4	True	False
s125599	73	2	False	False
s728	1	2	False	False
s137971	4764	2	False	False
s3285	3407	6	True	False
s2944	1440	2	False	False
s105599	81	2	False	False
s3205	90	2	False	False
s131918	74	2	False	False
s105043	112	2	False	False
s4402	134346	4	True	False
s105803	98	2	False	False
s129122	168	2	False	False
s4220	170	3	True	False
s4484	141348	4	True	False
s114681	61	2	False	False
s2738	49868	4	True	False
s1170	301	2	False	False
s82556	678	4	True	False
s2355	49189	4	True	False
s105205	300	3	True	False
s1727	8	2	False	False
s82585	91	2	False	False
s132016	493	2	False	False
s82218	209	3	True	False
s2717	70	2	False	False
s3536	1	2	False	False
s140463	72	2	False	False
s838	144	2	False	False
s121176	175	3	True	False
s3265	2987	4	True	False
s129195	290	2	False	False
s139	44	3	True	False
s81604	15	2	False	False
s3746	216055	4	True	False
s1751	7981	4	True	False
s82100	326	2	False	False
s4907	9	4	True	False
s5096	5	2	False	False
s4224	737951	4	True	False
s3115	33	5	True	False
s3783	98	2	False	False
s82290	50	2	False	False
s2385	232	3	True	False
s4301	64393	5	True	False
s105638	225	5	True	False
s2455	49458	4	True	False
s2988	240	3	True	False
s120776	68	2	False	False
s81364	785	3	True	False
s3881	129	2	False	False
s3992	28292	4	True	False
s4850	136686	4	True	False
s5112	5898	4	True	False
s81390	322	2	False	False
s129042	50	2	False	False
s34	313	2	False	False
s971	117	2	False	False
s125591	126	2	False	False
s1501	3	2	False	False
s114735	51	2	False	False
s5342	17521	4	True	False
s4869	36150	4	True	False
s1335	33329	4	True	False
s2265	243736	4	True	False
s83231	591	4	True	False
s1904	74	3	True	False
s83317	86	3	True	False
s714	24512	4	True	False
s1846	67	2	False	False
s120866	87	2	False	False
s115008	76	2	False	False
s129221	1	2	False	False
s3366	9921	4	True	False
s5335	6053	2	False	False
s134641	13	2	False	False
s1914	471874	4	True	False
s1685	65586	4	True	False
s120983	2059	2	False	False
s125395	211	2	False	False
s82217	122	2	False	False
s81450	322	2	False	False
s384	147	3	True	False
s3913	45559	4	True	False
s897	273	3	True	False
s2699	151221	4	True	False
s2321	95	2	False	False
s667	130	2	False	False
s139629	277	2	False	False
s245	76	2	False	False
s81660	93	2	False	False
s1678	130825	4	True	False
s82037	65	2	False	False
s114522	374	2	False	False
s3935	495	2	False	False
s619	298	4	True	False
s82973	593	3	True	False
s4413	15	3	True	False
s138213	80	2	False	False
s105395	1252	2	False	False
s82694	52	3	True	False
s129227	65	2	False	False
s1496	139	3	True	False
s82664	342	5	True	False
s2318	106	2	False	False
s131877	18862	2	False	False
s531	618	4	True	False
s82593	30	4	True	False
s121186	1284	4	True	False
s3283	493	4	True	False
s128999	62	2	False	False
s114635	530	3	True	False
s83292	48	4	True	False
s3873	15010	4	True	False
s125587	12276	2	False	False
s115019	95	2	False	False
s114705	37607	2	False	False
s1447	72	2	False	False
s1072	150062	4	True	False
s2215	92951	4	True	False
s134764	126	2	False	False
s4825	240	4	True	False
s82785	1855	2	False	False
s5120	11	3	True	False
s82621	81	2	False	False
s81866	112	2	False	False
s3179	170	4	True	False
s4140	3	4	True	False
s3332	21317	4	True	False
s105277	390	2	False	False
s3969	61	2	False	False
s4044	63	3	True	False
s82273	53	2	False	False
s1209	93	3	True	False
s114947	43150	3	True	False
s2016	324051	4	True	False
s3032	2148	4	True	False
s82057	58	2	False	False
s4705	10	2	False	False
s82537	49	3	True	False
s4457	67	2	False	False
s81869	1	2	False	False
s114657	319	2	False	False
s267	204	4	True	False
s1742	211606	4	True	False
s2009	59377	4	True	False
s4685	3551	4	True	False
s129139	127	2	False	False
s2485	56	4	True	False
s3071	150	3	True	False
s3882	23868	4	True	False
s114703	65	2	False	False
s1628	3233	5	True	False
s114715	61	3	True	False
s120882	73	2	False	False
s81799	88	2	False	False
s161	1	2	False	False
s1469	37619	4	True	False
s3517	63173	4	True	False
s114993	126	2	False	False
s83140	88	2	False	False
s129133	133	3	True	False
s3927	7	2	False	False
s2740	98835	4	True	False
s131904	72	2	False	False
s2146	134332	4	True	False
s82235	41	4	True	False
s120969	826	3	True	False
s129018	104	3	True	False
s132035	52	3	True	False
s81401	346	2	False	False
s4573	66	2	False	False
s82062	52	2	False	False
s129149	48	3	True	False
s1093	10776	4	True	False
s120996	336	3	True	False
s82419	400	4	True	False
s2784	72	2	False	False
s3148	75	4	True	False
s394	31	3	True	False
s5030	51	2	False	False
s81564	134	2	False	False
s115065	74	2	False	False
s125387	24	2	False	False
s3816	149	4	True	False
s1149	8	2	False	False
s83104	116	2	False	False
s3482	323442	4	True	False
s3874	312	2	False	False
s1838	137971	4	True	False
s143414	86	2	False	False
s405	299	3	True	False
s3886	102	2	False	False
s5288	1	2	False	False
s3144	408	3	True	False
s2193	6343	3	True	False
s5025	37	2	False	False
s140272	118	2	False	False
s477	35	4	True	False
s670	52	4	True	False
s104824	125	2	False	False
s114859	180	3	True	False
s3184	60	2	False	False
s82663	278	4	True	False
s82175	346	3	True	False
s2449	279342	4	True	False
s1537	1	2	False	False
s1698	120017	4	True	False
s5108	9406	4	True	False
s82145	50	2	False	False
s105754	69	2	False	False
s81883	69	2	False	False
s4093	2763	2	False	False
s3726	29328	4	True	False
s348	66	2	False	False
s114785	75	2	False	False
s2422	182241	4	True	False
s277	13135	4	True	False
s1342	116	4	True	False
s114606	325	2	False	False
s125481	72	2	False	False
s82601	7	3	True	False
s120806	168	2	False	False
s105759	388	2	False	False
s121022	49	3	True	False
s2998	323	2	False	False
s138238	136	2	False	False
s121132	164	2	False	False
s155	9	3	True	False
s3247	196	2	False	False
s3771	5288	2	False	False
s105810	82	2	False	False
s4968	4916	5	True	False
s1266	81074	4	True	False
s5223	60	2	False	False
s5271	134	2	False	False
s3680	62729	4	True	False
s81354	104	2	False	False
s105116	149	2	False	False
s3297	45	4	True	False
s4990	19121	4	True	False
s2275	8	3	True	False
s2286	38340	4	True	False
s5301	1	2	False	False
s805	314	2	False	False
s120784	332	2	False	False
s3672	1	2	False	False
s81444	65	4	True	False
s1557	75017	4	True	False
s5277	442	2	False	False
s131974	72	2	False	False
s2033	66	2	False	False
s3186	154	2	False	False
s81903	260	2	False	False
s131984	77	2	False	False
s3009	57	4	True	False
s1077	54575	2	False	False
s1820	238	4	True	False
s114566	81	2	False	False
s120944	91	2	False	False
s142	7	3	True	False
s129124	1	2	False	False
s4138	100	5	True	False
s105439	5	2	False	False
s121093	1	2	False	False
s140231	1370	2	False	False
s114799	116	2	False	False
s984	30767	4	True	False
s120780	82	2	False	False
s4913	5	2	False	False
s120792	98	2	False	False
s81894	231	2	False	False
s47	163	5	True	False
s1379	20231	4	True	False
s138343	328	2	False	False
s4926	95889	4	True	False
s3945	113627	4	True	False
s81621	300	2	False	False
s2243	100646	4	True	False
s5350	328	2	False	False
s1946	9	2	False	False
s105287	246	4	True	False
s2187	28829	4	True	False
s4516	15	2	False	False
s473	1008	4	True	False
s4841	30399	4	True	False
s5419	90	2	False	False
s120759	119	3	True	False
s45	67	3	True	False
s2159	245	2	False	False
s4933	6	2	False	False
s3250	262	3	True	False
s82086	756	2	False	False
s121013	130	3	True	False
s104951	50	2	False	False
s83338	107	2	False	False
s5352	17751	4	True	False
s104836	313	2	False	False
s114656	77	2	False	False
s83313	68	3	True	False
s2447	161	2	False	False
s81447	1170	2	False	False
s105576	1417	4	True	False
s82212	60	3	True	False
s2623	225	4	True	False
s138327	221	2	False	False
s393	72	2	False	False
s2534	94754	4	True	False
s139628	61	2	False	False
s114848	611	3	True	False
s125377	156	2	False	False
s82610	55	3	True	False
s850	32649	4	True	False
s114932	243	2	False	False
s105119	50	2	False	False
s4699	614	4	True	False
s140274	202	2	False	False
s4686	53	2	False	False
s5232	11	4	True	False
s2930	228979	4	True	False
s140517	440	2	False	False
s5374	843	3	True	False
s1847	317	4	True	False
s1310	8	4	True	False
s114699	175	2	False	False
s3409	32198	2	False	False
s1658	180	4	True	False
s3842	28975	4	True	False
s4154	58183	4	True	False
s105156	5742	2	False	False
s129201	122	2	False	False
s4935	61	4	True	False
s120947	243	2	False	False
s28	1	2	False	False
s82394	61	2	False	False
s2106	230383	4	True	False
s4964	36788	4	True	False
s125351	59826	3	True	False
s3551	345	4	True	False
s83089	42	4	True	False
s81507	70	2	False	False
s5001	121707	4	True	False
s4624	77	2	False	False
s129236	31	2	False	False
s143391	251	2	False	False
s138224	53	2	False	False
s3308	7731	4	True	False
s4513	131225	4	True	False
s1709	151386	4	True	False
s138220	339	2	False	False
s83117	85	4	True	False
s2084	98	2	False	False
s129125	311	2	False	False
s83171	368	4	True	False
s4681	8	5	True	False
s105521	265	3	True	False
s4334	59055	4	True	False
s82932	11	3	True	False
s3596	54	2	False	False
s120850	65	2	False	False
s3191	64	2	False	False
s4794	178	4	True	False
s81518	2	3	True	False
s132025	482	2	False	False
s83268	131	3	True	False
s791	423	4	True	False
s3657	276134	4	True	False
s4019	263535	4	True	False
s143399	98	2	False	False
s704	59	2	False	False
s1505	2528	4	True	False
s82921	331	4	True	False
s115004	1	2	False	False
s3171	1	2	False	False
s1738	55475	4	True	False
s1421	42841	4	True	False
s138345	3729	2	False	False
s131997	1526	2	False	False
s1002	38452	4	True	False
s1932	1510	2	False	False
s132070	115	2	False	False
s1453	50	2	False	False
s1809	19	4	True	False
s426	125	3	True	False
s82986	59	2	False	False
s2991	4665	4	True	False
s81644	98	3	True	False
s138218	50	2	False	False
s121123	17	3	True	False
s1753	15714	4	True	False
s115015	117	2	False	False
s140249	22	2	False	False
s5293	365	3	True	False
s125466	105	2	False	False
s121130	247	3	True	False
s82549	213	5	True	False
s211	115	3	True	False
s4804	3	2	False	False
s82675	34	4	True	False
s1022	158410	4	True	False
s114694	65	2	False	False
s82867	96	2	False	False
s5275	27637	4	True	False
s1038	103	2	False	False
s4673	11054	4	True	False
s82379	410	4	True	False
s4893	22659	4	True	False
s3692	311	2	False	False
s115025	50	2	False	False
s81907	451	3	True	False
s105015	5	2	False	False
s489	5	2	False	False
s81898	146	4	True	False
s114864	3708	4	True	False
s82742	162	4	True	False
s83119	187	2	False	False
s4521	412	3	True	False
s138291	342	2	False	False
s3893	166271	4	True	False
s3396	1	2	False	False
s4257	96488	4	True	False
s2913	37250	4	True	False
s3008	4	2	False	False
s4680	1402	5	True	False
s120993	137	2	False	False
s105174	102	2	False	False
s2055	1	2	False	False
s339	410	4	True	False
s134746	72	2	False	False
s3178	61	4	True	False
s824	192	3	True	False
s1562	9	3	True	False
s81679	266	3	True	False
s2929	115047	4	True	False
s129243	4793	2	False	False
s1383	316	2	False	False
s2975	226320	4	True	False
s1778	56649	4	True	False
s105690	135	3	True	False
s2860	15573	4	True	False
s1939	1036	5	True	False
s60	72	2	False	False
s5157	77	3	True	False
s125394	331	2	False	False
s82825	79	2	False	False
s4920	45087	4	True	False
s81443	59	2	False	False
s143429	88	2	False	False
s397	119	4	True	False
s209	70	4	True	False
s1156	4212	4	True	False
s137985	6	2	False	False
s4383	160	2	False	False
s2252	19991	4	True	False
s2611	115953	4	True	False
s104915	69	2	False	False
s105408	2959	3	True	False
s81765	33	3	True	False
s2217	31927	4	True	False
s4492	169	4	True	False
s121046	222	4	True	False
s4048	220	4	True	False
s2953	117991	4	True	False
s138241	144	2	False	False
s5252	108	3	True	False
s82609	73	4	True	False
s3776	42084	4	True	False
s4748	29	2	False	False
s583	1450	4	True	False
s105096	13	2	False	False
s81589	180	2	False	False
s1652	43626	4	True	False
s2999	89037	4	True	False
s81505	189	2	False	False
s140527	52	2	False	False
s650	103	2	False	False
s3556	59	3	True	False
s686	31030	4	True	False
s3917	322	2	False	False
s77	25151	4	True	False
s4320	115939	4	True	False
s2135	58	2	False	False
s2592	8	2	False	False
s4205	122907	4	True	False
s140256	56	2	False	False
s125577	17	2	False	False
s139623	14	2	False	False
s5017	120762	4	True	False
s82548	63	2	False	False
s82216	124	2	False	False
s114821	493	2	False	False
s3376	88	2	False	False
s2966	12241	4	True	False
s82073	150	2	False	False
s105262	56	2	False	False
s2916	116	2	False	False
s137931	166	2	False	False
s4251	151579	4	True	False
s105766	4	2	False	False
s114771	80	2	False	False
s114569	305	2	False	False
s134773	785	2	False	False
s131932	1	2	False	False
s2549	2884	2	False	False
s134750	1	2	False	False
s140432	744	2	False	False
s978	18319	4	True	False
s140213	63	2	False	False
s82312	132	2	False	False
s1916	62	2	False	False
s5072	68	2	False	False
s82775	67	2	False	False
s2497	9192	5	True	False
s138279	467	3	True	False
s105492	1	3	True	False
s22	1149	4	True	False
s3013	3697	4	True	False
s82567	124	3	True	False
s723	65	2	False	False
s1812	312	2	False	False
s2735	894	2	False	False
s81816	95	2	False	False
s4318	19	3	True	False
s83007	315	2	False	False
s4445	58	3	True	False
s5437	6332	4	True	False
s82079	83	2	False	False
s120960	1455	2	False	False
s4942	4011	4	True	False
s494	106	2	False	False
s137954	1	2	False	False
s82730	120	4	True	False
s4290	1	2	False	False
s82408	11	2	False	False
s120740	7322	2	False	False
s140222	69	2	False	False
s4747	169903	4	True	False
s181	28	4	True	False
s105321	59	2	False	False
s1625	432043	4	True	False
s2152	143983	4	True	False
s4274	3	3	True	False
s81852	64	3	True	False
s132043	285	2	False	False
s5363	92990	4	True	False
s2532	52	2	False	False
s2912	29	3	True	False
s104826	110	2	False	False
s4311	246923	4	True	False
s125528	174	2	False	False
s81663	61	2	False	False
s2244	330	2	False	False
s4971	73718	4	True	False
s143378	181	2	False	False
s5178	11	4	True	False
s82124	118	2	False	False
s1716	51	2	False	False
s82946	377	4	True	False
s114642	36953	2	False	False
s81994	319	2	False	False
s137991	90	2	False	False
s114906	248	2	False	False
s128997	145	2	False	False
s1385	2822	2	False	False
s83240	74	4	True	False
s2610	487423	4	True	False
s82024	176	3	True	False
s105593	171	2	False	False
s1523	1015	2	False	False
s4467	639	2	False	False
s2157	20	4	True	False
s120935	2	2	False	False
s457	481	2	False	False
s4475	64	2	False	False
s120967	280	2	False	False
s137957	268	2	False	False
s81410	446	3	True	False
s114823	2	2	False	False
s1748	176268	4	True	False
s105776	64	2	False	False
s142611	275	2	False	False
s82741	1	2	False	False
s2873	110	3	True	False
s83258	228	2	False	False
s81874	27	2	False	False
s81731	123	2	False	False
s4776	5	2	False	False
s5143	521	4	True	False
s5036	53606	4	True	False
s105260	211	2	False	False
s125443	50	2	False	False
s617	62067	4	True	False
s105172	128	3	True	False
s129004	106	2	False	False
s3405	2708	4	True	False
s82404	106	3	True	False
s4919	123	2	False	False
s2387	1611	2	False	False
s3960	171255	4	True	False
s268	10	3	True	False
s83043	365	3	True	False
s129194	1027	2	False	False
s105646	393	4	True	False
s82486	72	2	False	False
s2662	77998	4	True	False
s81542	1002	2	False	False
s2697	19159	2	False	False
s2487	68713	4	True	False
s2886	78	2	False	False
s129225	7	2	False	False
s2394	276913	4	True	False
s5130	124	2	False	False
s125509	119	3	True	False
s105785	389	2	False	False
s2983	39097	4	True	False
s2141	89937	4	True	False
s114608	50	2	False	False
s121070	3	2	False	False
s4636	32281	4	True	False
s140214	55	2	False	False
s82693	736	3	True	False
s1241	24150	4	True	False
s3029	1880	2	False	False
s342	2	2	False	False
s139643	56	2	False	False
s134751	1	2	False	False
s143352	3	2	False	False
s1360	60737	4	True	False
s82623	81	2	False	False
s183	236	4	True	False
s2884	50	2	False	False
s115068	46	2	False	False
s82993	1	2	False	False
s105061	35	3	True	False
s3058	66	2	False	False
s4319	2	3	True	False
s105787	20	3	True	False
s120755	50	2	False	False
s83002	106	2	False	False
s82302	2208	2	False	False
s1515	29847	4	True	False
s3217	313	2	False	False
s121037	115	3	True	False
s136	25	4	True	False
s81503	1045	2	False	False
s140540	80	2	False	False
s4173	91	3	True	False
s125473	64	2	False	False
s3540	315	2	False	False
s4395	28	2	False	False
s82353	59	4	True	False
s129102	57	2	False	False
s415	107	2	False	False
s129046	331	2	False	False
s129031	341	2	False	False
s82118	4	2	False	False
s82889	219	2	False	False
s105671	203	2	False	False
s82294	36	3	True	False
s2914	77	2	False	False
s83342	102	4	True	False
s81685	240	3	True	False
s105404	1364	2	False	False
s1110	53111	4	True	False
s114975	19	2	False	False
s4950	111	4	True	False
s2582	55	2	False	False
s121168	483	2	False	False
s105150	813	2	False	False
s5319	5801	4	True	False
s4606	296320	4	True	False
s2525	1575	4	True	False
s3709	89	2	False	False
s114849	483	2	False	False
s104913	319	2	False	False
s3906	7	2	False	False
s105415	777	4	True	False
s140522	53	2	False	False
s129168	72	2	False	False
s114836	109	2	False	False
s3588	2916	4	True	False
s423	8724	4	True	False
s2229	183	4	True	False
s81854	64	2	False	False
s82807	49	4	True	False
s2056	185839	4	True	False
s114826	51	3	True	False
s724	13457	4	True	False
s120921	432	2	False	False
s120883	1	2	False	False
s3503	37	4	True	False
s5111	97	2	False	False
s105567	61	2	False	False
s81468	5497	2	False	False
s81949	100	2	False	False
s105711	216	2	False	False
s83334	35	3	True	False
s82880	136	2	False	False
s82531	62	2	False	False
s222	8404	4	True	False
s81603	41	3	True	False
s134643	441	2	False	False
s134661	146	2	False	False
s2820	16540	4	True	False
s557	80	2	False	False
s83162	256	3	True	False
s105272	557	2	False	False
s82209	81	3	True	False
s114795	342	2	False	False
s673	61	2	False	False
s3966	162121	4	True	False
s1348	15549	5	True	False
s3081	15724	4	True	False
s3020	5184	4	True	False
s121101	26	3	True	False
s125617	594	2	False	False
s114814	144	2	False	False
s82289	48	2	False	False
s2186	68	2	False	False
s730	107	4	True	False
s115033	595	4	True	False
s2969	18565	4	True	False
s114766	55	2	False	False
s129161	59	2	False	False
s115077	7	2	False	False
s82383	493	4	True	False
s114706	1584	3	True	False
s81879	5	3	True	False
s82089	88	3	True	False
s120908	5	2	False	False
s114700	101	2	False	False
s114701	218	2	False	False
s83190	176	4	True	False
s4001	41451	4	True	False
s140223	73	2	False	False
s125592	60	3	True	False
s81590	163	4	True	False
s82770	124	3	True	False
s115046	39	4	True	False
s2262	25425	4	True	False
s4375	8573	2	False	False
s3303	1420	4	True	False
s2478	1	2	False	False
s143374	50	2	False	False
s114619	77	2	False	False
s114510	3	3	True	False
s82053	22	3	True	False
s114899	561	3	True	False
s120827	91	2	False	False
s105374	444	2	False	False
s3428	12759	6	True	False
s1885	5979	4	True	False
s125540	29	2	False	False
s4974	112692	4	True	False
s120971	2926	4	True	False
s120840	323	2	False	False
s134697	8462	3	True	False
s606	126	4	True	False
s81926	96	2	False	False
s138226	319	2	False	False
s121044	1	2	False	False
s121152	7	2	False	False
s1831	148	4	True	False
s377	84	3	True	False
s114631	283	2	False	False
s114789	503	2	False	False
s83014	961	4	True	False
s4541	145256	4	True	False
s4572	87381	4	True	False
s105145	12	2	False	False
s175	60	4	True	False
s105608	3	3	True	False
s1387	5290	2	False	False
s2653	5	2	False	False
s104999	13	2	False	False
s2824	467276	4	True	False
s2747	9249	4	True	False
s114977	30	2	False	False
s4823	33	3	True	False
s143373	9	2	False	False
s129086	358	2	False	False
s4261	6	2	False	False
s120900	96	2	False	False
s131993	458	2	False	False
s1955	44080	4	True	False
s82117	61	2	False	False
s81684	31	2	False	False
s2026	6107	2	False	False
s82462	22	2	False	False
s121075	155	4	True	False
s81773	1	2	False	False
s81481	36	2	False	False
s81577	7	2	False	False
s121136	5	2	False	False
s2333	249583	4	True	False
s2515	1515	5	True	False
s134	107	2	False	False
s151	53	4	True	False
s1573	15	4	True	False
s4995	72661	4	True	False
s140264	65	2	False	False
s1130	91	3	True	False
s5089	52	5	True	False
s1957	317	2	False	False
s114567	308	2	False	False
s138305	442	2	False	False
s114903	163	4	True	False
s1240	56947	4	True	False
s4955	60	4	True	False
s81671	17	3	True	False
s121034	5	2	False	False
s138254	225	2	False	False
s4802	5519	4	True	False
s5163	56	5	True	False
s81367	58	2	False	False
s83318	34	2	False	False
s4059	260	2	False	False
s82303	3717	4	True	False
s370	173	4	True	False
s233	421	2	False	False
s137962	10	2	False	False
s129138	219	2	False	False
s5219	4741	4	True	False
s1017	32973	4	True	False
s125547	12	2	False	False
s138316	370	2	False	False
s81573	287	3	True	False
s4603	48	3	True	False
s4844	14798	4	True	False
s120938	81	2	False	False
s4143	108990	4	True	False
s786	19	2	False	False
s1796	4479	4	True	False
s3895	231	4	True	False
s4815	103	2	False	False
s121095	70	2	False	False
s83273	162	2	False	False
s137927	59	2	False	False
s114568	327	2	False	False
s131929	2	2	False	False
s5150	156	2	False	False
s216	206	2	False	False
s1982	324	2	False	False
s3543	74	2	False	False
s129006	95	2	False	False
s125442	17	2	False	False
s1780	21	2	False	False
s3494	8779	4	True	False
s1607	10555	2	False	False
s125415	69	2	False	False
s5242	2265	4	True	False
s125484	86	2	False	False
s81982	1	2	False	False
s4074	67	3	True	False
s138306	87	2	False	False
s105319	333	4	True	False
s82504	3	3	True	False
s819	154	2	False	False
s3446	254	2	False	False
s134719	535	2	False	False
s81691	468	3	True	False
s4236	64	2	False	False
s131919	326	2	False	False
s4473	204998	4	True	False
s5021	93	4	True	False
s114515	84	2	False	False
s134801	277	5	True	False
s129171	324	4	True	False
s1989	325	2	False	False
s2446	773400	4	True	False
s82384	667	4	True	False
s3480	36716	4	True	False
s2080	299	4	True	False
s1568	44	4	True	False
s137968	10	2	False	False
s114576	7	2	False	False
s2091	227035	4	True	False
s82765	141	2	False	False
s105064	17	2	False	False
s104998	87	3	True	False
s610	104	2	False	False
s1098	105796	4	True	False
s82049	50	2	False	False
s114649	56	2	False	False
s2963	65	2	False	False
s129167	748	2	False	False
s83204	32	3	True	False
s2796	33	3	True	False
s4647	32304	3	True	False
s82457	54	2	False	False
s38	14	3	True	False
s2947	107	4	True	False
s105293	1	2	False	False
s138324	58	2	False	False
s4768	6107	4	True	False
s2048	336552	4	True	False
s3644	124	2	False	False
s5384	1	2	False	False
s120982	491	2	False	False
s143401	189	2	False	False
s82021	60	2	False	False
s140255	375	2	False	False
s138309	93	2	False	False
s1767	188260	4	True	False
s4754	19195	4	True	False
s82979	149	2	False	False
s3470	176	2	False	False
s976	23269	4	True	False
s3987	119502	4	True	False
s5068	61	2	False	False
s82955	627	2	False	False
s395	124	4	True	False
s121080	160	2	False	False
s2136	42895	4	True	False
s129137	125	2	False	False
s134760	389	2	False	False
s4415	303	2	False	False
s4890	54	4	True	False
s140240	1	2	False	False
s3747	245450	4	True	False
s2955	288415	4	True	False
s105687	118	2	False	False
s1893	5	3	True	False
s2560	319	2	False	False
s2498	3	2	False	False
s5044	19	3	True	False
s4020	12	2	False	False
s247	53	4	True	False
s892	41936	4	True	False
s539	420	2	False	False
s105756	79	2	False	False
s663	16171	4	True	False
s4007	241909	4	True	False
s125418	136	2	False	False
s1688	63508	4	True	False
s114654	311	2	False	False
s81968	972	2	False	False
s82976	247	4	True	False
s83079	3	2	False	False
s2274	5128	4	True	False
s83192	76	3	True	False
s82369	246	3	True	False
s81423	51	3	True	False
s3769	12573	4	True	False
s82094	95	2	False	False
s137956	185	2	False	False
s3333	1092	4	True	False
s470	881	3	True	False
s134731	108	2	False	False
s105790	455	2	False	False
s114781	545	2	False	False
s4254	139654	5	True	False
s125583	441	2	False	False
s125401	100	2	False	False
s2014	74	2	False	False
s5393	8526	2	False	False
s104818	79	2	False	False
s114942	162	2	False	False
s125452	50	2	False	False
s3568	93	2	False	False
s134695	150	2	False	False
s229	76	2	False	False
s134716	532	2	False	False
s1058	57385	5	True	False
s83244	15	3	True	False
s2630	155582	4	True	False
s83275	452	2	False	False
s2456	121697	4	True	False
s3424	5	2	False	False
s241	1	2	False	False
s82561	297	2	False	False
s140446	97	2	False	False
s4946	21	4	True	False
s143415	56	2	False	False
s3113	520	5	True	False
s143423	478	2	False	False
s1522	43221	4	True	False
s82213	855	4	True	False
s2581	11486	4	True	False
s140267	16	2	False	False
s83106	263	3	True	False
s3107	86	4	True	False
s114995	563	2	False	False
s129011	316	2	False	False
s114675	62	2	False	False
s1472	8859	4	True	False
s3614	348061	5	True	False
s5154	7	3	True	False
s140271	91	2	False	False
s81665	41	3	True	False
s134771	153	4	True	False
s82852	140	2	False	False
s5172	36	4	True	False
s2188	78836	4	True	False
s82248	4	2	False	False
s319	26062	4	True	False
s1725	94	2	False	False
s4033	32	4	True	False
s83233	60	2	False	False
s3485	176390	4	True	False
s82465	1	2	False	False
s125407	63	2	False	False
s121040	154	2	False	False
s5012	20321	4	True	False
s2624	54	2	False	False
s5079	190	2	False	False
s2044	58	2	False	False
s114941	273	4	True	False
s2874	1144	2	False	False
s138340	1601	2	False	False
s3722	115740	4	True	False
s125563	10	2	False	False
s125589	5	2	False	False
s82599	94	4	True	False
s82340	118	3	True	False
s3650	3082	2	False	False
s2780	187	4	True	False
s2073	20	3	True	False
s125419	3	2	False	False
s104918	1	2	False	False
s1295	1	2	False	False
s114877	242	2	False	False
s270	3529	4	True	False
s1181	37313	3	True	False
s1416	336128	4	True	False
s139633	52	2	False	False
s121164	29	2	False	False
s104996	1	2	False	False
s5280	221	3	True	False
s114676	13	2	False	False
s5118	60	4	True	False
s82641	76	3	True	False
s114883	12631	2	False	False
s23	95	4	True	False
s4608	318	2	False	False
s121200	154	2	False	False
s4181	330	2	False	False
s3044	17306	4	True	False
s132058	539	2	False	False
s2750	100556	4	True	False
s3734	269260	4	True	False
s82200	126	3	True	False
s121124	110	2	False	False
s115048	2	2	False	False
s105094	340	2	False	False
s4659	89571	4	True	False
s114801	307	4	True	False
s114571	1	2	False	False
s134656	12	2	False	False
s114884	679	2	False	False
s3258	100	3	True	False
s137974	333	2	False	False
s4354	56743	4	True	False
s81523	18	4	True	False
s121059	17	2	False	False
s105197	85	2	False	False
s2685	40079	4	True	False
s4480	3387	2	False	False
s599	523	4	True	False
s2416	117121	4	True	False
s2445	9488	4	True	False
s132084	61	2	False	False
s81826	82	2	False	False
s4162	101	2	False	False
s4323	443425	4	True	False
s3290	493	4	True	False
s3986	95677	4	True	False
s125534	1	2	False	False
s125448	12	2	False	False
s4888	93	2	False	False
s140494	67	2	False	False
s3685	54096	4	True	False
s4972	62191	4	True	False
s105573	4998	4	True	False
s82241	23	2	False	False
s2904	248	4	True	False
s4854	84020	4	True	False
s105500	386	4	True	False
s51	667	4	True	False
s5378	94	4	True	False
s152	183	2	False	False
s105130	193	4	True	False
s1825	233218	4	True	False
s114534	71	2	False	False
s105139	240	2	False	False
s83270	147	2	False	False
s982	16	5	True	False
s1805	65814	4	True	False
s140238	65	2	False	False
s291	231	2	False	False
s105175	44	3	True	False
s2013	135	4	True	False
s2143	61096	4	True	False
s623	130	3	True	False
s3968	37730	4	True	False
s3412	82600	4	True	False
s456	14	4	True	False
s82284	836	2	False	False
s81870	3	3	True	False
s4481	315054	4	True	False
s4611	99803	4	True	False
s105706	74	2	False	False
s82144	214	3	True	False
s82138	32	2	False	False
s120865	103	2	False	False
s114545	57	2	False	False
s3744	10021	4	True	False
s114847	273	2	False	False
s1177	2142	2	False	False
s82944	260	3	True	False
s105298	72	2	False	False
s1050	585	4	True	False
s121198	92	2	False	False
s3710	85	4	True	False
s83159	245	2	False	False
s82368	323	2	False	False
s105258	90	2	False	False
s120824	16	2	False	False
s609	180	3	True	False
s5058	4	2	False	False
s82004	62419	4	True	False
s2891	1380	3	True	False
s3219	279	2	False	False
s3952	322963	4	True	False
s5283	450	4	True	False
s1356	203	3	True	False
s140526	270	2	False	False
s2095	25656	4	True	False
s2763	7	4	True	False
s131879	336	2	False	False
s2081	176	2	False	False
s104901	114	2	False	False
s5159	246	2	False	False
s125568	8	2	False	False
s1403	12614	4	True	False
s83050	292	2	False	False
s105376	206	2	False	False
s121071	973	5	True	False
s4791	35516	4	True	False
s120828	102	2	False	False
s105306	17	4	True	False
s807	29805	4	True	False
s120811	52	2	False	False
s139617	277	2	False	False
s143347	80	2	False	False
s82697	1	2	False	False
s82452	195	2	False	False
s2762	200	2	False	False
s3129	78	2	False	False
s3347	4498	3	True	False
s138205	270	2	False	False
s81387	765	3	True	False
s105400	152	3	True	False
s2825	4236	2	False	False
s121060	5	2	False	False
s82376	669	4	True	False
s105528	302	3	True	False
s120946	80	2	False	False
s2552	419650	4	True	False
s142614	1352	2	False	False
s3717	147535	4	True	False
s105076	94	2	False	False
s129189	321	3	True	False
s4380	75946	4	True	False
s121052	5	2	False	False
s4801	53615	5	True	False
s2839	12	4	True	False
s81391	319	2	False	False
s114583	123	3	True	False
s812	74491	4	True	False
s82134	177	2	False	False
s2254	14	3	True	False
s1743	9	4	True	False
s103	32	4	True	False
s125555	234	3	True	False
s105179	62	2	False	False
s114744	57	2	False	False
s143411	178	2	False	False
s105809	760	3	True	False
s132051	3589	2	False	False
s138208	55	2	False	False
s7	20385	4	True	False
s81587	462	2	False	False
s104989	311	2	False	False
s2267	11553	4	True	False
s4861	47118	4	True	False
s82007	6	3	True	False
s82671	166	4	True	False
s115028	696	2	False	False
s2674	55	2	False	False
s105719	105	3	True	False
s4435	267081	4	True	False
s120934	112	2	False	False
s2176	134774	4	True	False
s105102	319	2	False	False
s2787	139	3	True	False
s3636	20	3	True	False
s105036	152	2	False	False
s81760	36	3	True	False
s1436	38154	5	True	False
s4264	3601	2	False	False
s3682	42730	4	True	False
s105044	612	2	False	False
s82082	62	3	True	False
s81619	112	2	False	False
s129152	72	2	False	False
s105586	64	3	True	False
s114998	446	4	True	False
s5137	20	3	True	False
s82947	30	2	False	False
s81415	117	2	False	False
s114598	370	2	False	False
s105610	508	6	True	False
s4104	5506	3	True	False
s1479	44648	4	True	False
s129146	329	2	False	False
s2441	166	2	False	False
s1818	123956	4	True	False
s3357	58	2	False	False
s120744	59372	3	True	False
s1924	12888	4	True	False
s114587	77	2	False	False
s114924	95	2	False	False
s3084	1601	2	False	False
s105027	1	2	False	False
s134709	71	2	False	False
s105529	1983	5	True	False
s611	28	3	True	False
s860	9	4	True	False
s104976	149	2	False	False
s3606	59725	4	True	False
s114768	18	2	False	False
s1964	141665	4	True	False
s81393	874	2	False	False
s82909	117	2	False	False
s82784	167	2	False	False
s121073	1768	4	True	False
s618	2	2	False	False
s4706	37	4	True	False
s105770	1423	4	True	False
s137925	3	2	False	False
s82952	88	2	False	False
s4849	167617	4	True	False
s82829	824	3	True	False
s105560	145	2	False	False
s1863	275	4	True	False
s81368	202	2	False	False
s1512	109807	4	True	False
s5131	6870	4	True	False
s120753	16	2	False	False
s4599	80	2	False	False
s2049	339	2	False	False
s2678	9	4	True	False
s81947	82	2	False	False
s4431	320	2	False	False
s105565	67	2	False	False
s105561	271	4	True	False
s2550	50421	4	True	False
s83288	36	4	True	False
s83229	92	3	True	False
s120750	76	3	True	False
s105299	50	2	False	False
s105035	50	3	True	False
s129025	203	3	True	False
s1593	65735	4	True	False
s120937	1	2	False	False
s131979	372	2	False	False
s1663	35	4	True	False
s105067	87	2	False	False
s1594	57	4	True	False
s1074	53565	4	True	False
s4551	317721	5	True	False
s1126	10162	4	True	False
s4915	101	4	True	False
s4730	130	4	True	False
s5325	126	2	False	False
s81904	186	4	True	False
s3001	49404	4	True	False
s82432	125	4	True	False
s5222	29582	4	True	False
s530	209	2	False	False
s105470	96	2	False	False
s963	162	3	True	False
s114812	53	2	False	False
s120895	14	2	False	False
s129008	88	2	False	False
s793	11108	4	True	False
s129095	140	2	False	False
s129023	213	2	False	False
s82480	792	3	True	False
s4557	71899	4	True	False
s120994	1725	4	True	False
s81370	45	2	False	False
s4108	120	2	False	False
s3221	1	2	False	False
s114802	1763	4	True	False
s1045	32808	4	True	False
s3798	191789	5	True	False
s137939	317	2	False	False
s2829	18445	2	False	False
s3752	104354	4	True	False
s859	388	4	True	False
s82022	476	2	False	False
s82864	3	2	False	False
s3998	36958	4	True	False
s738	66	2	False	False
s140531	174	2	False	False
s105232	945	2	False	False
s82929	51	4	True	False
s114981	8	2	False	False
s2454	49763	4	True	False
s2088	225301	4	True	False
s3338	106	2	False	False
s81975	493	3	True	False
s83023	65	3	True	False
s82330	50	4	True	False
s568	874	4	True	False
s164	15581	4	True	False
s114951	114	3	True	False
s82905	45	3	True	False
s114507	325	2	False	False
s82127	29	3	True	False
s2295	77	2	False	False
s2089	109970	4	True	False
s2083	10203	4	True	False
s773	34281	4	True	False
s661	35952	4	True	False
s105611	129	2	False	False
s81515	110	2	False	False
s2235	196434	4	True	False
s82801	5	2	False	False
s114678	95	2	False	False
s129191	4400	2	False	False
s2462	105590	4	True	False
s3368	14070	4	True	False
s2218	13	2	False	False
s125512	9	3	True	False
s105494	227	3	True	False
s580	160	3	True	False
s83243	308	2	False	False
s121157	594	2	False	False
s5379	339	3	True	False
s114660	190	2	False	False
s1606	94345	4	True	False
s132034	94	2	False	False
s82484	464	2	False	False
s3457	121	4	True	False
s3574	1475	2	False	False
s1873	2304	2	False	False
s114856	2329	4	True	False
s5248	50423	4	True	False
s129187	79	4	True	False
s2214	251	2	False	False
s4595	345	2	False	False
s4602	208	4	True	False
s2251	115	5	True	False
s4235	21929	4	True	False
s140538	6	2	False	False
s104986	1869	2	False	False
s129005	162	2	False	False
s81462	88	3	True	False
s3959	10375	4	True	False
s81384	305	4	True	False
s121193	187	2	False	False
s5071	78682	4	True	False
s5194	32105	4	True	False
s81672	52	2	False	False
s105471	90	4	True	False
s105337	1735	4	True	False
s3521	950	2	False	False
s125579	112	2	False	False
s81380	750	3	True	False
s139644	61	2	False	False
s3038	1324	4	True	False
s131907	52	2	False	False
s3617	211	2	False	False
s125444	95	2	False	False
s121109	262	2	False	False
s3760	181	4	True	False
s3500	479862	4	True	False
s140462	146	2	False	False
s5375	33	4	True	False
s131943	3	2	False	False
s143370	79	2	False	False
s87	1530	4	True	False
s2716	28532	4	True	False
s2117	30	4	True	False
s114855	107	4	True	False
s105422	2240	4	True	False
s3848	430912	4	True	False
s4654	374	2	False	False
s258	232	4	True	False
s4102	61353	4	True	False
s1771	895	4	True	False
s105086	55	2	False	False
s1376	32139	4	True	False
s83339	1865	2	False	False
s105099	105	2	False	False
s134633	44	3	True	False
s82607	121	3	True	False
s105201	1	2	False	False
s142608	1	2	False	False
s96482	17	2	False	False
s125362	3108	2	False	False
s989	1080	2	False	False
s4921	129011	4	True	False
s2002	211256	4	True	False
s1159	1681	4	True	False
s129199	415	2	False	False
s544	387	4	True	False
s1465	19591	4	True	False
s1963	78231	4	True	False
s114911	2166	3	True	False
s645	6760	4	True	False
s138240	1	2	False	False
s81727	320	2	False	False
s4996	13	2	False	False
s5	1	2	False	False
s3572	20302	4	True	False
s2204	4997	4	True	False
s82253	58	2	False	False
s205	221	2	False	False
s134663	130	2	False	False
s114936	546	2	False	False
s2303	335166	4	True	False
s2269	127735	4	True	False
s4152	434	4	True	False
s3618	7902	4	True	False
s140482	240	2	False	False
s105309	302	2	False	False
s134699	1	2	False	False
s104967	71	2	False	False
s3484	2231	2	False	False
s5161	48707	6	True	False
s4489	169836	4	True	False
s990	10754	4	True	False
s105716	6	2	False	False
s80	10326	4	True	False
s82783	91	3	True	False
s460	640	4	True	False
s1519	23	4	True	False
s81808	516	2	False	False
s5190	26663	4	True	False
s81973	447	3	True	False
s5032	68575	4	True	False
s138311	63	2	False	False
s5020	47	4	True	False
s1297	300	2	False	False
s3608	29422	4	True	False
s492	81	2	False	False
s114609	63	2	False	False
s4047	204328	4	True	False
s138319	60	2	False	False
s105157	1112	2	False	False
s284	54	2	False	False
s2298	72	2	False	False
s82891	25044	4	True	False
s3835	59	2	False	False
s973	74000	4	True	False
s883	30451	4	True	False
s1042	194	4	True	False
s131913	52	2	False	False
s82005	5780	3	True	False
s2850	61348	4	True	False
s81378	77	2	False	False
s125615	74	2	False	False
s4419	84011	4	True	False
s4779	1272	2	False	False
s140419	1	2	False	False
s143328	20	2	False	False
s125374	70	2	False	False
s81453	190	4	True	False
s83100	37	4	True	False
s121090	6	2	False	False
s4575	833	4	True	False
s114834	108	2	False	False
s1438	4569	3	True	False
s1466	47900	4	True	False
s676	21	2	False	False
s3390	65146	4	True	False
s39	1723	5	True	False
s139608	97	2	False	False
s5423	62	2	False	False
s608	178	4	True	False
s121032	1	2	False	False
s902	52	3	True	False
s4959	1	2	False	False
s125544	191	2	False	False
s4633	320	2	False	False
s2579	148055	4	True	False
s5297	62	3	True	False
s81795	265	2	False	False
s105363	1282	2	False	False
s81739	205	3	True	False
s2000	148	2	False	False
s143609	662	2	False	False
s910	5759	4	True	False
s745	47	4	True	False
s82173	3	3	True	False
s140423	265	2	False	False
s4711	24406	4	True	False
s5300	46298	5	True	False
s125508	504	2	False	False
s81596	156	2	False	False
s4360	37668	4	True	False
s3731	501353	4	True	False
s105575	3189	3	True	False
s81449	1381	2	False	False
s3143	31854	4	True	False
s3180	7	2	False	False
s105743	109	3	True	False
s82360	54	2	False	False
s2291	64	2	False	False
s82142	115	2	False	False
s4739	11	2	False	False
s82718	4	2	False	False
s3681	37	2	False	False
s105745	125	3	True	False
s121018	562	2	False	False
s82810	759	4	True	False
s2841	82853	4	True	False
s140519	52	2	False	False
s134670	291	2	False	False
s4091	122078	4	True	False
s3553	77	2	False	False
s82658	182	4	True	False
s82492	57	2	False	False
s114755	36	2	False	False
s4302	14	4	True	False
s82870	662	2	False	False
s114741	56	2	False	False
s104797	1608	3	True	False
s5094	359	4	True	False
s134740	25	2	False	False
s121039	555	4	True	False
s2673	21594	4	True	False
s137955	749	2	False	False
s120953	135	2	False	False
s695	97	2	False	False
s125612	2145	2	False	False
s120955	245	2	False	False
s2280	130668	4	True	False
s3559	3985	3	True	False
s4258	194397	4	True	False
s4388	20084	4	True	False
s5394	1	4	True	False
s5407	8948	4	True	False
s129061	117	2	False	False
s1207	196	2	False	False
s3133	38	2	False	False
s120897	1	2	False	False
s2712	96015	4	True	False
s104971	1	2	False	False
s198	4503	4	True	False
s2587	12	4	True	False
s114731	56	2	False	False
s1312	84124	4	True	False
s132059	388	2	False	False
s2669	70453	4	True	False
s5241	3	2	False	False
s114707	636	3	True	False
s105544	3	2	False	False
s3025	5088	4	True	False
s1089	39249	3	True	False
s3326	116	2	False	False
s4063	259505	4	True	False
s105118	160	2	False	False
s4023	216462	4	True	False
s206	125	4	True	False
s81630	543	2	False	False
s2557	88490	4	True	False
s2836	88	2	False	False
s83213	3	2	False	False
s337	10049	4	True	False
s81842	91	3	True	False
s139634	220	2	False	False
s154	560	4	True	False
s82841	155	2	False	False
s82322	317	2	False	False
s1328	417	4	True	False
s4358	58737	4	True	False
s3063	6008	4	True	False
s3933	274921	4	True	False
s137947	13046	2	False	False
s114958	280	2	False	False
s104980	74	2	False	False
s4292	319	2	False	False
s96480	142	2	False	False
s105121	71	2	False	False
s5103	261	4	True	False
s82642	50	2	False	False
s614	211	4	True	False
s114614	318	2	False	False
s5276	17	3	True	False
s2667	70	3	True	False
s82520	487	2	False	False
s2125	1	2	False	False
s81801	194	2	False	False
s81536	312	2	False	False
s4196	72	2	False	False
s104997	3	2	False	False
s4758	22	2	False	False
s4884	88802	4	True	False
s114626	304	2	False	False
s114611	50	2	False	False
s518	57	3	True	False
s2024	844	2	False	False
s82055	76	3	True	False
s1178	1689	4	True	False
s1684	1604	2	False	False
s214	28	4	True	False
s83188	141	3	True	False
s105056	160	2	False	False
s4203	131099	4	True	False
s129179	660	4	True	False
s4465	175673	4	True	False
s3679	1173	2	False	False
s4604	196	2	False	False
s115072	281	2	False	False
s137935	52	2	False	False
s115075	115	2	False	False
s681	7930	4	True	False
s1151	141598	4	True	False
s82015	330	2	False	False
s1332	195609	4	True	False
s5218	629	2	False	False
s851	74343	4	True	False
s82799	94	4	True	False
s114519	328	2	False	False
s1600	237638	4	True	False
s3173	12	4	True	False
s13	9886	4	True	False
s134753	584	2	False	False
s82684	12027	2	False	False
s81350	27	3	True	False
s82614	11	4	True	False
s132041	275	2	False	False
s2518	97108	4	True	False
s3788	8611	4	True	False
s134677	9	2	False	False
s4165	14	3	True	False
s1290	160	4	True	False
s4283	1	2	False	False
s445	280	3	True	False
s547	594	4	True	False
s4385	18296	4	True	False
s4808	42	3	True	False
s3703	34175	4	True	False
s82568	4	2	False	False
s3442	175110	4	True	False
s4483	130183	4	True	False
s81386	10	2	False	False
s104881	1506	2	False	False
s4046	18	3	True	False
s1874	129116	4	True	False
s140458	11	2	False	False
s82570	52	4	True	False
s1592	12365	4	True	False
s4826	40653	4	True	False
s105386	1773	4	True	False
s81353	16	4	True	False
s5231	1	2	False	False
s3407	231	2	False	False
s3443	41536	4	True	False
s4627	106	4	True	False
s3011	1637	4	True	False
s2376	209574	4	True	False
s914	13281	4	True	False
s2238	188661	4	True	False
s1546	94	2	False	False
s3885	15204	4	True	False
s132006	127	2	False	False
s2196	41064	5	True	False
s81550	1	2	False	False
s1088	29155	3	True	False
s4280	976976	4	True	False
s82613	31	4	True	False
s82590	2	2	False	False
s83260	14	2	False	False
s134620	50	2	False	False
s2219	108	4	True	False
s4487	59141	4	True	False
s2212	351	2	False	False
s4230	23457	4	True	False
s138239	97	2	False	False
s105692	5	2	False	False
s82657	6	2	False	False
s81967	3861	2	False	False
s81956	2876	3	True	False
s3667	114100	4	True	False
s125355	23514	4	True	False
s3795	1	3	True	False
s125492	51	2	False	False
s82405	196	2	False	False
s121078	108	3	True	False
s82698	4	3	True	False
s129021	105	2	False	False
s121016	440	2	False	False
s5144	14	2	False	False
s104917	331	2	False	False
s1476	34084	4	True	False
s1068	280368	4	True	False
s1353	110	5	True	False
s134754	68	2	False	False
s105554	106	3	True	False
s114880	80	2	False	False
s105112	310	2	False	False
s2964	68020	4	True	False
s114861	5	2	False	False
s2615	5	2	False	False
s82536	41	4	True	False
s2320	134	3	True	False
s1984	5903	4	True	False
s114991	121	2	False	False
s2317	53798	4	True	False
s4940	163634	4	True	False
s134742	57	2	False	False
s138335	50	3	True	False
s105389	735	4	True	False
s763	26005	4	True	False
s82917	475	5	True	False
s140486	64	2	False	False
s129112	483	2	False	False
s82050	365	4	True	False
s143324	106	2	False	False
s105430	499	3	True	False
s82764	58	2	False	False
s2943	78304	4	True	False
s120852	177	2	False	False
s4598	15766	4	True	False
s143339	650	2	False	False
s5391	60163	4	True	False
s2670	19007	4	True	False
s2698	16720	2	False	False
s82443	98	2	False	False
s94	93	2	False	False
s82611	200	2	False	False
s121106	59	2	False	False
s105307	12	2	False	False
s1572	62891	4	True	False
s132037	7	2	False	False
s261	128	4	True	False
s3275	1422	3	True	False
s3566	26807	3	True	False
s4151	62	2	False	False
s649	13659	4	True	False
s134715	1369	3	True	False
s701	12726	4	True	False
s1646	183	4	True	False
s114853	190	3	True	False
s2182	35568	4	True	False
s83203	78	2	False	False
s120972	296	2	False	False
s82923	113	2	False	False
s125565	1	2	False	False
s81451	52	2	False	False
s1129	12	3	True	False
s1624	51	2	False	False
s114630	323	2	False	False
s3197	1627	4	True	False
s4912	34031	4	True	False
s4471	9421	4	True	False
s82689	83	2	False	False
s742	208	3	True	False
s82251	90	3	True	False
s3154	55	4	True	False
s114562	449	2	False	False
s1405	10	2	False	False
s83290	77	4	True	False
s82467	179	4	True	False
s3599	64258	4	True	False
s114759	6	2	False	False
s83265	87	5	True	False
s115084	611	3	True	False
s809	7892	4	True	False
s4596	157166	4	True	False
s138212	358	2	False	False
s3381	1203	4	True	False
s104925	3964	3	True	False
s114752	305	2	False	False
s3264	1775	3	True	False
s114733	71	2	False	False
s138237	56	2	False	False
s83124	1	2	False	False
s5308	7	3	True	False
s82813	3577	3	True	False
s4470	21694	4	True	False
s134810	27	2	False	False
s140513	54	2	False	False
s81850	242	5	True	False
s3198	63336	4	True	False
s2245	339114	4	True	False
s3043	171	2	False	False
s81670	58	4	True	False
s134687	288	2	False	False
s5123	1	2	False	False
s1095	938	3	True	False
s4836	67554	4	True	False
s82519	292	4	True	False
s3642	129867	4	True	False
s3138	18519746	4	True	False
s506	18	3	True	False
s2528	23271	4	True	False
s3972	45208	4	True	False
s1524	28999	4	True	False
s125400	78	2	False	False
s1272	12054	4	True	False
s1218	8	3	True	False
s511	28	4	True	False
s3411	10483	2	False	False
s105686	10	2	False	False
s114580	3713	2	False	False
s134692	3	2	False	False
s121139	1406	2	False	False
s4217	12	4	True	False
s105161	268	2	False	False
s1148	39662	4	True	False
s3645	31791	4	True	False
s114596	84	2	False	False
s2772	279	4	True	False
s4242	1006	4	True	False
s1456	24151	4	True	False
s138221	11	2	False	False
s3587	48	4	True	False
s3316	620	2	False	False
s105183	324	2	False	False
s140488	10	2	False	False
s120862	93	2	False	False
s83155	319	2	False	False
s4896	1783	2	False	False
s140239	53	2	False	False
s114984	66	2	False	False
s4805	28	3	True	False
s83042	329	5	True	False
s83156	549	3	True	False
s4309	101677	4	True	False
s83160	5	2	False	False
s4657	161273	4	True	False
s140226	1	2	False	False
s105437	211	2	False	False
s132004	367	2	False	False
s105085	64	2	False	False
s82211	19	3	True	False
s744	47	3	True	False
s3194	168	2	False	False
s83012	199	3	True	False
s105413	18	4	True	False
s1368	57	4	True	False
s5249	88	2	False	False
s114813	244	2	False	False
s105356	301	2	False	False
s4071	56	2	False	False
s992	166788	4	True	False
s1650	80	2	False	False
s3291	69	3	True	False
s82860	1248	2	False	False
s82969	5	2	False	False
s82786	72	2	False	False
s4156	109	2	False	False
s2676	6	3	True	False
s121050	562	2	False	False
s3819	107	4	True	False
s582	203	2	False	False
s4111	55249	4	True	False
s1049	202	2	False	False
s82970	4	5	True	False
s2310	70320	4	True	False
s4618	69	2	False	False
s1254	55950	4	True	False
s114959	130	3	True	False
s104908	6	2	False	False
s1754	54	2	False	False
s82156	66	2	False	False
s82630	2809	2	False	False
s81961	1110	4	True	False
s825	250	3	True	False
s454	88	2	False	False
s140485	6	2	False	False
s178	1	2	False	False
s1705	8616	4	True	False
s1510	94856	4	True	False
s105653	547	2	False	False
s1784	90	4	True	False
s2191	2249	4	True	False
s129184	149	2	False	False
s1533	16	2	False	False
s114944	427	2	False	False
s104993	7	2	False	False
s5318	2	2	False	False
s125507	1	2	False	False
s108	103	3	True	False
s3170	12843	4	True	False
s81917	205	2	False	False
s140250	87	2	False	False
s5080	11943	4	True	False
s835	100	2	False	False
s1782	20177	4	True	False
s1018	5	2	False	False
s314	51	2	False	False
s105011	112	2	False	False
s105456	1572	5	True	False
s5014	74303	4	True	False
s4438	62479	4	True	False
s1841	6	4	True	False
s129238	1581	2	False	False
s81738	82	2	False	False
s120932	10	2	False	False
s120943	1	2	False	False
s1306	272	2	False	False
s168	62	3	True	False
s81493	243	2	False	False
s2054	7893	5	True	False
s105648	542	4	True	False
s105113	84	3	True	False
s131958	69	2	False	False
s2338	76	2	False	False
s5409	55552	4	True	False
s120911	67	2	False	False
s1867	26074	4	True	False
s134720	154	2	False	False
s82540	409	2	False	False
s1577	291310	5	True	False
s3427	106	3	True	False
s143407	82	2	False	False
s1194	3592	4	True	False
s129013	64	2	False	False
s81861	108	2	False	False
s131940	72	2	False	False
s81820	1	3	True	False
s83073	56	3	True	False
s82546	2745	2	False	False
s3311	548511	4	True	False
s671	3	2	False	False
s82618	316	4	True	False
s140278	141	2	False	False
s4185	288	2	False	False
s114629	56	2	False	False
s1372	40	4	True	False
s120757	326	2	False	False
s2711	212047	4	True	False
s134651	327	2	False	False
s4934	151	3	True	False
s1493	3495	4	True	False
s2128	175168	4	True	False
s5011	59	2	False	False
s129012	427	2	False	False
s125596	55	2	False	False
s1363	102	2	False	False
s2309	171064	4	True	False
s120989	18	2	False	False
s105740	26	3	True	False
s82263	321	2	False	False
s2704	32575	4	True	False
s82146	88	3	True	False
s140236	219	3	True	False
s132082	204	2	False	False
s5210	65	2	False	False
s3449	119878	4	True	False
s120	131	4	True	False
s81522	87	2	False	False
s104934	154	2	False	False
s120807	73	2	False	False
s3976	19	4	True	False
s3560	9178	4	True	False
s1303	29380	4	True	False
s120907	102	2	False	False
s1079	235	2	False	False
s2419	26444	4	True	False
s132080	172	2	False	False
s81514	304	4	True	False
s2785	58144	4	True	False
s131900	79	2	False	False
s3140	96706	4	True	False
s81356	57	2	False	False
s82310	1047	2	False	False
s120764	206	2	False	False
s3321	2621	2	False	False
s105098	1792	2	False	False
s114986	140	3	True	False
s4460	39891	4	True	False
s2510	319	4	True	False
s4247	71553	4	True	False
s125396	50	2	False	False
s82564	136	4	True	False
s140273	1	2	False	False
s2701	7773	4	True	False
s3732	9016	4	True	False
s1020	10045	2	False	False
s2849	57859	4	True	False
s134721	80	2	False	False
s1668	887	4	True	False
s82777	56	2	False	False
s105557	332	4	True	False
s82975	120	2	False	False
s3055	34969	4	True	False
s219	3060	4	True	False
s83220	94	4	True	False
s138282	562	2	False	False
s4121	172631	4	True	False
s105152	1592	3	True	False
s134628	1297	2	False	False
s83077	170	2	False	False
s81990	64	2	False	False
s3274	1573	2	False	False
s4226	155241	4	True	False
s407	35519	4	True	False
s4568	1	2	False	False
s4899	40998	4	True	False
s1499	43662	4	True	False
s104911	626	3	True	False
s2665	76	4	True	False
s2179	14	2	False	False
s83239	232	2	False	False
s2583	352301	4	True	False
s82131	316	2	False	False
s129198	4828	2	False	False
s1553	145391	4	True	False
s3061	11298	4	True	False
s105724	147	2	False	False
s3901	183	2	False	False
s4617	94444	4	True	False
s4342	199572	4	True	False
s104825	66	2	False	False
s81419	4	3	True	False
s1645	82	4	True	False
s866	382	4	True	False
s105033	108	2	False	False
s2093	114282	4	True	False
s2505	465	2	False	False
s3920	361365	4	True	False
s105618	286	2	False	False
s81708	527	3	True	False
s105187	312	2	False	False
s4755	41075	4	True	False
s125502	131	2	False	False
s2749	19020	4	True	False
s383	633	3	True	False
s4788	338	2	False	False
s138312	50	2	False	False
s81987	142	2	False	False
s114645	147	2	False	False
s1109	62	2	False	False
s81735	15	3	True	False
s114743	400	3	True	False
s2797	39303	4	True	False
s140248	63	2	False	False
s81962	327	3	True	False
s4738	78014	4	True	False
s5434	39	2	False	False
s1000	320	2	False	False
s453	661	5	True	False
s81855	2985	2	False	False
s32	5	2	False	False
s82198	95	2	False	False
s2102	332	2	False	False
s4511	227742	4	True	False
s493	758	4	True	False
s672	1661	4	True	False
s2299	144535	4	True	False
s5298	1	3	True	False
s1333	326818	4	True	False
s2180	19653	4	True	False
s2248	231	4	True	False
s2535	105	2	False	False
s5332	519	4	True	False
s121079	27	3	True	False
s105104	124	2	False	False
s600	43399	4	True	False
s1766	5112	4	True	False
s129074	68	2	False	False
s829	88	2	False	False
s105699	10	2	False	False
s105249	77	2	False	False
s83262	579	3	True	False
s115095	52	2	False	False
s3158	371	4	True	False
s105057	62	2	False	False
s105538	161	3	True	False
s143367	120	2	False	False
s137986	81	2	False	False
s138353	81	2	False	False
s137	91	2	False	False
s132000	795	3	True	False
s81668	3	3	True	False
s105604	1507	3	True	False
s131971	312	3	True	False
s4447	318	2	False	False
s9	15315	4	True	False
s2079	50	2	False	False
s2666	9335	4	True	False
s4209	36716	4	True	False
s125593	60	2	False	False
s82710	272	3	True	False
s1362	135157	4	True	False
s131953	50	2	False	False
s134813	957	2	False	False
s2139	29404	4	True	False
s105095	292	3	True	False
s82579	52	3	True	False
s137926	5	2	False	False
s996	69021	4	True	False
s81704	9	2	False	False
s83173	87	4	True	False
s82455	395	2	False	False
s5388	592	4	True	False
s132031	87	2	False	False
s81693	310	3	True	False
s105737	63	2	False	False
s129087	235	2	False	False
s134734	108	2	False	False
s114651	108	2	False	False
s81722	72	2	False	False
s114589	389	2	False	False
s3030	24124	4	True	False
s115076	3	2	False	False
s1574	3620	4	True	False
s114547	404	3	True	False
s129128	321	2	False	False
s105763	6	2	False	False
s105397	3385	2	False	False
s1164	9	2	False	False
s82129	268	3	True	False
s1520	35693	4	True	False
s2325	317	2	False	False
s143356	35	2	False	False
s1286	177043	4	True	False
s114980	114	2	False	False
s104855	271	2	False	False
s82967	199	3	True	False
s105323	605	2	False	False
s1979	93	4	True	False
s121135	51	2	False	False
s82902	1181	2	False	False
s5029	22785	4	True	False
s788	17045	5	True	False
s81741	115	2	False	False
s2305	85	2	False	False
s5047	63	4	True	False
s3488	199156	4	True	False
s105542	1352	4	True	False
s782	1	2	False	False
s833	87	2	False	False
s4262	121	5	True	False
s947	8741	4	True	False
s82965	40	4	True	False
s82067	58	2	False	False
s138294	251	2	False	False
s2990	4898	2	False	False
s134703	140	2	False	False
s4879	85088	4	True	False
s125511	221	3	True	False
s907	1	3	True	False
s115022	1	2	False	False
s2156	30591	4	True	False
s4863	280148	4	True	False
s2107	29095	4	True	False
s82298	107	2	False	False
s2918	312	2	False	False
s82830	308	2	False	False
s81352	18	2	False	False
s120909	118	2	False	False
s1584	273025	4	True	False
s105211	172	2	False	False
s125604	328	3	True	False
s3064	171	2	False	False
s81817	189	2	False	False
s114750	127	2	False	False
s105084	149	2	False	False
s1928	134338	4	True	False
s105188	61	2	False	False
s48	268	2	False	False
s5312	10144	4	True	False
s1406	26	4	True	False
s105054	82	2	False	False
s121117	186	2	False	False
s82931	55	4	True	False
s5056	236	4	True	False
s82558	314	3	True	False
s4227	3	2	False	False
s82424	48	3	True	False
s3762	88	4	True	False
s81863	3	2	False	False
s82149	128	3	True	False
s3723	96	2	False	False
s3324	5168	4	True	False
s83111	181	2	False	False
s5164	1	2	False	False
s666	2255	4	True	False
s134700	24	2	False	False
s1642	3	2	False	False
s3896	93	2	False	False
s125461	70	2	False	False
s2260	165155	4	True	False
s1849	79	2	False	False
s114921	16588	4	True	False
s81911	23	2	False	False
s2778	128	2	False	False
s862	57320	4	True	False
s82771	123	2	False	False
s2105	601962	4	True	False
s121009	3	2	False	False
s4558	314	2	False	False
s1536	52	4	True	False
s3337	267528	4	True	False
s5067	18	5	True	False
s1994	69	2	False	False
s81602	936	3	True	False
s143323	113	2	False	False
s138325	60	2	False	False
s82918	171	2	False	False
s5091	240	3	True	False
s373	28	4	True	False
s105644	302	4	True	False
s2782	44984	4	True	False
s83153	204	2	False	False
s4579	179	2	False	False
s980	24	3	True	False
s81574	459	2	False	False
s1071	372924	4	True	False
s1942	140	2	False	False
s81531	449	4	True	False
s2364	7	2	False	False
s5063	10510	4	True	False
s82120	76	2	False	False
s120761	66	2	False	False
s4119	3758	2	False	False
s1201	12	4	True	False
s105663	124	3	True	False
s1903	93566	4	True	False
s82048	386	4	True	False
s131928	58	2	False	False
s1013	124248	4	True	False
s125372	68	2	False	False
s4158	217	2	False	False
s1184	2	2	False	False
s114913	180	2	False	False
s105267	1	2	False	False
s82701	39	4	True	False
s134770	3751	3	True	False
s1599	542556	4	True	False
s371	63	2	False	False
s129016	62	2	False	False
s114943	706	4	True	False
s3533	78	2	False	False
s4895	21648	4	True	False
s721	8373	4	True	False
s134800	292	2	False	False
s33	194759	4	True	False
s138277	3629	3	True	False
s83277	5	4	True	False
s81405	1	2	False	False
s5050	112335	4	True	False
s83247	139	2	False	False
s104870	78	2	False	False
s81445	50	2	False	False
s82925	113	4	True	False
s121174	69	4	True	False
s143418	1	2	False	False
s140445	2	2	False	False
s125379	75	2	False	False
s129136	64	2	False	False
s134679	70	2	False	False
s4906	24078	4	True	False
s121175	72	2	False	False
s3104	410	4	True	False
s120838	2410	2	False	False
s1203	6172	4	True	False
s1435	1	2	False	False
s82746	339	3	True	False
s114586	123	2	False	False
s81802	83	2	False	False
s139647	38	2	False	False
s4561	129445	5	True	False
s25	7419	4	True	False
s105409	38	4	True	False
s104800	50	2	False	False
s4304	26608	4	True	False
s131978	70	2	False	False
s143362	1761	2	False	False
s104794	8893	4	True	False
s121156	168	2	False	False
s82914	77	2	False	False
s579	108	3	True	False
s3121	341	3	True	False
s143359	97	2	False	False
s82734	77	2	False	False
s2640	120	4	True	False
s3563	1	2	False	False
s114714	62	2	False	False
s1602	2	2	False	False
s125616	240	2	False	False
s125390	65	2	False	False
s3233	2	2	False	False
s541	428	2	False	False
s82547	92	5	True	False
s105148	1279	2	False	False
s83194	26	3	True	False
s117	30	3	True	False
s132011	2045	2	False	False
s505	515	3	True	False
s2495	62650	4	True	False
s143409	90	2	False	False
s3670	84	4	True	False
s3208	674	4	True	False
s143380	19	2	False	False
s134733	2	2	False	False
s81407	1299	2	False	False
s138227	60	2	False	False
s114749	140	2	False	False
s120920	1	2	False	False
s105615	210	4	True	False
s1277	19	2	False	False
s2724	330	2	False	False
s4418	313	2	False	False
s96477	50	2	False	False
s1344	126118	4	True	False
s114616	26	2	False	False
s131981	75	2	False	False
s2343	217	4	True	False
s4960	4983	4	True	False
s5214	957	4	True	False
s82984	167	3	True	False
s1132	110	2	False	False
s1444	56009	4	True	False
s132040	51	2	False	False
s81441	80	2	False	False
s145	163	4	True	False
s4285	12593	4	True	False
s1268	123564	4	True	False
s105351	6141	2	False	False
s83082	161	5	True	False
s57	16554	4	True	False
s4391	548036	4	True	False
s114594	324	2	False	False
s3301	1575	2	False	False
s1691	10	2	False	False
s3458	176	4	True	False
s81429	322	2	False	False
s81885	164	2	False	False
s1888	229289	4	True	False
s4278	176210	4	True	False
s3613	45594	4	True	False
s4936	245586	4	True	False
s125436	19	3	True	False
s104799	5618	3	True	False
s125600	63	2	False	False
s82422	195	3	True	False
s1445	20722	4	True	False
s2521	1	2	False	False
s115057	724	2	False	False
s3988	170039	4	True	False
s2021	3	2	False	False
s1135	10998	4	True	False
s1969	34	3	True	False
s1755	211274	4	True	False
s3902	272663	4	True	False
s2051	244619	4	True	False
s129103	13	3	True	False
s4079	339080	4	True	False
s1304	6219	4	True	False
s120875	71	2	False	False
s4404	53277	4	True	False
s1823	1	2	False	False
s105656	56	2	False	False
s81434	310	2	False	False
s4961	8	2	False	False
s177	195	4	True	False
s81948	341	2	False	False
s363	1	2	False	False
s120821	85	2	False	False
s4858	14235	4	True	False
s3656	92	2	False	False
s1478	60705	4	True	False
s1833	449564	4	True	False
s340	616	2	False	False
s142613	271	2	False	False
s82508	269	4	True	False
s134649	52	2	False	False
s81491	255	3	True	False
s2906	80736	4	True	False
s2927	47159	4	True	False
s82157	66	2	False	False
s5322	5	4	True	False
s475	193	5	True	False
s2626	85	2	False	False
s659	5912	4	True	False
s3431	129	2	False	False
s105280	170	4	True	False
s104988	7	2	False	False
s82364	72	2	False	False
s121087	237	2	False	False
s104981	79	2	False	False
s134781	68	2	False	False
s323	3134	4	True	False
s138255	2806	2	False	False
s2030	53490	4	True	False
s140247	48	2	False	False
s3142	244504	4	True	False
s105222	288	2	False	False
s105278	209	2	False	False
s93	118	4	True	False
s82868	58	2	False	False
s131915	62	2	False	False
s5005	13	2	False	False
s134739	870	2	False	False
s140426	70	2	False	False
s1619	98391	4	True	False
s1890	85	2	False	False
s125564	66	2	False	False
s1664	10	4	True	False
s134761	6	2	False	False
s125363	6345	3	True	False
s4824	180	4	True	False
s1459	48	4	True	False
s140437	70	2	False	False
s105046	64	2	False	False
s131885	1	2	False	False
s105206	7	2	False	False
s3052	30021	4	True	False
s3751	15980	4	True	False
s3830	17083	4	True	False
s105734	8	2	False	False
s882	45	4	True	False
s82934	28	3	True	False
s4870	24968	4	True	False
s125524	4	2	False	False
s129001	58	2	False	False
s4783	67	4	True	False
s121035	44	3	True	False
s1575	7241	2	False	False
s105209	335	2	False	False
s82938	125	4	True	False
s129116	156	2	False	False
s105681	90	2	False	False
s83095	164	4	True	False
s128	15	2	False	False
s2104	333	2	False	False
s82544	40	3	True	False
s132030	82	2	False	False
s81706	214	2	False	False
s3683	1	2	False	False
s3738	55	4	True	False
s4732	472854	4	True	False
s131941	54	2	False	False
s2658	48050	4	True	False
s114989	160	2	False	False
s3460	357	4	True	False
s125438	1	2	False	False
s253	200	2	False	False
s121171	59	2	False	False
s82724	13	3	True	False
s3155	1	2	False	False
s1601	93	3	True	False
s121054	81	2	False	False
s3119	88	3	True	False
s3355	3808	4	True	False
s82385	232	3	True	False
s138206	86	2	False	False
s4889	45584	4	True	False
s5265	2	3	True	False
s1927	52	2	False	False
s82228	79	2	False	False
s4733	177028	4	True	False
s81623	311	3	True	False
s12	239	2	False	False
s82286	2	2	False	False
s1503	252	4	True	False
s104987	17	2	False	False
s3418	257	2	False	False
s942	80	2	False	False
s143428	167	2	False	False
s3423	29	4	True	False
s4652	85492	4	True	False
s3713	22	4	True	False
s120853	2	2	False	False
s774	37	4	True	False
s81980	3	2	False	False
s82647	51	2	False	False
s129154	25	3	True	False
s5357	293	4	True	False
s125491	70	2	False	False
s143358	58	2	False	False
s129108	9	2	False	False
s3625	58	2	False	False
s105194	201	2	False	False
s105506	2309	4	True	False
s82401	678	3	True	False
s82703	30	3	True	False
s403	300	3	True	False
s3422	94	2	False	False
s3520	228922	4	True	False
s143337	10	2	False	False
s82980	385	4	True	False
s121058	49	2	False	False
s132056	59	2	False	False
s83141	1639	3	True	False
s2835	120471	4	True	False
s104837	320	2	False	False
s105170	38	3	True	False
s105771	1737	2	False	False
s354	37	4	True	False
s1208	6035	4	True	False
s635	264	2	False	False
s83314	68	3	True	False
s114610	122	3	True	False
s105134	353	4	True	False
s105215	112	4	True	False
s720	8797	5	True	False
s131999	248	3	True	False
s104868	1587	2	False	False
s120745	11943	5	True	False
s140497	1	2	False	False
s104846	63	2	False	False
s125361	48716	3	True	False
s2555	399372	4	True	False
s143363	4	2	False	False
s4275	16	3	True	False
s82640	91	2	False	False
s787	101	4	True	False
s81432	4	2	False	False
s105505	135	2	False	False
s129158	116	2	False	False
s131920	114	2	False	False
s1431	177	3	True	False
s140472	58	2	False	False
s2430	74	2	False	False
s82135	149	2	False	False
s3911	240203	4	True	False
s2576	122116	4	True	False
s82444	135	2	False	False
s3334	51418	4	True	False
s5348	251	2	False	False
s129148	11	2	False	False
s933	3350	2	False	False
s5273	1	2	False	False
s138337	75	2	False	False
s81725	6	2	False	False
s134804	823	4	True	False
s1689	98723	4	True	False
s81905	307	3	True	False
s121055	104	4	True	False
s140414	3	2	False	False
s83198	108	2	False	False
s1288	13	2	False	False
s81705	249	2	False	False
s215	9995	4	True	False
s2821	156	2	False	False
s2173	3064	2	False	False
s105767	201	3	True	False
s82092	321	2	False	False
s120893	472	4	True	False
s2544	62398	4	True	False
s143377	121	2	False	False
s998	3	2	False	False
s1547	19247	4	True	False
s105552	260	3	True	False
s4398	60	2	False	False
s82306	311	2	False	False
s2312	31742	4	True	False
s129170	204	3	True	False
s4852	257611	4	True	False
s4083	247899	4	True	False
s105614	205	2	False	False
s82881	262	2	False	False
s684	225	4	True	False
s3182	768	2	False	False
s82296	401	2	False	False
s3980	12	2	False	False
s105735	182	2	False	False
s83286	15	2	False	False
s1308	64	2	False	False
s2272	163538	4	True	False
s121133	165	2	False	False
s104838	338	2	False	False
s4399	154169	4	True	False
s104839	52	2	False	False
s297	49772	4	True	False
s105165	952	3	True	False
s1783	58	2	False	False
s120997	81	2	False	False
s82915	2270	4	True	False
s105105	637	5	True	False
s82983	1214	2	False	False
s105482	12	4	True	False
s3577	56	2	False	False
s105398	1	4	True	False
s3867	289885	4	True	False
s430	9593	4	True	False
s4009	68519	4	True	False
s479	6	2	False	False
s81715	144	2	False	False
s105778	1	2	False	False
s82756	364	4	True	False
s5344	147	4	True	False
s3109	401	5	True	False
s81528	26	4	True	False
s4668	55952	4	True	False
s82410	273	2	False	False
s4821	77	2	False	False
s605	12	2	False	False
s114929	2204	4	True	False
s114685	20	2	False	False
s1947	166	3	True	False
s2132	136408	4	True	False
s129019	10	2	False	False
s1327	57	2	False	False
s1152	63543	4	True	False
s480	1128	4	True	False
s82954	25	4	True	False
s5264	1340	2	False	False
s131989	66	2	False	False
s2350	48818	4	True	False
s105515	171	2	False	False
s96481	205	3	True	False
s105695	32	3	True	False
s83005	456	2	False	False
s114966	100	2	False	False
s134631	100	2	False	False
s140413	122	2	False	False
s81846	19	2	False	False
s115002	5158	3	True	False
s2311	322	2	False	False
s81876	198	2	False	False
s1580	76	2	False	False
s120985	138	2	False	False
s114671	305	2	False	False
s975	59924	4	True	False
s4773	159200	4	True	False
s114937	425	4	True	False
s82674	117	4	True	False
s105275	872	2	False	False
s416	15	3	True	False
s82224	79	3	True	False
s1617	4476	4	True	False
s125392	56	2	False	False
s92	4	2	False	False
s707	5702	4	True	False
s128998	1	2	False	False
s81699	10	2	False	False
s82147	57	2	False	False
s3235	56	4	True	False
s249	160	2	False	False
s4474	36504	4	True	False
s3220	314	9	True	False
s125562	3	2	False	False
s104952	1	2	False	False
s4565	274	5	True	False
s3813	112373	4	True	False
s81995	314	2	False	False
s137959	1902	2	False	False
s264	7	2	False	False
s114591	83	3	True	False
s129111	4	2	False	False
s83036	21	3	True	False
s83309	155	3	True	False
s105020	144	3	True	False
s138281	2898	3	True	False
s712	7135	4	True	False
s114529	10	2	False	False
s105066	71	2	False	False
s115010	74	2	False	False
s1030	2651	2	False	False
s82113	249	2	False	False
s122	3033	4	True	False
s105228	3	2	False	False
s82551	205	2	False	False
s5258	14	2	False	False
s105493	22	4	True	False
s105501	1	2	False	False
s104821	68	2	False	False
s137936	53	2	False	False
s941	189052	4	True	False
s2061	22392	4	True	False
s81830	59	2	False	False
s700	173	2	False	False
s81835	339	2	False	False
s556	157	4	True	False
s129224	70	2	False	False
s1951	268247	4	True	False
s144	42	4	True	False
s4263	154739	4	True	False
s1507	52	2	False	False
s139618	228	2	False	False
s81580	17	3	True	False
s83008	1946	4	True	False
s104968	79	2	False	False
s1228	49432	4	True	False
s81750	61	2	False	False
s114865	15	2	False	False
s114557	340	3	True	False
s105285	44	3	True	False
s3714	85	2	False	False
s129169	2	3	True	False
s3832	51	2	False	False
s105438	155	4	True	False
s697	732	2	False	False
s1773	24223	4	True	False
s83150	221	2	False	False
s2047	162	2	False	False
s105475	474	3	True	False
s140234	230	4	True	False
s4931	50538	4	True	False
s82521	56	4	True	False
s5191	759	4	True	False
s140474	317	2	False	False
s81895	4	2	False	False
s82843	31	3	True	False
s3880	57604	4	True	False
s82207	186	4	True	False
s2681	13860	4	True	False
s82468	34	3	True	False
s2509	80	2	False	False
s40	317	3	True	False
s4908	74	4	True	False
s82738	83	3	True	False
s105474	7	3	True	False
s114820	418	4	True	False
s3708	65618	4	True	False
s1198	6	3	True	False
s3612	41656	4	True	False
s105292	128	3	True	False
s2526	3	2	False	False
s3026	3750	2	False	False
s3349	10502	4	True	False
s81891	160	2	False	False
s105797	1552	2	False	False
s4191	225	2	False	False
s4969	7882	4	True	False
s81498	192	4	True	False
s104871	79	2	False	False
s115036	65	2	False	False
s967	37524	4	True	False
s4200	4	2	False	False
s4683	150	2	False	False
s5403	545	4	True	False
s4653	305318	4	True	False
s2726	1	2	False	False
s82107	55	2	False	False
s4145	20542	4	True	False
s2046	71033	4	True	False
s3346	259765	3	True	False
s129157	4	3	True	False
s3358	43940	4	True	False
s46	1	2	False	False
s105385	397	4	True	False
s1827	94212	4	True	False
s2418	52734	4	True	False
s115035	173	4	True	False
s81373	87	2	False	False
s125499	259	2	False	False
s3775	90	4	True	False
s761	11722	4	True	False
s139649	17	2	False	False
s4963	81	2	False	False
s81572	40	3	True	False
s105587	48	4	True	False
s82063	60	2	False	False
s125496	200	2	False	False
s125468	50	2	False	False
s2199	58	2	False	False
s82847	54	2	False	False
s3720	1452	4	True	False
s5426	11105	4	True	False
s4667	79	2	False	False
s134743	3	2	False	False
s3454	88	3	True	False
s81783	397	3	True	False
s132047	611	2	False	False
s2848	62	2	False	False
s2989	326355	4	True	False
s132005	103	3	True	False
s3486	101201	4	True	False
s82977	595	3	True	False
s105427	81	2	False	False
s82787	505	2	False	False
s129078	130	2	False	False
s1495	101	2	False	False
s125625	97	2	False	False
s114825	249	3	True	False
s2486	69828	5	True	False
s5106	13	3	True	False
s4689	11	2	False	False
s5339	64	2	False	False
s132033	144	2	False	False
s105584	85	2	False	False
s81703	2063	2	False	False
s140479	139	2	False	False
s83205	215	3	True	False
s5415	161	2	False	False
s2461	115	2	False	False
s474	235	3	True	False
s1921	3693	2	False	False
s121128	225	3	True	False
s3497	215	2	False	False
s1608	131294	4	True	False
s81923	60	2	False	False
s83053	38	2	False	False
s4440	327313	4	True	False
s125368	304	2	False	False
s143416	77	2	False	False
s4324	18056	4	True	False
s83046	24	2	False	False
s4096	73744	3	True	False
s81821	2	2	False	False
s125501	56	2	False	False
s82356	312	3	True	False
s82334	187	4	True	False
s427	63173	4	True	False
s2921	6	2	False	False
s121094	74	2	False	False
s2520	47524	4	True	False
s4417	4007	4	True	False
s115085	1770	3	True	False
s105551	13	2	False	False
s81914	178	2	False	False
s4701	28423	4	True	False
s121121	153	4	True	False
s4860	26	2	False	False
s105757	148	2	False	False
s4066	2797	4	True	False
s1686	74	2	False	False
s114561	65	2	False	False
s125543	270	2	False	False
s2114	276759	4	True	False
s114647	96	2	False	False
s5306	79	2	False	False
s5152	63	2	False	False
s121036	85	2	False	False
s81812	55	3	True	False
s81964	658	3	True	False
s3883	172238	4	True	False
s4641	23437	6	True	False
s143343	339	2	False	False
s120808	4230	2	False	False
s4422	57021	4	True	False
s3781	130	2	False	False
s5019	22664	4	True	False
s1391	32	4	True	False
s1526	83	3	True	False
s82030	78	2	False	False
s2700	526	2	False	False
s212	654	2	False	False
s1587	48383	4	True	False
s1892	182967	4	True	False
s244	19533	4	True	False
s3872	166713	4	True	False
s4563	2	2	False	False
s143383	220	2	False	False
s4267	21001	4	True	False
s105383	8	2	False	False
s82662	181	4	True	False
s83299	11	2	False	False
s1696	159616	5	True	False
s81756	8216	2	False	False
s1343	7098	4	True	False
s2543	249806	4	True	False
s3982	67	2	False	False
s4002	136413	4	True	False
s310	9619	4	True	False
s129093	91	2	False	False
s2017	9225	4	True	False
s140217	16	2	False	False
s263	51	4	True	False
s1413	74434	4	True	False
s2564	135527	4	True	False
s286	582	3	True	False
s120857	326	2	False	False
s1237	101921	4	True	False
s3342	51	2	False	False
s4518	50000	2	False	False
s83135	41	3	True	False
s105799	2216	2	False	False
s696	11856	5	True	False
s120899	64	2	False	False
s120881	96	2	False	False
s2511	61	2	False	False
s1075	280	2	False	False
s962	117	3	True	False
s105021	1	2	False	False
s138214	53	2	False	False
s4286	7922	2	False	False
s4947	280	3	True	False
s82949	241	2	False	False
s138347	1	2	False	False
s3527	204	2	False	False
s121005	180	4	True	False
s5064	124	2	False	False
s82201	122	3	True	False
s81890	54	2	False	False
s1882	7	2	False	False
s138326	55	2	False	False
s5183	62	2	False	False
s567	602	2	False	False
s114788	435	2	False	False
s105108	145	4	True	False
s129028	22	4	True	False
s82194	54	3	True	False
s140252	169	2	False	False
s2373	152651	4	True	False
s3554	98	3	True	False
s438	1	2	False	False
s1954	3855	2	False	False
s3496	261642	4	True	False
s134686	240	2	False	False
s5390	35911	4	True	False
s114945	4432	4	True	False
s1621	105	2	False	False
s81653	56	2	False	False
s2727	8	3	True	False
s1569	108	2	False	False
s125495	1	2	False	False
s121002	821	2	False	False
s104936	7	2	False	False
s82800	58	3	True	False
s82670	5	2	False	False
s4256	46086	4	True	False
s2205	48782	4	True	False
s114819	71	2	False	False
s125475	774	2	False	False
s1978	74	2	False	False
s82907	99	2	False	False
s81381	134	2	False	False
s4845	79340	4	True	False
s1543	1436	4	True	False
s4519	26774	4	True	False
s1354	34	3	True	False
s1640	143433	4	True	False
s105811	13	2	False	False
s82483	3	2	False	False
s105082	40	4	True	False
s125505	7	2	False	False
s134748	19	2	False	False
s83199	59	2	False	False
s114574	60	2	False	False
s140417	1	2	False	False
s125371	2659	2	False	False
s2768	123681	4	True	False
s104796	96298	4	True	False
s105645	715	2	False	False
s1770	354	2	False	False
s81646	91	2	False	False
s138338	224	2	False	False
s72	12927	4	True	False
s134759	107423	2	False	False
s81457	57	3	True	False
s365	12	2	False	False
s3763	1223013	4	True	False
s4875	86	4	True	False
s83206	41	2	False	False
s1923	6	2	False	False
s468	3	2	False	False
s3225	1068	4	True	False
s134655	45384	3	True	False
s125370	66	2	False	False
s140442	26454	2	False	False
s131948	76	2	False	False
s131973	127	3	True	False
s2003	69141	4	True	False
s114914	417	4	True	False
s83169	104	3	True	False
s125533	5	2	False	False
s321	51	2	False	False
s125619	91	2	False	False
s905	116	4	True	False
s3817	110	2	False	False
s2603	172457	4	True	False
s83035	22	2	False	False
s4202	105	2	False	False
s764	65186	4	True	False
s5196	16243	4	True	False
s120964	21	2	False	False
s2890	69057	4	True	False
s121033	112	3	True	False
s82111	58	2	False	False
s81480	53	2	False	False
s134640	60	2	False	False
s2645	75	2	False	False
s105697	94	2	False	False
s134778	49	2	False	False
s1915	273514	4	True	False
s1179	3042	4	True	False
s120959	245	2	False	False
s81567	324	2	False	False
s4067	205	2	False	False
s120779	59	2	False	False
s4746	417	2	False	False
s4978	11669	4	True	False
s82753	82	3	True	False
s125457	72	2	False	False
s2388	4455	4	True	False
s142612	310	2	False	False
s2857	111	2	False	False
s105414	80	2	False	False
s5195	62	2	False	False
s105606	1966	2	False	False
s82281	15	3	True	False
s752	6534	4	True	False
s1744	6829	4	True	False
s3925	80082	4	True	False
s3954	57949	4	True	False
s1958	108320	4	True	False
s82582	35	3	True	False
s853	136222	4	True	False
s2753	7	4	True	False
s2976	5414	4	True	False
s82597	94	4	True	False
s235	64	2	False	False
s1708	50674	4	True	False
s105507	599	3	True	False
s125420	55	2	False	False
s82423	13	2	False	False
s114867	255	2	False	False
s3768	227645	4	True	False
s114693	113	2	False	False
s2233	242	4	True	False
s5168	48	4	True	False
s561	146	3	True	False
s134660	45	2	False	False
s105416	80	2	False	False
s4296	6973	4	True	False
s114724	61	2	False	False
s3370	70	3	True	False
s105018	315	2	False	False
s125441	18	2	False	False
s1313	5	2	False	False
s138243	217	2	False	False
s81945	2663	2	False	False
s3161	81	2	False	False
s104970	64	2	False	False
s4333	81794	4	True	False
s1215	8960	4	True	False
s82804	367	3	True	False
s143335	1211	2	False	False
s1961	26	2	False	False
s1655	10	3	True	False
s4751	1103	2	False	False
s288	1	2	False	False
s140269	10	2	False	False
s143326	143	2	False	False
s2308	75	2	False	False
s932	69438	4	True	False
s83217	8	3	True	False
s4171	178	2	False	False
s358	13	2	False	False
s2659	319	2	False	False
s5290	131	4	True	False
s83219	21	3	True	False
s143419	331	2	False	False
s120798	2	2	False	False
s129150	6063	2	False	False
s5296	130	4	True	False
s140438	18	2	False	False
s125408	5	2	False	False
s3206	461	4	True	False
s2348	7720	4	True	False
s137988	99	2	False	False
s132064	247	2	False	False
s82839	67	2	False	False
s4403	322	2	False	False
s2209	86386	4	True	False
s83133	88	2	False	False
s5365	129	4	True	False
s131975	54	2	False	False
s83212	55	3	True	False
s83125	302	4	True	False
s134782	79	4	True	False
s114722	1	2	False	False
s2393	12	2	False	False
s1539	1	2	False	False
s105246	265	2	False	False
s105031	247	2	False	False
s443	255	2	False	False
s1	126241	2	False	False
s105677	197	4	True	False
s134769	70	2	False	False
s3936	60703	4	True	False
s125416	340	2	False	False
s2647	16224	4	True	False
s81652	332	4	True	False
s81897	25	2	False	False
s3833	266132	4	True	False
s2501	316	4	True	False
s1108	16223	5	True	False
s140430	442	2	False	False
s409	6712	4	True	False
s114512	47	3	True	False
s131924	310	2	False	False
s4769	6932	4	True	False
s82478	95	2	False	False
s234	18576	4	True	False
s83026	147	3	True	False
s82950	796	4	True	False
s105621	294	5	True	False
s143397	313	2	False	False
s81547	2	2	False	False
s105288	48	3	True	False
s114704	95	2	False	False
s125429	551	2	False	False
s800	165	3	True	False
s81615	2814	2	False	False
s4346	611666	4	True	False
s4350	26794	4	True	False
s4785	16	2	False	False
s104982	116	2	False	False
s1451	137	2	False	False
s114798	1	2	False	False
s1514	52	2	False	False
s82439	4	2	False	False
s114774	61	2	False	False
s132044	597	2	False	False
s4612	5	4	True	False
s2646	371344	4	True	False
s4310	91	2	False	False
s2900	1034	2	False	False
s81636	50	2	False	False
s125602	90	2	False	False
s1437	2266	2	False	False
s96484	2087	2	False	False
s105238	104	2	False	False
s1711	26973	4	True	False
s5057	20979	4	True	False
s105452	1184	4	True	False
s81513	384	2	False	False
s129242	1550	2	False	False
s5117	15141	4	True	False
s104860	6	2	False	False
s82477	93	2	False	False
s2154	331	2	False	False
s785	40	3	True	False
s2715	16167	4	True	False
s3377	711760	4	True	False
s3402	52120	4	True	False
s4619	45587	4	True	False
s2400	103809	4	True	False
s125366	68	2	False	False
s82622	39	4	True	False
s4204	1923	2	False	False
s105340	1255	3	True	False
s82615	75	2	False	False
s82319	19	3	True	False
s129144	56	2	False	False
s140218	63	2	False	False
s1428	60	2	False	False
s140283	1517	2	False	False
s747	1010	5	True	False
s5197	94	2	False	False
s82849	1337	3	True	False
s82139	241	2	False	False
s105369	409	4	True	False
s1276	86415	6	True	False
s138209	91	2	False	False
s4410	29	4	True	False
s3834	61461	4	True	False
s105451	4	4	True	False
s82595	20	3	True	False
s143331	1484	2	False	False
s4178	225	2	False	False
s82737	149	3	True	False
s3853	324	2	False	False
s120874	98	3	True	False
s1490	51	2	False	False
s1467	196	2	False	False
s114828	73	3	True	False
s121179	471	2	False	False
s138217	222	2	False	False
s82325	62	3	True	False
s137938	92	2	False	False
s3962	101242	4	True	False
s5347	21	3	True	False
s3467	62	2	False	False
s940	62	2	False	False
s120949	121	2	False	False
s176	150	2	False	False
s2986	57	2	False	False
s1144	39576	4	True	False
s125489	78	2	False	False
s4218	4	3	True	False
s3239	309	4	True	False
s129192	617	2	False	False
s1813	27039	4	True	False
s4958	5816	4	True	False
s2855	24	3	True	False
s120770	343	3	True	False
s3236	238	4	True	False
s3805	108	3	True	False
s105124	58	5	True	False
s3434	136428	4	True	False
s3245	23312	4	True	False
s898	6	2	False	False
s104864	70	2	False	False
s131934	5132	2	False	False
s83136	51	2	False	False
s2862	26632	4	True	False
s105089	2	2	False	False
s120760	13	2	False	False
s105403	2465	4	True	False
s81682	351	2	False	False
s129240	31	2	False	False
s132071	303	2	False	False
s4528	92	2	False	False
s81692	1600	2	False	False
s1337	102802	4	True	False
s114950	88	3	True	False
s1283	16005	4	True	False
s1556	127	2	False	False
s562	859	4	True	False
s1801	20053	4	True	False
s120979	553	4	True	False
s105186	206	3	True	False
s964	62	4	True	False
s4394	47	3	True	False
s3445	396	4	True	False
s121147	95	2	False	False
s125458	1963	2	False	False
s4941	75	2	False	False
s81471	698	2	False	False
s134659	2527	2	False	False
s105596	280	4	True	False
s1394	2	2	False	False
s140216	1	2	False	False
s129117	57	2	False	False
s134639	52	2	False	False
s3863	699	2	False	False
s82702	1	2	False	False
s1214	4	2	False	False
s2687	120081	4	True	False
s82342	79	2	False	False
s4916	208487	4	True	False
s114775	60	2	False	False
s5205	116	4	True	False
s132065	104	2	False	False
s4321	64	2	False	False
s105367	4240	2	False	False
s4637	329	2	False	False
s4392	3	2	False	False
s2404	472807	4	True	False
s114954	139	4	True	False
s840	1	2	False	False
s82430	396	3	True	False
s83116	108	3	True	False
s82279	26	3	True	False
s82393	2105	2	False	False
s114782	623	2	False	False
s4193	528948	4	True	False
s4724	35875	4	True	False
s82346	420	2	False	False
s1944	453	4	True	False
s1491	29200	4	True	False
s104928	333	2	False	False
s82655	364	4	True	False
s5418	111	4	True	False
s139619	3	2	False	False
s754	11803	4	True	False
s1284	66	2	False	False
s121137	320	2	False	False
s5179	157	3	True	False
s2786	19	3	True	False
s1285	7315	4	True	False
s81396	124	2	False	False
s4300	102438	4	True	False
s3592	193718	4	True	False
s115024	1	2	False	False
s81397	96	2	False	False
s115040	283	2	False	False
s306	29417	4	True	False
s5435	1	4	True	False
s515	241	4	True	False
s4370	97601	4	True	False
s120805	6	2	False	False
s3382	50	2	False	False
s104843	178	2	False	False
s114939	505	4	True	False
s1418	4674	2	False	False
s82493	183	2	False	False
s1349	31	2	False	False
s3854	332266	4	True	False
s81472	568	3	True	False
s82499	6	2	False	False
s105241	197	2	False	False
s2488	149476	4	True	False
s3315	4981	4	True	False
s82968	69	4	True	False
s105526	189	4	True	False
s114888	845	2	False	False
s4729	24291	4	True	False
s3136	59	4	True	False
s2942	132468	4	True	False
s132014	709	2	False	False
s104926	2	2	False	False
s82154	428	3	True	False
s81661	360	4	True	False
s125522	12	2	False	False
s1884	56	2	False	False
s843	51	2	False	False
s125498	82	2	False	False
s82555	204	2	False	False
s735	55	2	False	False
s2281	68442	4	True	False
s114530	86	2	False	False
s121197	141	2	False	False
s2984	154	3	True	False
s134796	68	2	False	False
s105347	62	2	False	False
s5421	75	2	False	False
s4642	4693	4	True	False
s105352	1309	5	True	False
s82374	693	4	True	False
s81992	33	3	True	False
s2643	83	2	False	False
s3101	296	2	False	False
s134717	83	2	False	False
s955	54	2	False	False
s82056	194	2	False	False
s4774	155	2	False	False
s81872	5	2	False	False
s115049	2	2	False	False
s121098	105	2	False	False
s129193	501	2	False	False
s105266	61	2	False	False
s131912	50	2	False	False
s1657	285	2	False	False
s132081	180	2	False	False
s104907	1	2	False	False
s125552	6	2	False	False
s1009	27674	4	True	False
s83281	382	4	True	False
s4325	111177	4	True	False
s104807	320	2	False	False
s132068	7	2	False	False
s131988	1	2	False	False
s1111	322723	4	True	False
s1616	317704	4	True	False
s193	23860	4	True	False
s248	4036	4	True	False
s129002	1	2	False	False
s129151	72	2	False	False
s4421	6106	2	False	False
s4676	193333	4	True	False
s114873	1004	4	True	False
s3157	203	2	False	False
s316	53	2	False	False
s79	6254	4	True	False
s105583	128	3	True	False
s82848	36	3	True	False
s105477	110	4	True	False
s104877	6	2	False	False
s137984	773	2	False	False
s125574	164	2	False	False
s4904	402	2	False	False
s5420	4834	4	True	False
s4387	12	2	False	False
s1477	59514	4	True	False
s82013	112	2	False	False
s746	1	2	False	False
s1857	240266	4	True	False
s1321	410227	4	True	False
s856	64985	4	True	False
s105657	194	4	True	False
s2492	124149	4	True	False
s82176	444	2	False	False
s1832	6	2	False	False
s1661	1	2	False	False
s81599	2	2	False	False
s82274	107	3	True	False
s1821	402677	4	True	False
s134723	93	2	False	False
s115031	141	4	True	False
s3967	335	2	False	False
s3105	78	2	False	False
s3764	32	2	False	False
s82566	29	4	True	False
s1404	45391	4	True	False
s1681	191376	4	True	False
s5002	6	3	True	False
s81509	82	2	False	False
s105508	2167	4	True	False
s5169	14972	4	True	False
s1908	31146	4	True	False
s1370	132557	5	True	False
s138222	58	2	False	False
s1975	398	4	True	False
s82749	54	2	False	False
s5113	14428	4	True	False
s140253	297	2	False	False
s81649	13	2	False	False
s115020	112	3	True	False
s139639	5081	2	False	False
s4329	85	2	False	False
s1869	94	2	False	False
s2181	355	2	False	False
s4183	90	2	False	False
s2059	50	2	False	False
s1720	40362	4	True	False
s3900	132494	4	True	False
s140511	1	2	False	False
s82619	372	2	False	False
s3575	9637	4	True	False
s3406	48062	4	True	False
s81719	240	2	False	False
s105332	119	2	False	False
s5166	9	2	False	False
s114728	113	2	False	False
s3374	1	2	False	False
s81979	19	3	True	False
s1702	32106	4	True	False
s114765	1	2	False	False
s134763	1	2	False	False
s120977	252	4	True	False
s140412	189	2	False	False
s2566	90	2	False	False
s82096	81	2	False	False
s134707	50616	2	False	False
s82665	81	5	True	False
s2405	45422	4	True	False
s5227	78	4	True	False
s104964	62	2	False	False
s3664	46173	4	True	False
s82321	166	2	False	False
s138330	347	2	False	False
s68	1408	4	True	False
s3786	25	4	True	False
s104903	316	2	False	False
s105120	73	2	False	False
s1204	322	2	False	False
s82626	61	4	True	False
s82122	317	2	False	False
s129085	344	2	False	False
s82236	21	2	False	False
s5402	175	3	True	False
s129070	321	2	False	False
s105541	362	2	False	False
s140418	5	2	False	False
s1970	58	3	True	False
s104990	5	2	False	False
s3792	223783	4	True	False
s4571	142537	4	True	False
s2742	40413	4	True	False
s1595	134220	4	True	False
s570	374	4	True	False
s140467	76	2	False	False
s114554	9	2	False	False
s4364	151961	4	True	False
s3040	288487	4	True	False
s81571	326	2	False	False
s5076	46394	4	True	False
s131925	2	2	False	False
s1412	123903	4	True	False
s3153	68	2	False	False
s105344	5	2	False	False
s139641	321	2	False	False
s1752	2	2	False	False
s139646	1	2	False	False
s1443	103148	4	True	False
s5039	1	2	False	False
s1694	77	4	True	False
s3939	21025	4	True	False
s115061	125	4	True	False
s3330	275620	4	True	False
s82719	10	4	True	False
s3984	52	2	False	False
s3507	140711	4	True	False
s81742	452	3	True	False
s3981	129878	4	True	False
s3022	11020	4	True	False
s81659	95	4	True	False
s120771	2	2	False	False
s275	196	4	True	False
s81951	116	2	False	False
s131916	51	2	False	False
s82529	19	3	True	False
s5074	9	2	False	False
s131914	90	2	False	False
s83235	81	2	False	False
s1853	288433	4	True	False
s1765	829	3	True	False
s81803	27	2	False	False
s105691	42	4	True	False
s1449	329	2	False	False
s114891	917	3	True	False
s2793	8266	4	True	False
s2287	5	2	False	False
s798	19	4	True	False
s5428	417	4	True	False
s105667	3695	3	True	False
s778	93	2	False	False
s105519	193	4	True	False
s4184	66123	4	True	False
s138355	11	2	False	False
s250	176	4	True	False
s3797	124	5	True	False
s83009	95	2	False	False
s4762	88	2	False	False
s1023	219074	4	True	False
s466	171	2	False	False
s3401	726	4	True	False
s2131	319	2	False	False
s2213	543287	4	True	False
s105202	338	4	True	False
s140259	1	2	False	False
s1325	7460	4	True	False
s105390	45	3	True	False
s878	33567	4	True	False
s137980	52	2	False	False
s5083	82	2	False	False
s82617	197	2	False	False
s82109	18	2	False	False
s104816	96	2	False	False
s3808	95291	4	True	False
s642	3454	4	True	False
s105195	683	2	False	False
s1529	3498	4	True	False
s5027	34	4	True	False
s5129	530	4	True	False
s105784	171	2	False	False
s4626	12	4	True	False
s82951	19	5	True	False
s664	152	2	False	False
s1253	166	2	False	False
s114542	78	2	False	False
s3648	27720	4	True	False
s711	9696	4	True	False
s2415	3869	2	False	False
s82732	270	4	True	False
s1578	8444	5	True	False
s2604	71	2	False	False
s140469	1996	2	False	False
s140242	59	2	False	False
s105563	3423	4	True	False
s1101	185	2	False	False
s2053	25	2	False	False
s2705	4	2	False	False
s131955	73840	2	False	False
s121038	282	2	False	False
s140502	10	2	False	False
s82752	216	3	True	False
s82415	780	4	True	False
s549	1472	4	True	False
s3318	119126	4	True	False
s2334	51	2	False	False
s105282	116	4	True	False
s81748	319	3	True	False
s3943	1901	2	False	False
s1500	1	4	True	False
s4859	92	3	True	False
s82522	96	2	False	False
s105761	77	2	False	False
s105556	28	3	True	False
s887	5807	4	True	False
s82802	98	3	True	False
s4792	170	2	False	False
s82417	321	2	False	False
s3546	95218	4	True	False
s3079	16533	4	True	False
s82809	197	4	True	False
s1998	4	2	False	False
s83293	8	2	False	False
s2032	198484	4	True	False
s4594	175288	4	True	False
s4909	73	3	True	False
s4905	34221	4	True	False
s357	162	3	True	False
s138286	2611	2	False	False
s3343	142657	4	True	False
s10	816	2	False	False
s5396	51073	4	True	False
s2409	611	2	False	False
s2425	96	2	False	False
s105800	189	3	True	False
s82070	1094	2	False	False
s3501	325	2	False	False
s1422	33058	4	True	False
s1976	28	4	True	False
s140456	23	2	False	False
s81875	2260	2	False	False
s143422	566	2	False	False
s83098	7	2	False	False
s105060	1011	2	False	False
s105037	319	2	False	False
s4452	18691	4	True	False
s1275	180	2	False	False
s83123	784	4	True	False
s5162	1	2	False	False
s2856	2051	4	True	False
s3438	992	4	True	False
s104801	330	2	False	False
s3177	20	2	False	False
s114520	56	2	False	False
s5133	19821	4	True	False
s5429	108164	4	True	False
s2574	121248	4	True	False
s82513	134	4	True	False
s210	186	3	True	False
s3181	33673	5	True	False
s528	276	2	False	False
s82678	179	4	True	False
s3505	32105	4	True	False
s3189	128	4	True	False
s82911	192	4	True	False
s2911	8	2	False	False
s114638	564	2	False	False
s3856	202611	4	True	False
s114915	282	2	False	False
s160	18495	4	True	False
s83004	2247	2	False	False
s4118	184307	4	True	False
s114746	51	2	False	False
s5345	55	2	False	False
s131902	76	2	False	False
s114659	104	2	False	False
s602	2074	4	True	False
s2027	79447	4	True	False
s3907	113450	4	True	False
s388	63988	4	True	False
s225	83	4	True	False
s105641	196	4	True	False
s129181	700	4	True	False
s839	22707	4	True	False
s1064	11	3	True	False
s83304	53	3	True	False
s3078	40669	4	True	False
s125388	164	2	False	False
s81751	34	3	True	False
s105171	103	3	True	False
s105030	11	2	False	False
s4957	239649	4	True	False
s82543	159	3	True	False
s139651	1	2	False	False
s82065	360	2	False	False
s83112	311	4	True	False
s105405	912	3	True	False
s3958	64	3	True	False
s4601	76	2	False	False
s517	213	4	True	False
s105213	6	3	True	False
s1147	147033	4	True	False
s2736	198336	4	True	False
s2271	65288	4	True	False
s4189	5	3	True	False
s105625	172	4	True	False
s2721	23927	4	True	False
s125553	3	3	True	False
s2119	857	2	False	False
s1136	74	2	False	False
s485	1018	3	True	False
s4868	168388	4	True	False
s5282	524	3	True	False
s114770	3	2	False	False
s139638	388	2	False	False
s184	301	4	True	False
s4050	764	2	False	False
s129130	541	2	False	False
s3131	72	2	False	False
s83092	147	3	True	False
s105380	149	4	True	False
s121142	6	2	False	False
s3472	108814	4	True	False
s131906	146	2	False	False
s125529	76	2	False	False
s1357	17001	4	True	False
s2732	7762	4	True	False
s1898	42	4	True	False
s120988	424	2	False	False
s2236	63	2	False	False
s2381	19752	4	True	False
s81633	164	2	False	False
s1660	142770	4	True	False
s2316	68183	4	True	False
s82414	46	3	True	False
s81688	408	2	False	False
s2803	70	2	False	False
s1561	81	3	True	False
s2268	122	2	False	False
s121192	27	2	False	False
s2336	43	2	False	False
s81841	13	2	False	False
s4021	83985	4	True	False
s114893	70	2	False	False
s125485	21	3	True	False
s104832	55	2	False	False
s2413	60	2	False	False
s4297	100	2	False	False
s4534	76127	5	True	False
s693	10833	4	True	False
s4389	5	2	False	False
s2278	96027	4	True	False
s1798	106953	4	True	False
s120845	9	2	False	False
s82473	113	2	False	False
s1862	1	2	False	False
s81837	2522	2	False	False
s3340	28867	4	True	False
s5358	65	2	False	False
s4287	16731	4	True	False
s81793	315	2	False	False
s2475	170878	4	True	False
s82429	54	2	False	False
s105679	177	3	True	False
s83054	107	3	True	False
s104892	35	2	False	False
s3508	328	2	False	False
s120756	79	2	False	False
s2147	24	4	True	False
s513	181	4	True	False
s83294	22	4	True	False
s105009	77	2	False	False
s4781	2332	4	True	False
s120869	38	2	False	False
s140471	355	2	False	False
s1861	12291	4	True	False
s81777	56	3	True	False
s82363	120	4	True	False
s5338	3987	4	True	False
s1972	261245	4	True	False
s82256	320	3	True	False
s3159	2	2	False	False
s3674	206759	4	True	False
s82962	50	2	False	False
s124	10	3	True	False
s847	244	2	False	False
s104879	21	2	False	False
s134787	107	2	False	False
s4371	48	4	True	False
s3701	16906	4	True	False
s105484	188	4	True	False
s140493	1	2	False	False
s104809	50	2	False	False
s129219	1453	2	False	False
s105331	4	2	False	False
s82125	80	2	False	False
s201	61	3	True	False
s5114	101	4	True	False
s140230	65	2	False	False
s2938	130	2	False	False
s83310	171	3	True	False
s1029	6604	4	True	False
s4714	7779	5	True	False
s82308	298	2	False	False
s105527	482	2	False	False
s5329	203	2	False	False
s2910	93499	4	True	False
s83080	82	4	True	False
s2411	6704	2	False	False
s82714	202	3	True	False
s121020	81	2	False	False
s138271	81	3	True	False
s1180	25772	4	True	False
s138276	104	2	False	False
s125375	125	2	False	False
s114970	88	2	False	False
s2575	71261	4	True	False
s125463	50	2	False	False
s3721	12	2	False	False
s841	88868	4	True	False
s1027	1	2	False	False
s1112	128714	4	True	False
s293	1	2	False	False
s550	212	2	False	False
s884	100	2	False	False
s4336	44818	4	True	False
s1084	51935	4	True	False
s114511	75	2	False	False
s82128	173	2	False	False
s121099	225	2	False	False
s540	447	4	True	False
s81526	116	4	True	False
s2887	624	4	True	False
s137979	1023	2	False	False
s82159	86	2	False	False
s392	58	3	True	False
s4379	8	2	False	False
s4216	55577	5	True	False
s121107	58	2	False	False
s82305	40801	3	True	False
s114753	212	2	False	False
s125519	93	2	False	False
s82755	26	3	True	False
s685	11	2	False	False
s2892	50	2	False	False
s81690	60	3	True	False
s4129	9149	4	True	False
s545	329	2	False	False
s104953	119	2	False	False
s82562	204	4	True	False
s1965	348	2	False	False
s2301	116	2	False	False
s120790	1742	2	False	False
s104941	72	2	False	False
s105780	76	2	False	False
s716	61	2	False	False
s4886	92	2	False	False
s81969	87	2	False	False
s2802	275	4	True	False
s217	1568	4	True	False
s691	1	2	False	False
s1199	9	2	False	False
s3499	121	2	False	False
s4507	79960	4	True	False
s3677	91083	4	True	False
s2290	50	4	True	False
s3122	109	5	True	False
s82238	98	2	False	False
s2633	49	4	True	False
s121014	13	2	False	False
s4238	508	2	False	False
s105639	605	2	False	False
s83087	28	3	True	False
s3276	5086	4	True	False
s4326	1481	2	False	False
s141	18340	5	True	False
s81957	682	4	True	False
s455	183	4	True	False
s82708	235	2	False	False
s3227	5261	4	True	False
s2153	33780	4	True	False
s82112	384	2	False	False
s82997	980	2	False	False
s81901	820	2	False	False
s2952	86	2	False	False
s82105	48	3	True	False
s143384	93	2	False	False
s3127	414	4	True	False
s4420	180658	4	True	False
s1163	9847	4	True	False
s2672	51655	4	True	False
s83126	165	2	False	False
s1358	4675	4	True	False
s105093	131	3	True	False
s115053	316	2	False	False
s2722	1156	2	False	False
s114508	88	2	False	False
s137933	4	2	False	False
s4962	1812	4	True	False
s2145	2756	4	True	False
s120783	331	2	False	False
s82343	90	2	False	False
s3073	3031	5	True	False
s2097	293	3	True	False
s125471	99	2	False	False
s4411	27	2	False	False
s3471	425449	4	True	False
s82580	149	3	True	False
s359	46	3	True	False
s82500	899	2	False	False
s3404	36158	4	True	False
s105582	232	4	True	False
s120894	106	2	False	False
s134634	25	2	False	False
s1518	50325	4	True	False
s114904	170	2	False	False
s4703	34122	4	True	False
s82331	283	3	True	False
s451	85	4	True	False
s3392	149926	4	True	False
s81991	47	4	True	False
s121153	279	2	False	False
s2826	5318	4	True	False
s131876	7349	2	False	False
s82506	63	4	True	False
s114573	8	2	False	False
s82232	17	2	False	False
s105683	1	2	False	False
s4372	7	2	False	False
s82713	642	2	False	False
s3773	104281	4	True	False
s105155	116	2	False	False
s4374	109411	4	True	False
s129032	70	2	False	False
s121131	2154	2	False	False
s105210	653	2	False	False
s1054	35701	4	True	False
s1672	249	2	False	False
s81985	58	2	False	False
s3562	7368	4	True	False
s4576	6388	4	True	False
s82836	15	2	False	False
s237	174	2	False	False
s104882	573	2	False	False
s2124	389425	4	True	False
s2572	727476	4	True	False
s1243	100052	4	True	False
s361	95	2	False	False
s2337	12	4	True	False
s1091	3170	3	True	False
s105393	3300	3	True	False
s2247	322	4	True	False
s120742	1	2	False	False
s81787	323	2	False	False
s4584	63	3	True	False
s105070	5888	3	True	False
s105358	546	4	True	False
s105185	60	4	True	False
s4973	74	2	False	False
s2322	99	3	True	False
s875	40648	4	True	False
s143406	86	2	False	False
s1065	44	3	True	False
s995	72172	4	True	False
s3993	146773	4	True	False
s1434	155	5	True	False
s81559	2	2	False	False
s104817	56	2	False	False
s2417	1101	2	False	False
s131962	69	2	False	False
s4532	69	2	False	False
s115	140	4	True	False
s105212	1	3	True	False
s129037	72	2	False	False
s1589	38130	4	True	False
s632	91	3	True	False
s5104	143	3	True	False
s3647	82581	4	True	False
s3926	661190	4	True	False
s81977	146	3	True	False
s4838	42271	4	True	False
s2639	70	2	False	False
s1024	125	2	False	False
s734	1544	4	True	False
s2066	191	3	True	False
s3884	181	2	False	False
s105459	1604	2	False	False
s2010	1	2	False	False
s4212	58	2	False	False
s120773	12	2	False	False
s3733	39025	4	True	False
s4812	43593	4	True	False
s83228	11	3	True	False
s134712	301	2	False	False
s266	162	3	True	False
s83032	246	4	True	False
s120859	53	2	False	False
s140436	77	2	False	False
s226	201	4	True	False
s5215	90	2	False	False
s105355	1284	5	True	False
s3017	3702	4	True	False
s4885	22729	4	True	False
s1323	95	4	True	False
s81374	2991	4	True	False
s105050	290	2	False	False
s138263	5	2	False	False
s526	155	4	True	False
s131911	96	2	False	False
s5255	2338	4	True	False
s83197	324	2	False	False
s81806	328	2	False	False
s114804	765	3	True	False
s140263	79	2	False	False
s552	702	2	False	False
s5176	443	4	True	False
s105368	2779	4	True	False
s4727	60726	4	True	False
s83271	230	2	False	False
s82081	230	2	False	False
s3403	54	2	False	False
s2277	38	4	True	False
s134665	63	2	False	False
s104899	69	2	False	False
s2524	79042	4	True	False
s328	4918	4	True	False
s4623	70011	4	True	False
s574	1144	4	True	False
s82639	287	4	True	False
s3070	137	4	True	False
s140524	1	2	False	False
s3266	189	4	True	False
s129075	91	3	True	False
s3463	31	4	True	False
s131927	78	2	False	False
s5090	192	2	False	False
s1724	4267	4	True	False
s114842	66	3	True	False
s121064	121	2	False	False
s129165	97	2	False	False
s81729	56	2	False	False
s5046	29	3	True	False
s125573	157	2	False	False
s105791	13	2	False	False
s82041	171	4	True	False
s81617	126	2	False	False
s140254	138	2	False	False
s3289	55	2	False	False
s125423	60	3	True	False
s2637	9	5	True	False
s81871	55	3	True	False
s82963	196	4	True	False
s81406	73	2	False	False
s140425	154	2	False	False
s121151	28783	2	False	False
s4682	155	4	True	False
s4765	30229	4	True	False
s121169	279	2	False	False
s105158	181	3	True	False
s1759	201492	4	True	False
s105080	320	4	True	False
s104880	6	2	False	False
s105460	596	5	True	False
s125578	2404	4	True	False
s1718	439317	4	True	False
s81810	322	3	True	False
s104887	88	3	True	False
s82178	22	3	True	False
s1565	45	2	False	False
s256	8	2	False	False
s2372	226753	4	True	False
s120896	360	3	True	False
s105315	125	4	True	False
s4160	104	2	False	False
s120903	122	3	True	False
s140484	114	2	False	False
s1137	113538	4	True	False
s82720	93	5	True	False
s129081	27	2	False	False
s2982	11280	4	True	False
s114640	342	2	False	False
s368	147	3	True	False
s121029	154	2	False	False
s105239	1	2	False	False
s4814	61548	4	True	False
s129091	83	2	False	False
s83269	70	2	False	False
s105444	169	3	True	False
s82365	218	3	True	False
s3696	54	2	False	False
s81809	368	2	False	False
s81946	1079	2	False	False
s447	5	2	False	False
s3799	137354	4	True	False
s138296	15	2	False	False
s114845	90	2	False	False
s81489	10	3	True	False
s2428	330	2	False	False
s120842	165	2	False	False
s129186	58	2	False	False
s137969	476	2	False	False
s4966	31931	4	True	False
s3281	45	4	True	False
s82387	27	3	True	False
s82930	70	2	False	False
s5398	5259	4	True	False
s121041	397	4	True	False
s228	9201	4	True	False
s3187	141	4	True	False
s461	109	2	False	False
s105623	415	5	True	False
s114938	481	2	False	False
s3779	53	2	False	False
s1171	2	3	True	False
s1189	34	3	True	False
s83279	511	4	True	False
s83167	146	4	True	False
s82769	150	4	True	False
s81647	130	3	True	False
s4427	88	2	False	False
s1128	152894	4	True	False
s2948	50	2	False	False
s105633	302	3	True	False
s846	110	4	True	False
s1104	179	2	False	False
s2210	315	2	False	False
s129064	93	2	False	False
s706	67	2	False	False
s140251	213	2	False	False
s114963	9	2	False	False
s4846	61	2	False	False
s104893	99	2	False	False
s1251	1	2	False	False
s2719	33710	4	True	False
s814	15	2	False	False
s3549	76	2	False	False
s120855	103	2	False	False
s2644	103754	4	True	False
s2751	54498	4	True	False
s762	73	4	True	False
s121065	81	2	False	False
s2160	27	3	True	False
s3218	190	6	True	False
s916	74	4	True	False
s3591	25775	4	True	False
s3942	357887	4	True	False
s4008	31710	4	True	False
s863	102	2	False	False
s3537	50	4	True	False
s5254	46	3	True	False
s104819	60	2	False	False
s121162	10	2	False	False
s120848	134	2	False	False
s3615	22	2	False	False
s131944	3	2	False	False
s3728	112987	4	True	False
s3152	79	3	True	False
s140533	70	2	False	False
s140532	317	2	False	False
s82119	206	2	False	False
s82897	104	2	False	False
s120854	118	2	False	False
s4244	140	2	False	False
s82542	267	2	False	False
s4125	7393	4	True	False
s2499	1	3	True	False
s5043	532	4	True	False
s3388	20223	4	True	False
s4135	70	2	False	False
s5084	239	4	True	False
s3085	36106	4	True	False
s105417	6839	4	True	False
s2380	4181	4	True	False
s120916	235	2	False	False
s120839	112	2	False	False
s105396	18	4	True	False
s134673	334	2	False	False
s82668	2	2	False	False
s81595	110	2	False	False
s3456	63	2	False	False
s81718	94	2	False	False
s2650	30	2	False	False
s2113	531	4	True	False
s4709	170855	4	True	False
s82514	90	2	False	False
s81614	130	3	True	False
s3345	7225	2	False	False
s1966	151783	4	True	False
s83128	220	3	True	False
s465	194	3	True	False
s1840	1473	4	True	False
s81696	116	3	True	False
s3060	382	2	False	False
s129048	90	2	False	False
s81888	345	2	False	False
s82268	2	2	False	False
s114721	4	3	True	False
s120858	317	2	False	False
s138225	138	2	False	False
s236	899	4	True	False
s2192	39173	3	True	False
s2926	71220	4	True	False
s4197	126809	4	True	False
s131890	50	2	False	False
s82903	150	2	False	False
s82196	74	2	False	False
s1028	33	3	True	False
s105609	647	3	True	False
s82066	101	3	True	False
s138283	52	2	False	False
s143408	56	2	False	False
s105775	295	2	False	False
s129015	12588	3	True	False
s138329	52	2	False	False
s82472	50	2	False	False
s105250	4	2	False	False
s105248	2491	2	False	False
s4803	99	3	True	False
s131965	87	2	False	False
s4898	86	2	False	False
s42	8587	4	True	False
s732	18	3	True	False
s81641	90	2	False	False
s129218	1124	2	False	False
s114773	1	2	False	False
s1542	94	2	False	False
s1596	40	2	False	False
s4665	158840	4	True	False
s82924	32	3	True	False
s131996	81	2	False	False
s82846	219	2	False	False
s138342	1866	2	False	False
s114729	88	2	False	False
s82866	22826	2	False	False
s4207	502	4	True	False
s4881	83	4	True	False
s81839	367	2	False	False
s129053	51	2	False	False
s143427	149	2	False	False
s3921	338	2	False	False
s2401	20972	4	True	False
s2040	2418	2	False	False
s82625	498	3	True	False
s1280	1	2	False	False
s1481	3	2	False	False
s83222	56	3	True	False
s81936	52	3	True	False
s125503	128	2	False	False
s3814	556	2	False	False
s139645	82	2	False	False
s129156	2	2	False	False
s4463	320	2	False	False
s5245	2935	4	True	False
s105379	6	2	False	False
s1634	238174	4	True	False
s3211	240	2	False	False
s138272	65	2	False	False
s49	41	3	True	False
s81582	113	2	False	False
s4578	3623	4	True	False
s1021	13500	4	True	False
s2313	128870	4	True	False
s799	71	3	True	False
s1227	7659	4	True	False
s669	168	2	False	False
s2222	283517	4	True	False
s82164	24	3	True	False
s81563	167	3	True	False
s83331	324	2	False	False
s4348	167239	4	True	False
s132012	2408	2	False	False
s5269	310	2	False	False
s303	3157	4	True	False
s81639	111	5	True	False
s5092	18	4	True	False
s5260	92	2	False	False
s81487	115	4	True	False
s105801	52	2	False	False
s132053	55	2	False	False
s1396	3	2	False	False
s128996	128	2	False	False
s2601	1990	4	True	False
s83337	640	2	False	False
s81726	50	2	False	False
s2220	1	2	False	False
s105531	440	2	False	False
s105041	98	2	False	False
s4434	72	2	False	False
s4494	11	2	False	False
s82635	103	4	True	False
s5417	465	4	True	False
s1299	1	2	False	False
s125624	78	2	False	False
s104805	53	2	False	False
s2120	166855	4	True	False
s81960	1359	3	True	False
s132032	73	2	False	False
s82896	72	2	False	False
s82679	63	2	False	False
s114890	766	2	False	False
s589	202	3	True	False
s82672	13	4	True	False
s719	63	2	False	False
s105052	209	2	False	False
s1484	4216	4	True	False
s1307	1054	4	True	False
s105628	4	2	False	False
s125455	25	2	False	False
s82016	94	2	False	False
s2133	306	2	False	False
s1220	47030	4	True	False
s81834	62	2	False	False
s83266	6	2	False	False
s3094	25	2	False	False
s104944	80	2	False	False
s4281	64	2	False	False
s1637	843	4	True	False
s104984	137	2	False	False
s76	89	4	True	False
s2931	153226	4	True	False
s2074	43	3	True	False
s83285	81	4	True	False
s832	38808	4	True	False
s129131	326	2	False	False
s1008	112142	4	True	False
s1552	80	2	False	False
s120812	94	2	False	False
s81488	217	3	True	False
s81965	247	2	False	False
s82278	154	3	True	False
s463	122	2	False	False
s2092	270	2	False	False
s748	76	2	False	False
s115064	120	2	False	False
s81728	49	3	True	False
s5060	8	2	False	False
s120829	213	2	False	False
s105753	149	2	False	False
s137961	94	2	False	False
s81626	9	2	False	False
s140459	1207	2	False	False
s138259	627	2	False	False
s143431	61	2	False	False
s115097	99	2	False	False
s82252	488	3	True	False
s105643	190	2	False	False
s105424	78	4	True	False
s140461	57	2	False	False
s3938	98	4	True	False
s134713	383	2	False	False
s4132	315503	4	True	False
s114536	90	2	False	False
s114590	298	2	False	False
s4979	54	2	False	False
s906	2	2	False	False
s134724	117	2	False	False
s143381	9079	2	False	False
s4790	2	2	False	False
s4752	23441	4	True	False
s2968	136645	4	True	False
s2693	12658	4	True	False
s4088	1735	4	True	False
s114730	63	2	False	False
s2831	280866	4	True	False
s81527	370	2	False	False
s2256	15	2	False	False
s1461	4261	4	True	False
s4750	42896	5	True	False
s2458	20387	4	True	False
s4486	332	2	False	False
s105402	3154	5	True	False
s5228	111	2	False	False
s140221	167	2	False	False
s137973	321	2	False	False
s82945	65	2	False	False
s3386	77961	4	True	False
s3937	27	2	False	False
s81465	77	2	False	False
s4141	243	4	True	False
s4675	167202	4	True	False
s143344	96	2	False	False
s5095	1	4	True	False
s2471	124	2	False	False
s227	7793	4	True	False
s1225	223600	4	True	False
s1247	21	4	True	False
s5010	17829	4	True	False
s3125	32	2	False	False
s536	671	4	True	False
s1202	44	3	True	False
s2746	128867	4	True	False
s2391	65	2	False	False
s149	54	3	True	False
s5430	26355	4	True	False
s2365	136215	4	True	False
s82691	127	2	False	False
s121125	2	2	False	False
s81366	1247	3	True	False
s81530	63	2	False	False
s1541	39439	4	True	False
s2443	129	2	False	False
s3948	102744	4	True	False
s81361	74	2	False	False
s120889	54	2	False	False
s105361	605	2	False	False
s120800	7	2	False	False
s3380	210	2	False	False
s1763	615	2	False	False
s81382	165	3	True	False
s1374	103488	4	True	False
s1791	9566	4	True	False
s75	55	2	False	False
s83011	737	3	True	False
s78	1	2	False	False
s134788	16	4	True	False
s83196	816	3	True	False
s125381	70	2	False	False
s4461	82	2	False	False
s105097	78	2	False	False
s1804	98513	4	True	False
s4086	17823	4	True	False
s114540	820	2	False	False
s2553	181889	4	True	False
s105511	1058	3	True	False
s104857	46	2	False	False
s137930	60	2	False	False
s134689	1	2	False	False
s114874	80	2	False	False
s125601	84	2	False	False
s2396	5480	4	True	False
s1411	1	2	False	False
s469	3728	4	True	False
s5320	63	2	False	False
s985	1	2	False	False
s105399	121	2	False	False
s137992	1	2	False	False
s1339	49032	4	True	False
s81467	73	2	False	False
s81822	66	3	True	False
s3378	60	2	False	False
s687	64	3	True	False
s1761	148967	4	True	False
s4622	312	2	False	False
s1393	100	4	True	False
s2871	56	2	False	False
s83158	1742	3	True	False
s3522	297075	4	True	False
s1554	1	2	False	False
s129217	1540	2	False	False
s81375	357	4	True	False
s1909	152736	4	True	False
s82893	71	2	False	False
s1219	31	2	False	False
s137934	62	2	False	False
s2062	54	2	False	False
s104812	52	2	False	False
s82572	183	3	True	False
s83027	554	4	True	False
s4315	65452	4	True	False
s3300	77	4	True	False
s81681	452	2	False	False
s50	230	4	True	False
s81506	128	4	True	False
s1246	184	2	False	False
s105522	914	4	True	False
s81831	353	2	False	False
s134812	2	2	False	False
s81654	658	4	True	False
s5294	2	4	True	False
s114628	51	2	False	False
s3375	37325	4	True	False
s82747	66	2	False	False
s138257	312	2	False	False
s2974	54	2	False	False
s114879	2504	3	True	False
s1174	44341	2	False	False
s114623	1836	2	False	False
s105083	32	2	False	False
s105605	933	4	True	False
s3661	1279	2	False	False
s1398	9	2	False	False
s2293	4	2	False	False
s1620	15	4	True	False
s2007	356992	4	True	False
s1734	91880	4	True	False
s114634	26	2	False	False
s125460	24	2	False	False
s82349	33	2	False	False
s105485	211	2	False	False
s3652	152	2	False	False
s131889	140	3	True	False
s82808	11	2	False	False
s134786	93	5	True	False
s3845	778	2	False	False
s140427	63	2	False	False
s81496	548	4	True	False
s105317	46	4	True	False
s133	21	5	True	False
s114872	2330	3	True	False
s83039	229	4	True	False
s607	104	2	False	False
s1425	56	2	False	False
s140440	321	2	False	False
s82781	1	2	False	False
s138352	23558	2	False	False
s81606	321	2	False	False
s1262	548	2	False	False
s82220	60	4	True	False
s81794	130	2	False	False
s114690	104	2	False	False
s81675	45	4	True	False
s82186	71	2	False	False
s223	6	3	True	False
s82339	40	2	False	False
s81575	16	3	True	False
s1502	31	4	True	False
s3547	74	2	False	False
s1206	245570	4	True	False
s1836	76	3	True	False
s81427	83	2	False	False
s4170	22075	4	True	False
s105234	496	2	False	False
s3222	653	8	True	False
s120763	82	2	False	False
s3241	18362	4	True	False
s105014	122	2	False	False
s114886	442	2	False	False
s2851	69	2	False	False
s70	2245	4	True	False
s138290	269	2	False	False
s129107	341	2	False	False
s2598	266710	4	True	False
s120892	631	2	False	False
s81721	1907	2	False	False
s3586	533	2	False	False
s2743	50146	4	True	False
s5355	22766	4	True	False
s82450	1823	3	True	False
s2905	4	2	False	False
s129026	6	2	False	False
s82722	18	3	True	False
s138302	129	4	True	False
s1745	323	2	False	False
s4065	451	2	False	False
s81438	109	2	False	False
s138244	86	2	False	False
s114621	1951	2	False	False
s4068	40864	4	True	False
s767	31825	4	True	False
s129216	1540	2	False	False
s114559	384	2	False	False
s4650	22635	4	True	False
s335	19936	4	True	False
s140541	3	2	False	False
s1099	107244	4	True	False
s104863	6	2	False	False
s4591	36	3	True	False
s5257	99	4	True	False
s120904	141	2	False	False
s114934	212	2	False	False
s3809	78	2	False	False
s134627	231	2	False	False
s139650	327	2	False	False
s1695	270230	4	True	False
s114803	4	2	False	False
s484	25	2	False	False
s114955	87	2	False	False
s2590	107	2	False	False
s82395	9	2	False	False
s4832	480780	4	True	False
s5037	111	2	False	False
s121056	35	2	False	False
s495	175	4	True	False
s82821	162	3	True	False
s83142	141	3	True	False
s82199	520	2	False	False
s5065	9123	5	True	False
s628	97	3	True	False
s82990	457	4	True	False
s81924	72	2	False	False
s2893	1025	3	True	False
s134667	54	2	False	False
s105330	324	3	True	False
s3367	348	2	False	False
s114546	399	2	False	False
s132066	487	2	False	False
s134672	71	2	False	False
s81533	237	2	False	False
s82578	184	4	True	False
s1677	76518	4	True	False
s81998	82	3	True	False
s114713	60	2	False	False
s627	10215	4	True	False
s4498	6374	2	False	False
s138249	281	2	False	False
s82168	9	2	False	False
s4640	50000	2	False	False
s129077	50	2	False	False
s81818	314	2	False	False
s2605	143890	4	True	False
s5110	1517	4	True	False
s81508	35	4	True	False
s83021	251	4	True	False
s138211	2269	2	False	False
s114918	3047	2	False	False
s134683	108	2	False	False
s83296	14	2	False	False
s105279	17	2	False	False
s104861	15	2	False	False
s4201	54356	5	True	False
s169	116	3	True	False
s4499	281180	4	True	False
s1165	1822	4	True	False
s105142	167	2	False	False
s120814	68	2	False	False
s140480	74	2	False	False
s1320	50	2	False	False
s4777	12787	4	True	False
s4179	179808	4	True	False
s3452	154	4	True	False
s82494	292	2	False	False
s104935	97	2	False	False
s138264	1	2	False	False
s4025	400	4	True	False
s138321	55	2	False	False
s129234	12744	2	False	False
s1967	15	2	False	False
s1197	21	3	True	False
s2226	151609	4	True	False
s2812	23532	4	True	False
s131895	55	2	False	False
s949	22366	4	True	False
s911	101	3	True	False
s114769	8	2	False	False
s137949	2222	2	False	False
s129052	505	2	False	False
s132072	536	2	False	False
s657	8360	4	True	False
s105777	87	2	False	False
s2798	78	2	False	False
s131982	75	2	False	False
s105601	778	4	True	False
s132029	180	2	False	False
s82014	68	2	False	False
s1211	81535	4	True	False
s961	1763	4	True	False
s1570	1	5	True	False
s993	100	2	False	False
s597	4956	4	True	False
s1092	513	4	True	False
s120844	67	2	False	False
s83341	1	3	True	False
s2853	97	3	True	False
s131	192	3	True	False
s138261	2573	2	False	False
s114860	333	3	True	False
s140220	127	2	False	False
s1326	21643	4	True	False
s3312	3197	2	False	False
s81363	88	2	False	False
s82121	332	2	False	False
s83096	319	5	True	False
s114745	132	2	False	False
s82858	1899	2	False	False
s131896	85	2	False	False
s129164	431	2	False	False
s114601	2	2	False	False
s981	9097	4	True	False
s4239	8323	4	True	False
s2398	80	4	True	False
s82528	70	2	False	False
s131969	25	2	False	False
s82577	21	4	True	False
s140237	5	2	False	False
s134680	171	2	False	False
s81695	181	3	True	False
s138332	72	2	False	False
s104830	98	2	False	False
s2837	138928	4	True	False
s4070	27779	4	True	False
s4462	59360	4	True	False
s1173	4239	4	True	False
s82225	89	3	True	False
s2961	207	2	False	False
s4038	9	2	False	False
s4632	69	5	True	False
s877	34244	4	True	False
s140262	6	2	False	False
s4993	34065	4	True	False
s120910	259	2	False	False
s82711	579	3	True	False
s143360	249597	2	False	False
s82051	17	2	False	False
s120940	38	2	False	False
s3862	49967	4	True	False
s114639	210	2	False	False
s4368	15201	4	True	False
s134736	136	2	False	False
s129135	52	2	False	False
s81832	326	2	False	False
s336	80	2	False	False
s1950	173	2	False	False
s2951	278	4	True	False
s4406	14469	4	True	False
s132050	823	2	False	False
s3846	43037	4	True	False
s5061	2289	4	True	False
s137928	123	2	False	False
s82588	3	2	False	False
s2638	283	5	True	False
s105406	982	4	True	False
s4692	45236	4	True	False
s2508	817	4	True	False
s105738	234	2	False	False
s82352	80	4	True	False
s4456	239	4	True	False
s5353	61193	4	True	False
s4515	196	4	True	False
s82817	27	4	True	False
s83193	86	3	True	False
s83305	320	2	False	False
s3593	311	2	False	False
s2631	39057	4	True	False
s140277	50	2	False	False
s1273	5488	4	True	False
s140489	53	2	False	False
s83038	1	2	False	False
s4570	318	2	False	False
s83221	6	3	True	False
s1450	130912	4	True	False
s121045	630	4	True	False
s121115	16	3	True	False
s3193	24	4	True	False
s820	107	4	True	False
s138331	224	2	False	False
s3631	85	2	False	False
s81442	95	4	True	False
s2122	76806	4	True	False
s5292	41	3	True	False
s105263	94	3	True	False
s140244	442	2	False	False
s2423	12070	4	True	False
s105218	135	3	True	False
s2861	20585	4	True	False
s81598	132	2	False	False
s134632	68	2	False	False
s3702	52	2	False	False
s120885	83	2	False	False
s3320	18424	4	True	False
s5416	305	4	True	False
s105453	757	3	True	False
s4232	40212	4	True	False
s138292	100	2	False	False
s3118	26	4	True	False
s115000	920	4	True	False
s82259	137	2	False	False
s4918	36135	4	True	False
s114979	286	2	False	False
s105153	6	2	False	False
s125597	12	2	False	False
s1185	25678	4	True	False
s82510	188	4	True	False
s2	10195	3	True	False
s120873	438	2	False	False
s5330	12530	4	True	False
s140520	52	2	False	False
s1224	70	2	False	False
s104959	65	2	False	False
s129076	355	2	False	False
s2663	7	2	False	False
s131905	332	2	False	False
s4270	129463	4	True	False
s3840	2	2	False	False
s111	6	2	False	False
s83332	223	2	False	False
s139632	1072	2	False	False
s82474	1	2	False	False
s2811	59899	4	True	False
s115059	5	2	False	False
s82309	248	2	False	False
s83282	9	2	False	False
s96	48	4	True	False
s81702	216	3	True	False
s3279	31	2	False	False
s4530	93525	4	True	False
s105252	236	3	True	False
s140227	319	2	False	False
s105652	254	4	True	False
s3469	83426	4	True	False
s3209	365	4	True	False
s132007	24	2	False	False
s3242	335	2	False	False
s129207	181	2	False	False
s105598	2126	4	True	False
s1384	31969	4	True	False
s766	150	2	False	False
s105731	77	2	False	False
s104902	257	3	True	False
s114868	80	3	True	False
s2817	81	2	False	False
s467	532	4	True	False
s5431	280	3	True	False
s4695	188986	4	True	False
s125609	118	2	False	False
s3850	88247	4	True	False
s105595	80	2	False	False
s4373	65	3	True	False
s4443	64386	4	True	False
s1078	12658	4	True	False
s4810	1296	4	True	False
s5148	18	2	False	False
s1848	171	4	True	False
s121061	10	2	False	False
s134794	14	3	True	False
s129143	147	2	False	False
s708	76811	4	True	False
s3103	49	2	False	False
s172	115	3	True	False
s81648	123	4	True	False
s81769	35	3	True	False
s1100	31388	4	True	False
s2111	75448	4	True	False
s2843	116419	4	True	False
s104894	1	2	False	False
s81524	108	4	True	False
s81579	1	3	True	False
s516	24	3	True	False
s121103	1	2	False	False
s2440	44921	4	True	False
s83245	1	3	True	False
s5246	1119	4	True	False
s81813	1	2	False	False
s2465	78	2	False	False
s4384	12	3	True	False
s81744	320	2	False	False
s3782	20	4	True	False
s1473	152750	4	True	False
s114912	560	4	True	False
s2675	5116	4	True	False
s114726	4	3	True	False
s82612	122	3	True	False
s83183	38	3	True	False
s81824	779	5	True	False
s3753	46530	4	True	False
s876	6	2	False	False
s82071	108	2	False	False
s143386	150	2	False	False
s5008	96321	4	True	False
s105461	208	2	False	False
s129212	77	2	False	False
s104977	87	2	False	False
s3739	10	2	False	False
s105654	275	4	True	False
s81512	174	4	True	False
s83072	344	3	True	False
s131947	1632	2	False	False
s4317	73939	4	True	False
s82459	646	3	True	False
s5138	98	2	False	False
s129115	133	2	False	False
s2600	111	2	False	False
s129009	924	3	True	False
s105226	183	2	False	False
s105208	147	2	False	False
s1959	1	2	False	False
s510	13	4	True	False
s2273	7758	4	True	False
s2909	16	2	False	False
s4349	56	2	False	False
s114925	785	4	True	False
s81425	90	4	True	False
s101	77	3	True	False
s2076	5414	4	True	False
s137976	10	2	False	False
s4214	143377	4	True	False
s114902	2261	2	False	False
s1860	421347	5	True	False
s2346	16	2	False	False
s82152	127	2	False	False
s114588	1	2	False	False
s115014	71	2	False	False
s3804	7	3	True	False
s82318	201	3	True	False
s82025	60	2	False	False
s2189	37490	4	True	False
s82559	236	4	True	False
s82075	459	2	False	False
s2864	48116	4	True	False
s82085	6100	2	False	False
s3498	29854	4	True	False
s743	255	2	False	False
s82280	65	2	False	False
s82739	381	2	False	False
s82972	474	4	True	False
s5216	190	3	True	False
s105498	789	3	True	False
s104792	10754	4	True	False
s4124	1507	2	False	False
s83232	738	3	True	False
s125581	140	2	False	False
s2230	57	2	False	False
s1737	54799	4	True	False
s120820	52	2	False	False
s129073	35	4	True	False
s1858	144	2	False	False
s3628	61311	4	True	False
s83017	297	4	True	False
s129068	68	2	False	False
s1839	50	2	False	False
s1534	62	4	True	False
s4211	13157	4	True	False
s81873	73	3	True	False
s1564	26	3	True	False
s83127	1788	4	True	False
s3251	67	4	True	False
s131972	5	2	False	False
s83252	103	3	True	False
s114806	20451	2	False	False
s3759	42	4	True	False
s81651	56	2	False	False
s121096	1	2	False	False
s1917	51777	4	True	False
s1231	50	2	False	False
s3602	106	2	False	False
s126	11993	4	True	False
s2103	127862	4	True	False
s134630	90	2	False	False
s1057	64	2	False	False
s121118	335	2	False	False
s82029	274	2	False	False
s105163	75	4	True	False
s81786	72	2	False	False
s2379	55093	4	True	False
s82712	1	2	False	False
s81959	51	2	False	False
s4276	1994	4	True	False
s3802	156	2	False	False
s105603	2	2	False	False
s137965	1	2	False	False
s3015	1873	4	True	False
s115063	362	2	False	False
s2783	5826	4	True	False
s83329	80	2	False	False
s140483	1	2	False	False
s82725	260	3	True	False
s1913	92	4	True	False
s1516	308	2	False	False
s81712	79	2	False	False
s134791	410	2	False	False
s83115	7	2	False	False
s3704	101046	4	True	False
s83132	1573	2	False	False
s82758	28	3	True	False
s3201	345	2	False	False
s1106	130	2	False	False
s105689	62	2	False	False
s125413	64	2	False	False
s129209	360	2	False	False
s2172	78917	4	True	False
s134653	13	2	False	False
s82103	63	3	True	False
s1346	5	2	False	False
s125480	55	2	False	False
s4787	255703	4	True	False
s83216	396	2	False	False
s4827	196	2	False	False
s105073	165	3	True	False
s3200	662	4	True	False
s147	1	2	False	False
s2720	92464	4	True	False
s125570	230	2	False	False
s5188	78	3	True	False
s105189	60	2	False	False
s5028	1	2	False	False
s2402	143828	4	True	False
s120809	708	2	False	False
s105707	121	4	True	False
s121088	52	2	False	False
s2378	324	2	False	False
s121126	82	2	False	False
s1544	111	2	False	False
s82202	6	2	False	False
s83175	32	3	True	False
s82244	31	2	False	False
s3373	318	4	True	False
s114971	209	2	False	False
s104853	1	2	False	False
s834	7712	4	True	False
s138247	120	2	False	False
s82160	172	3	True	False
s82717	21	3	True	False
s114897	4511	2	False	False
s82488	141	2	False	False
s131880	60	2	False	False
s532	93	3	True	False
s105026	87	2	False	False
s82031	1522	2	False	False
s5184	41	3	True	False
s915	51	2	False	False
s2668	168	3	True	False
s2894	101858	4	True	False
s3923	183	2	False	False
s81673	284	4	True	False
s1073	196834	4	True	False
s83118	209	3	True	False
s121188	1204	3	True	False
s125424	63	2	False	False
s132042	3104	2	False	False
s3796	33	4	True	False
s83163	130	3	True	False
s82219	98	2	False	False
s4988	224944	4	True	False
s105580	1355	4	True	False
s2022	514858	4	True	False
s129080	288	2	False	False
s3947	6428	2	False	False
s125474	319	2	False	False
s5371	108	3	True	False
s134616	51	2	False	False
s3075	5491	4	True	False
s105159	334	2	False	False
s114595	4319	2	False	False
s81395	312	3	True	False
s3526	183374	4	True	False
s1764	88	3	True	False
s105184	39	3	True	False
s140268	84	2	False	False
s1576	10161	4	True	False
s81902	502	5	True	False
s865	201	4	True	False
s1582	77965	4	True	False
s105468	37	5	True	False
s81805	63	2	False	False
s4577	327	2	False	False
s3359	330	2	False	False
s3087	24	4	True	False
s104806	8	2	False	False
s3089	1186	4	True	False
s125618	3	2	False	False
s1800	119	4	True	False
s81482	18	4	True	False
s81780	81	2	False	False
s143375	65	2	False	False
s120766	316	2	False	False
s5324	5931	4	True	False
s2412	139997	4	True	False
s576	475	4	True	False
s4813	325	2	False	False
s134642	329	2	False	False
s3410	172641	4	True	False
s143345	231	2	False	False
s626	81	3	True	False
s105729	571	2	False	False
s1971	151372	4	True	False
s82205	48	5	True	False
s82032	3421	3	True	False
s4867	149357	4	True	False
s3348	2153	3	True	False
s140415	522	2	False	False
s114684	2	2	False	False
s105203	171	2	False	False
s3309	113985	4	True	False
s558	128	4	True	False
s1166	2257	4	True	False
s114560	60	2	False	False
s4835	119352	4	True	False
s131926	155	2	False	False
s4405	432	2	False	False
s131961	112	2	False	False
s512	91	2	False	False
s81912	204	2	False	False
s105128	158	3	True	False
s105458	49	4	True	False
s2340	43	2	False	False
s121143	145	2	False	False
s82532	157	4	True	False
s125525	549	3	True	False
s82740	53	4	True	False
s105207	62	2	False	False
s82358	216	2	False	False
s104813	93	2	False	False
s131942	1	2	False	False
s137990	341	2	False	False
s4400	30221	4	True	False
s81499	91	2	False	False
s630	14474	4	True	False
s4628	43	4	True	False
s105329	180	2	False	False
s82354	264	2	False	False
s2516	102	4	True	False
s2622	296	4	True	False
s4807	10893	4	True	False
s525	81	2	False	False
s81986	312	2	False	False
s3668	56	2	False	False
s4655	187688	4	True	False
s81882	486	3	True	False
s140505	121	2	False	False
s132018	1920	3	True	False
s140280	72	2	False	False
s131951	60	2	False	False
s129071	554	2	False	False
s4720	558	4	True	False
s1390	124921	4	True	False
s105294	21	3	True	False
s134779	88	3	True	False
s2071	46	4	True	False
s83295	10	3	True	False
s332	13363	4	True	False
s138258	562	2	False	False
s81797	204	2	False	False
s2452	12832	4	True	False
s81655	436	4	True	False
s4085	32785	3	True	False
s82620	88	4	True	False
s105805	433	3	True	False
s129228	59	2	False	False
s105423	192	4	True	False
s137929	289	2	False	False
s82862	33	3	True	False
s1870	112119	4	True	False
s2596	61571	4	True	False
s105434	1299	6	True	False
s81479	52	2	False	False
s4352	25716	4	True	False
s81743	319	2	False	False
s325	9	2	False	False
s3851	1530	2	False	False
s125464	272	3	True	False
s2035	79	2	False	False
s698	61	3	True	False
s2865	1190	2	False	False
s121170	90	2	False	False
s4313	8888	4	True	False
s142606	323	2	False	False
s194	80	2	False	False
s1172	1684	5	True	False
s3565	37644	4	True	False
s2612	289161	4	True	False
s4450	37244	4	True	False
s114668	304	2	False	False
s3146	756	3	True	False
s105535	645	2	False	False
s2491	8159	4	True	False
s81913	321	2	False	False
s4136	202014	4	True	False
s83178	49	3	True	False
s121091	204	3	True	False
s5180	154	3	True	False
s131884	168	2	False	False
s129101	10	2	False	False
s81521	328	3	True	False
s82351	57	3	True	False
s4597	4818	4	True	False
s2345	211	4	True	False
s4847	271	4	True	False
s4989	134250	4	True	False
s4277	669242	4	True	False
s82648	170	3	True	False
s82727	75	4	True	False
s920	5	3	True	False
s81859	6057	2	False	False
s3306	7755	4	True	False
s4030	231374	4	True	False
s3006	2453	4	True	False
s2426	166852	4	True	False
s131990	120	2	False	False
s81620	796	3	True	False
s83312	3	2	False	False
s114543	171	2	False	False
s82317	4	2	False	False
s3824	177658	4	True	False
s4340	836	2	False	False
s82933	327	3	True	False
s4820	230	4	True	False
s4496	111	3	True	False
s105296	98	2	False	False
s81421	164	3	True	False
s3149	250	3	True	False
s105733	3	2	False	False
s2484	127	2	False	False
s4510	38804	4	True	False
s134744	199	2	False	False
s129211	35	3	True	False
s119	78	2	False	False
s5414	4194	4	True	False
s81941	189	4	True	False
s5424	22520	4	True	False
s4784	175395	4	True	False
s2302	79650	4	True	False
s636	99	4	True	False
s3356	135799	4	True	False
s2490	150714	4	True	False
s2854	6	2	False	False
s81747	9	2	False	False
s3659	132	2	False	False
s82348	1	2	False	False
s82148	126	2	False	False
s710	117	2	False	False
s83185	16	2	False	False
s2694	10035	4	True	False
s279	80	4	True	False
s1667	1	2	False	False
s104862	2	2	False	False
s140411	88	2	False	False
s105457	371	3	True	False
s134790	1211	4	True	False
s3890	71848	4	True	False
s81469	276	2	False	False
s82524	54	2	False	False
s105742	129	2	False	False
s4550	110	3	True	False
s139607	1	2	False	False
s125588	116	2	False	False
s3754	588516	4	True	False
s3086	1556	4	True	False
s2448	5556	4	True	False
s811	65684	4	True	False
s114994	571	4	True	False
s105655	192	4	True	False
s1789	58524	4	True	False
s82525	214	3	True	False
s3476	748	2	False	False
s4459	51743	4	True	False
s105214	51	3	True	False
s81586	482	2	False	False
s125551	226	3	True	False
s140424	151	2	False	False
s114544	127	2	False	False
s129237	1573	2	False	False
s125482	1	2	False	False
s82481	119	2	False	False
s83045	45	4	True	False
s131898	279	2	False	False
s143424	963	2	False	False
s82895	306	2	False	False
s105454	123	2	False	False
s1053	296444	4	True	False
s114581	1	2	False	False
s5238	1	2	False	False
s727	89	3	True	False
s143387	16	2	False	False
s81737	139	2	False	False
s81713	77	2	False	False
s82185	81	2	False	False
s125576	2576	4	True	False
s81594	20	3	True	False
s83071	7	2	False	False
s134645	50	2	False	False
s1229	96	2	False	False
s4621	40903	4	True	False
s1420	326	2	False	False
s2242	62110	4	True	False
s104962	8	2	False	False
s679	21	4	True	False
s105433	34	2	False	False
s3091	303	3	True	False
s2939	75884	4	True	False
s4929	9415	4	True	False
s3425	88	5	True	False
s81400	4	2	False	False
s82850	6481	2	False	False
s1036	63	2	False	False
s3609	81	2	False	False
s4719	13	2	False	False
s1407	72	2	False	False
s83215	454	2	False	False
s105640	115	4	True	False
s140261	21	2	False	False
s1003	7038	4	True	False
s82779	1822	2	False	False
s138284	95	3	True	False
s2386	82771	4	True	False
s129190	358	2	False	False
s4213	60907	4	True	False
s1040	9	3	True	False
s83020	12	2	False	False
s4335	169	2	False	False
s1432	81	2	False	False
s105445	282	2	False	False
s129132	27	2	False	False
s3244	11780	4	True	False
s2940	321	2	False	False
s1324	139146	4	True	False
s1999	17570	4	True	False
s139635	409	2	False	False
s120887	85	2	False	False
s487	45	4	True	False
s3748	131844	4	True	False
s4629	63843	5	True	False
s81862	333	2	False	False
s1176	3540	4	True	False
s114869	1935	3	True	False
s867	52451	4	True	False
s3336	111736	4	True	False
s3419	81839	4	True	False
s3528	9750	4	True	False
s5040	109	4	True	False
s2932	4	2	False	False
s4167	84	4	True	False
s120927	42	2	False	False
s3353	69831	3	True	False
s4954	276	4	True	False
s115120	10	2	False	False
s994	243158	4	True	False
s105488	174	4	True	False
s4090	198596	4	True	False
s2129	138	2	False	False
s1633	52	2	False	False
s105300	103	2	False	False
s794	174	3	True	False
s82392	22	2	False	False
s120933	51	2	False	False
s105627	16	6	True	False
s82402	66	2	False	False
s83029	59	2	False	False
s82751	141	3	True	False
s4174	8	2	False	False
s2869	12913	2	False	False
s81918	70	2	False	False
s1747	35	2	False	False
s125606	1	2	False	False
s1822	5350	4	True	False
s2028	131	2	False	False
s121178	246	3	True	False
s120998	1	2	False	False
s349	25238	4	True	False
s120856	112	3	True	False
s81502	881	4	True	False
s4764	325706	4	True	False
s2919	157558	4	True	False
s105162	555	5	True	False
s1706	208301	4	True	False
s105448	53	4	True	False
s3548	140868	4	True	False
s869	9239	4	True	False
s115042	1566	2	False	False
s104912	343	2	False	False
s125376	66	2	False	False
s2096	23220	4	True	False
s4872	20795	4	True	False
s114997	117	2	False	False
s639	80	2	False	False
s1134	110	2	False	False
s81424	21	2	False	False
s3387	74	2	False	False
s428	69549	4	True	False
s1338	159398	4	True	False
s81446	720	2	False	False
s5389	69	3	True	False
s105394	1547	4	True	False
s81774	391	3	True	False
s115083	287	2	False	False
s3847	101834	4	True	False
s1365	13	2	False	False
s3259	92	2	False	False
s1480	353485	4	True	False
s3204	189	4	True	False
s134671	75	2	False	False
s4828	334	4	True	False
s2971	169182	4	True	False
s4556	7	2	False	False
s4051	94076	4	True	False
s82359	314	2	False	False
s114711	54	2	False	False
s81628	113	3	True	False
s82873	29	3	True	False
s143395	76	2	False	False
s150	7	2	False	False
s4004	25	3	True	False
s162	4063	4	True	False
s4793	58441	4	True	False
s4816	4587	4	True	False
s81584	54	2	False	False
s82020	114	2	False	False
s81426	163	2	False	False
s82006	4	2	False	False
s2357	327	2	False	False
s129104	107	4	True	False
s82598	93	2	False	False
s3256	10	4	True	False
s779	19	4	True	False
s3188	8	2	False	False
s114805	14564	2	False	False
s3196	880	2	False	False
s419	104	4	True	False
s2037	19614	4	True	False
s81724	378	2	False	False
s114851	121	2	False	False
s82479	301	2	False	False
s5226	110	2	False	False
s399	9	3	True	False
s260	17	4	True	False
s81933	231	2	False	False
s140228	68	2	False	False
s4190	67479	4	True	False
s376	79	2	False	False
s2479	53	4	True	False
s82627	6	3	True	False
s114632	54	2	False	False
s105486	220	5	True	False
s3042	27930	4	True	False
s2207	18267	4	True	False
s82407	150	2	False	False
s105411	127	4	True	False
s2827	99	2	False	False
s2832	114557	4	True	False
s121187	4947	4	True	False
s1155	34	2	False	False
s105216	65	3	True	False
s81752	107	3	True	False
s83316	343	4	True	False
s4753	40882	4	True	False
s104916	147	2	False	False
s140235	2	2	False	False
s2463	2716	2	False	False
s4298	15668	4	True	False
s3545	125152	4	True	False
s82851	139	2	False	False
s140490	1	2	False	False
s4877	1	4	True	False
s4900	62	2	False	False
s757	140	2	False	False
s125518	1	2	False	False
s114637	480	2	False	False
s104844	63	2	False	False
s2589	201370	4	True	False
s120793	62	2	False	False
s2546	441032	4	True	False
s125516	38	2	False	False
s925	398422	4	True	False
s115045	232	2	False	False
s1085	14431	4	True	False
s82091	13	2	False	False
s4259	833	2	False	False
s105443	138	4	True	False
s289	180	4	True	False
s83283	51	4	True	False
s107	24479	4	True	False
s134619	55	2	False	False
s105341	5	2	False	False
s104866	50	3	True	False
s593	31	5	True	False
s105747	16	3	True	False
s140451	115	2	False	False
s82461	88	3	True	False
s120930	760	2	False	False
s2977	319	2	False	False
s114796	62	2	False	False
s4060	78092	4	True	False
s120747	680	3	True	False
s771	1844	4	True	False
s114815	137	2	False	False
s4537	1884	4	True	False
s795	174	4	True	False
s138278	938	3	True	False
s125490	316	2	False	False
s82587	87	4	True	False
s3465	302	4	True	False
s82631	146	2	False	False
s120968	2	2	False	False
s960	94	4	True	False
s3629	8	2	False	False
s105741	97	2	False	False
s3812	252	4	True	False
s82338	13	4	True	False
s1463	303237	4	True	False
s2708	248	2	False	False
s104808	187	2	False	False
s120871	365	2	False	False
s114552	188	4	True	False
s81860	100	2	False	False
s125554	52	2	False	False
s114787	606	2	False	False
s2289	64	2	False	False
s901	474	4	True	False
s129127	50	2	False	False
s2020	55791	4	True	False
s121077	21	2	False	False
s55	126	4	True	False
s1122	215455	4	True	False
s129	112	3	True	False
s803	18	4	True	False
s344	63	4	True	False
s83328	695	3	True	False
s4265	121862	4	True	False
s71	50	2	False	False
s2362	6191	2	False	False
s81476	156	3	True	False
s140408	1	2	False	False
s81853	9	2	False	False
s3997	171	2	False	False
s105795	1111	3	True	False
s134785	259	2	False	False
s3391	100	2	False	False
s82768	118	2	False	False
s114625	2	2	False	False
s139616	55	2	False	False
s4567	86	4	True	False
s3128	4	4	True	False
s3705	329	2	False	False
s82767	80	3	True	False
s143417	13	2	False	False
s82894	118	2	False	False
s3077	339	2	False	False
s82441	102	2	False	False
s105090	68	2	False	False
s2883	3178	4	True	False
s105401	8783	4	True	False
s82885	60	2	False	False
s105710	91	2	False	False
s82594	94	3	True	False
s2221	33939	4	True	False
s114624	52	2	False	False
s120942	1	2	False	False
s134809	590	2	False	False
s105101	628	2	False	False
s104831	125	2	False	False
s2606	15	2	False	False
s82794	13	3	True	False
s1666	58075	4	True	False
s2858	12558	5	True	False
s1026	32	3	True	False
s458	998	4	True	False
s82569	88	3	True	False
s82654	294	2	False	False
s82108	94	2	False	False
s105366	2658	4	True	False
s1025	310	4	True	False
s114961	425	2	False	False
s82978	66	3	True	False
s129134	65	2	False	False
s105173	208	3	True	False
s1618	321	2	False	False
s81409	242	2	False	False
s82982	145	4	True	False
s115029	161	3	True	False
s105550	119	3	True	False
s4853	1	2	False	False
s1298	48	4	True	False
s138293	1728	2	False	False
s105694	130	3	True	False
s2444	137781	4	True	False
s3755	12	2	False	False
s638	102	4	True	False
s121116	81	2	False	False
s1401	5	4	True	False
s143361	312	2	False	False
s82189	3	3	True	False
s105276	553	2	False	False
s3858	294	2	False	False
s1740	46276	4	True	False
s132075	933	2	False	False
s5323	146	2	False	False
s3036	683	2	False	False
s83303	157	4	True	False
s2593	17	5	True	False
s4195	54622	4	True	False
s1726	13292	4	True	False
s4690	19	4	True	False
s81716	66	4	True	False
s81497	982	2	False	False
s909	379	2	False	False
s2949	187	4	True	False
s125386	117	2	False	False
s64	1	3	True	False
s120758	3	2	False	False
s105463	5	4	True	False
s81466	163	2	False	False
s1138	61587	4	True	False
s82919	217	5	True	False
s131976	9	2	False	False
s3633	46031	4	True	False
s114976	18	2	False	False
s129205	1712	3	True	False
s81887	311	2	False	False
s105372	21	2	False	False
s3914	6056	2	False	False
s1233	6	2	False	False
s3843	83408	4	True	False
s3622	580466	4	True	False
s82857	52	2	False	False
s4080	273270	4	True	False
s81778	115	2	False	False
s81612	429	2	False	False
s4073	10551	4	True	False
s3620	20414	4	True	False
s1498	16	4	True	False
s441	15	2	False	False
s1555	59164	4	True	False
s1351	128	3	True	False
s82181	176	2	False	False
s1973	56	2	False	False
s1239	139528	4	True	False
s134664	50	2	False	False
s189	118	3	True	False
s1697	14	3	True	False
s120948	1543	2	False	False
s1647	11564	4	True	False
s104958	131	4	True	False
s105135	173	3	True	False
s105698	7	3	True	False
s134714	5	2	False	False
s4134	7659	4	True	False
s82913	365	4	True	False
s1011	70	2	False	False
s139622	584	2	False	False
s4176	6	2	False	False
s82552	214	4	True	False
s134704	140	2	False	False
s81475	141	2	False	False
s1433	70	3	True	False
s3564	7374	4	True	False
s3864	3327	4	True	False
s125360	522	2	False	False
s82487	72	2	False	False
s137964	7	2	False	False
s2754	9	2	False	False
s3360	22092	4	True	False
s4331	42996	4	True	False
s120765	106	2	False	False
s105665	2121	3	True	False
s2842	170	2	False	False
s3416	1	2	False	False
s105103	5	2	False	False
s1086	33502	3	True	False
s83148	256	3	True	False
s26	1	2	False	False
s140215	1	2	False	False
s134799	80	4	True	False
s1945	7	3	True	False
s115062	124	2	False	False
s104994	973	2	False	False
s2538	5187	4	True	False
s3653	65442	4	True	False
s2801	52	2	False	False
s143368	51	2	False	False
s2541	101820	4	True	False
s3284	43	2	False	False
s120864	330	2	False	False
